0,-2.1179,2.64,534504.000,0.000,0.000,0.000,166163.000,0.000,0.000,321831.000,108754.000,0.000,0.000,112794.000,0.000,0.000,358913.000,101879.000,12096.000,0.000,0.000,130214.000,0.000,0.000,216945.000,152231.000,43395.000,0.000,0.000,97324.000,0.000,213833.000,108768.000,61225.000,0.000,0.000,119215.000,0.000,0.000,181874.000,96020.000,78270.000,0.000,0.000,87385.000,0.000,0.000,329802.000,95593.000,0.000,0.000,96382.000,0.000,0.000,198443.000,115509.000,0.000,108297.000,0.000,101197.000,0.000,162146.000,83082.000,0.000,119267.000,0.000,76001.000,0.000,0.000,0.000,197993.000,0.000,159558.000,0.000,67048.000,0.000,0.000,107752.000,62964.000,155962.000,0.000,60447.000,0.000,0.000,90152.000,0.000,56940.000,0.000,149006.000,0.000,55191.000,0.000,76535.000,0.000,54269.000,141897.000,0.000,52899.000,0.000,68351.000,0.000,49606.000,0.000,143729.000,0.000,48917.000,0.000,63211.000,0.000,46766.000,146163.000,0.000,46841.000,0.000,0.000,57871.000,44987.000,0.000,140183.000,0.000,46017.000,0.000,51796.000,0.000,45209.000,0.000,133095.000,44154.000,0.000,0.000,45538.000,43945.000,0.000,0.000,133331.000,40286.000,0.000,0.000,38863.000,37310.000,0.000,137172.000,0.000,33343.000,0.000,31511.000,30552.000,0.000,0.000,139415.000,27460.000,0.000,0.000,26126.000,25536.000,0.000,0.000,144213.000,24415.000,0.000,20459.000,24332.000,0.000,0.000,0.000,135659.000,24178.000,17222.000,0.000,0.000,24211.000,0.000,132164.000,0.000,23704.000,0.000,15301.000,21457.000,0.000,0.000,125022.000,19847.000,0.000,14231.000,0.000,19757.000,0.000,120874.000,0.000,19071.000,13997.000,0.000,18458.000,0.000,0.000,0.000,123573.000,0.000,13645.000,0.000,16311.000,0.000,0.000,98828.000,15017.000,0.000,13945.000,0.000,13624.000,0.000,0.000,104080.000,0.000,14809.000,0.000,12631.000,0.000,0.000,69032.000,11570.000,0.000,17795.000,0.000,11186.000,0.000,0.000,10432.000,49740.000,29845.000,0.000,10290.000,0.000,0.000,0.000,52599.000,0.000,1255207.000,0.000,13864.000,0.000,0.000,28888.000,38441.000,0.000,0.000,0.000,1237720.000,0.000,0.000,43116.000,0.000,0.000,0.000,0.000,0.000,0.000,0.000,1313991.000
173,-2.118,2.640,534504.000,0.000,0.000,0.000,166163.000,0.000,0.000,321831.000,108754.000,0.000,0.000,112794.000,0.000,0.000,358913.000,101879.000,12096.000,0.000,0.000,130214.000,0.000,0.000,216945.000,152231.000,43395.000,0.000,0.000,97324.000,0.000,213833.000,108768.000,61225.000,0.000,0.000,119215.000,0.000,0.000,181874.000,96020.000,78270.000,0.000,0.000,87385.000,0.000,0.000,329802.000,95593.000,0.000,0.000,96382.000,0.000,0.000,198443.000,115509.000,0.000,108297.000,0.000,101197.000,0.000,162146.000,83082.000,0.000,119267.000,0.000,76001.000,0.000,0.000,0.000,197993.000,0.000,159558.000,0.000,67048.000,0.000,0.000,107752.000,62964.000,155962.000,0.000,60447.000,0.000,0.000,90152.000,0.000,56940.000,0.000,149006.000,0.000,55191.000,0.000,76535.000,0.000,54269.000,141897.000,0.000,52899.000,0.000,68351.000,0.000,49606.000,0.000,143729.000,0.000,48917.000,0.000,63211.000,0.000,46766.000,146163.000,0.000,46841.000,0.000,0.000,639871.000,44987.000,0.000,140183.000,0.000,46017.000,0.000,51796.000,0.000,45209.000,0.000,133095.000,44154.000,0.000,0.000,45538.000,43945.000,0.000,0.000,133331.000,40286.000,0.000,0.000,38863.000,37310.000,0.000,137172.000,0.000,33343.000,0.000,31511.000,30552.000,0.000,0.000,139415.000,27460.000,0.000,0.000,26126.000,25536.000,0.000,0.000,144213.000,24415.000,0.000,20459.000,24332.000,0.000,0.000,0.000,135659.000,24178.000,17222.000,0.000,0.000,24211.000,0.000,132164.000,0.000,23704.000,0.000,15301.000,21457.000,0.000,0.000,125022.000,19847.000,0.000,14231.000,0.000,19757.000,0.000,120874.000,0.000,19071.000,13997.000,0.000,18458.000,0.000,0.000,0.000,123573.000,0.000,13645.000,0.000,16311.000,0.000,0.000,98828.000,15017.000,0.000,13945.000,0.000,13624.000,0.000,0.000,104080.000,0.000,14809.000,0.000,12631.000,0.000,0.000,69032.000,11570.000,0.000,17795.000,0.000,11186.000,0.000,0.000,10432.000,49740.000,29845.000,0.000,10290.000,0.000,0.000,0.000,52599.000,0.000,1255207.000,0.000,13864.000,0.000,0.000,28888.000,38441.000,0.000,0.000,0.000,1237720.000,0.000,0.000,43116.000,0.000,0.000,0.000,0.000,0.000,0.000,0.000,1313991.000
174,-3.779,4.134,1.000,0.000,0.062,1.006,0.863,0.931,1.393,2.704,1.203,3.306,3.790,11.906,11.506,16.907,21.026,27.967,19.049,18.587,27.534,30.444,29.975,36.191,35.491,38.354,40.998,44.909,56.240,52.756,57.825,70.040,64.104,85.070,80.855,105.572,95.360,104.589,92.838,123.702,147.409,120.100,127.781,140.488,134.178,153.406,182.383,199.159,207.941,220.671,257.232,263.487,613.785,16653.420,3270.611,979.345,457.041,470.576,462.834,464.736,533.074,553.800,572.633,660.726,675.676,818.458,871.086,921.429,1007.173,1037.417,1094.800,1122.124,1160.514,1298.869,1800.992,1606.433,1674.412,1696.421,1817.031,1883.505,2037.245,2527.314,2236.265,2588.389,4740.516,36944.105,5566.257,3499.780,4041.097,6068.542,21127.203,5491.994,6379.451,10759.253,32636.777,235758.641,63449.539,66502.234,98686.156,149102.062,249457.562,249560.953,32207.307,14994.744,14830.232,17403.236,35633.258,26668.393,41963.047,30923.137,35110.688,38889.219,44992.117,53609.457,61206.875,90492.656,286239.500,127656.234,115084.578,148232.188,153878.344,179137.875,238706.094,1078483.375,6123350.000,469460.438,266981.812,234676.031,551371.750,904174.000,777425.062,759025.125,1610914.875,2099865.500,1488301.250,828613.375,845356.312,670151.188,561393.062,267361.938,203000.750,182248.672,171629.688,136067.672,118860.727,109391.188,101885.117,143523.203,314763.188,107346.125,66145.680,74947.016,228228.266,97545.391,50176.117,40386.148,38515.086,38688.430,46613.363,95756.156,109929.828,277826.812,109329.422,73582.789,69051.734,69610.172,73663.250,76605.781,75206.672,78777.172,137479.766,89052.469,69481.297,63136.082,62634.895,76342.961,74630.703,53508.383,51610.883,51269.691,80023.062,253109.562,57924.664,66095.859,51391.703,51699.414,44162.008,40031.406,39396.992,42031.980,40406.988,44940.879,39658.316,28487.133,13539.443,1678.217,1043.763,930.554,897.583,784.893,712.900,702.838,622.906,583.055,491.370,450.568,438.292,381.913,331.800,276.647,285.141,241.959,198.453,170.421,151.216,147.619,127.962,121.638,97.531,82.488,88.592,70.910,69.747,71.101,69.620,58.163,41.851,48.460,52.978,46.945,41.592,35.675,35.869,36.777,19.651,27.527,26.599,21.917,19.643,10.133,13.924,12.590,8.876,5.228,9.817,12.296,6.443,10.110,8.501,4.572,7.062,5.613,6.387,1.000,3.000,2.000,5.000,5.000
175,-0.378,4.134,3.535,20.645,90.007,185.213,276.324,442.315,659.394,1371.969,3706.790,19444.939,3699.636,5345.659,8041.336,13279.947,52489.008,77167.719,478455.562,664762.812,218798.250,375069.875,1399483.250,6729325.000,475701.312,168690.469,162935.938,144050.234,126962.156,132638.281,343520.625,285180.062,487325.844,527927.625,518312.406,346657.719,462410.188,979197.875,856212.625,1195552.500,1127975.375,912114.250,546255.250,434926.812,592660.500,331019.344,289901.500,431222.031,211941.438,349128.500,139473.781,117911.602,108414.469,105582.359,97562.875,103113.367,83923.312,74124.008,69378.094,65217.461,62809.438,60373.531,57516.039,71941.703,75139.289,70468.812,262662.594,81623.203,40488.195,36442.711,34980.559,46864.402,38860.820,220211.719,54799.625,32520.754,25849.254,24004.512,22627.523,22311.469,21471.717,21449.188,21956.074,24598.436,48298.984,56258.688,72718.156,39991.289,56431.145,252698.734,66082.688,41597.281,41118.211,38530.156,41183.543,39118.133,41662.477,41147.629,43570.652,42711.055,41968.742,43008.957,41772.531,60781.977,76990.422,75868.320,41671.426,39506.395,38210.230,36133.172,35553.273,35238.621,36026.441,49712.160,35925.266,47763.562,31238.760,28712.234,29440.383,28608.906,28774.920,29957.225,47167.355,233177.125,45946.117,29955.715,28303.734,29315.590,43810.102,28963.395,29031.029,29078.191,25443.955,23412.811,22480.602,22264.295,22708.285,22952.023,25108.873,22457.586,23639.084,25944.436,24440.006,22164.258,16990.520,14093.949,9284.911,2450.151,756.777,606.167,591.164,545.679,528.504,522.121,470.122,447.784,416.332,392.894,425.764,368.945,330.619,354.547,350.849,314.068,259.971,251.740,265.799,247.541,236.223,218.517,199.293,181.946,178.723,131.342,179.608,140.498,135.119,130.085,110.710,100.485,94.551,87.698,68.141,86.350,91.184,70.162,72.577,64.723,57.014,51.069,46.231,39.046,56.292,45.123,35.364,41.278,42.856,44.138,33.736,42.016,26.282,35.265,23.015,26.511,25.814,28.427,33.836,33.728,22.569,20.066,28.528,17.486,20.733,21.507,20.226,17.543,10.728,15.807,11.515,19.198,15.478,10.006,13.311,11.633,9.888,5.731,7.097,8.890,6.336,7.567,6.172,4.204,2.603,4.919,2.084,10.656,5.317,3.532,4.236,6.676,3.724,6.268,3.504,1.089,4.000,3.000,4.000,2.375,5.625,1.000,0.000,2.000,1.000,2.000,2.000,3.000,2.000,3.000
176,-340282346638528859811704183484516925440.000,4.134,2352000.000,0.000,0.000,0.000,0.000,0.000,0.000,0.000,0.000,0.000,0.000,0.000,0.000,0.000,0.000,0.000,0.000,0.000,0.000,0.000,0.000,0.000,0.000,0.000,0.000,0.000,0.000,0.000,0.000,0.000,0.000,0.000,0.000,0.000,0.000,0.000,0.000,0.000,0.000,0.000,0.000,0.000,0.000,0.000,0.000,0.000,0.000,0.000,0.000,0.000,0.000,0.000,0.000,0.000,0.000,0.000,0.000,0.000,0.000,0.000,0.000,0.000,0.000,0.000,0.000,0.000,0.000,0.000,0.000,0.000,0.000,0.000,0.000,0.000,0.000,0.000,0.000,0.000,0.000,0.000,0.000,0.000,0.000,0.000,0.000,0.000,0.000,0.000,0.000,0.000,0.000,0.000,0.000,0.000,0.000,0.000,0.000,0.000,0.000,0.000,0.000,0.000,0.000,0.000,0.000,0.000,0.000,0.000,0.000,0.000,0.000,0.000,0.000,0.000,0.000,0.000,0.000,0.000,0.000,0.000,0.000,0.000,0.000,0.000,0.000,0.000,0.000,0.000,0.000,0.000,0.000,0.000,0.000,0.000,0.000,0.000,0.000,0.000,0.000,0.000,0.000,0.000,0.000,0.000,0.000,0.000,0.000,0.000,0.000,0.000,0.000,0.000,0.000,0.000,0.000,0.000,0.000,0.000,0.000,0.000,0.000,0.000,0.000,0.000,0.000,0.000,0.000,0.000,0.000,0.000,0.000,0.000,0.000,0.000,0.000,0.000,0.000,0.000,0.000,0.000,0.000,0.000,0.000,0.000,0.000,0.000,0.000,0.000,0.000,0.000,0.000,0.000,0.000,0.000,0.000,0.000,0.000,0.000,0.000,0.000,0.000,0.000,0.000,0.000,0.000,0.000,0.000,0.000,0.000,0.000,0.000,0.000,0.000,0.000,0.000,0.000,0.000,0.000,0.000,0.000,0.000,0.000,0.000,0.000,0.000,0.000,0.000,0.000,0.000,0.000,0.000,0.000,0.000,0.000,0.000,0.000,0.000,0.000,0.000,0.000,0.000,0.000,0.000,0.000,0.000,0.000,0.000,0.000,0.000,0.000,0.000,0.000,0.000,0.000,0.000,16777216.000
177,-0.106,4.134,9674.048,161386.828,121030.914,20970.471,81326.852,247908.484,1671909.750,94448.109,37022.688,34889.672,33165.344,27102.496,20207.172,26853.598,72110.047,90226.344,52888.570,138526.156,57495.148,45574.496,60376.074,161270.812,130159.625,224502.281,263853.625,264873.000,185290.047,147963.328,172070.438,138391.219,104409.617,121283.508,82868.203,96085.641,59159.078,43937.816,38481.523,34926.945,32921.219,30374.443,35958.930,26913.867,23974.869,22210.404,20654.215,19514.414,18680.250,18504.961,17394.477,26043.701,18236.934,71083.062,49167.645,19555.674,15433.709,13235.677,12665.359,20000.891,10219.474,12823.361,40108.156,10048.678,8853.301,8687.883,8119.678,7826.307,7645.563,7254.266,7281.988,7089.606,7208.742,16814.779,17759.557,10459.330,9094.057,11588.928,69209.711,15314.925,11538.878,11668.995,11541.454,10717.930,11781.412,10966.703,12214.192,11344.586,12347.547,12095.293,12305.357,12152.509,11960.012,21282.402,23058.275,38673.211,12989.803,11906.805,11330.005,11156.447,10465.353,10657.027,10431.099,11022.272,10432.721,10308.260,9689.953,9227.650,8578.787,9153.255,8801.781,8855.488,8961.145,9830.340,22789.258,80776.281,9305.318,7977.116,8896.550,16756.449,9610.947,8637.611,9048.668,8819.453,7857.133,7384.936,7027.320,6811.183,6823.235,7054.779,7630.444,7581.187,6924.411,7463.038,8675.663,7353.676,7701.841,5983.186,5427.377,3851.792,1353.236,757.925,692.584,738.353,646.109,641.390,644.921,570.163,622.590,542.203,562.568,504.926,589.304,448.589,430.336,457.622,453.928,450.402,359.805,342.214,347.107,339.174,331.472,305.748,250.518,286.752,232.492,199.803,198.986,222.938,216.200,179.677,193.897,137.926,140.894,135.713,119.456,96.970,129.128,114.243,110.901,99.978,85.827,79.913,104.462,43.437,49.622,58.834,61.393,60.085,47.968,40.474,43.767,58.705,34.948,43.681,33.662,51.659,21.283,27.887,24.486,30.105,27.247,31.212,32.948,28.177,31.193,35.925,18.887,22.202,26.613,21.307,24.621,5.267,18.373,20.472,19.250,17.143,21.322,14.560,11.241,12.427,15.259,7.326,11.067,11.661,9.164,11.197,8.135,2.062,4.198,3.705,4.054,7.360,13.021,6.196,7.413,3.687,5.357,4.919,7.021,2.019,1.007,3.000,1.000,2.000,3.000,5.670,2.330,0.000,1.000,1.000,0.000,2.000,4.000,3.000,4.000,10.000
178,-0.106,4.134,9674.048,161386.828,121030.914,20970.471,82890.609,320017.188,2754865.000,134705.938,40015.562,35009.949,33166.734,27102.496,20207.172,26853.598,72110.047,90226.344,52888.570,138526.156,57495.148,45574.496,60376.074,161270.812,130159.625,224502.281,263853.625,264873.000,185290.047,147963.328,172070.438,138391.219,104409.617,121283.508,82868.203,96085.641,59159.078,43937.816,38481.523,34926.945,32921.219,30374.443,35958.930,26913.867,23974.869,22210.404,20654.215,19514.414,18680.250,18504.961,17394.477,26043.701,18236.934,71083.062,49167.645,19555.674,15433.709,13235.677,12665.359,20000.891,10219.474,12823.361,40108.156,10048.678,8853.301,8687.883,8119.678,7826.307,7645.563,7254.266,7281.988,7089.606,7208.742,16814.779,17759.557,10459.330,9094.057,11588.928,69209.711,15314.925,11538.878,11668.995,11541.454,10717.930,11781.412,10966.703,12214.192,11344.586,12347.547,12095.293,12305.357,12152.509,11960.012,21282.402,23058.275,38673.211,12989.803,11906.805,11330.005,11156.447,10465.353,10657.027,10431.099,11022.272,10432.721,10308.260,9689.953,9227.650,8578.787,9153.255,8801.781,8855.488,8961.145,9830.340,22789.258,80776.281,9305.318,7977.116,8896.550,16756.449,9610.947,8637.611,9048.668,8819.453,7857.133,7384.936,7027.320,6811.183,6823.235,7054.779,7630.444,7581.187,6924.411,7463.038,8675.663,7353.676,7701.841,5983.186,5427.377,3851.792,1353.236,757.925,692.584,738.353,646.109,641.390,644.921,570.163,622.590,542.203,562.568,504.926,589.304,448.589,430.336,457.622,453.928,450.402,359.805,342.214,347.107,339.174,331.472,305.748,250.518,286.752,232.492,199.803,198.986,222.938,216.200,179.677,193.897,137.926,140.894,135.713,119.456,96.970,129.128,114.243,110.901,99.978,85.827,79.913,104.462,43.437,49.622,58.834,61.393,60.085,47.968,40.474,43.767,58.705,34.948,43.681,33.662,51.659,21.283,27.887,24.486,30.105,27.247,31.212,32.948,28.177,31.193,35.925,18.887,22.202,26.613,21.307,24.621,5.267,18.373,20.472,19.250,17.143,21.322,14.560,11.241,12.427,15.259,7.326,11.067,11.661,9.164,11.197,8.135,2.062,4.198,3.705,4.054,7.360,13.021,6.196,7.413,3.687,5.357,4.919,7.021,2.019,1.007,3.000,1.000,2.000,3.000,5.670,2.330,0.000,1.000,1.000,0.000,2.000,4.000,3.000,4.000,10.000
179,-1.614,2.249,2.440,5.581,8.157,8.048,9.244,17.413,21.401,25.457,27.753,30.577,45.241,48.473,58.952,55.539,45.292,40.633,36.119,40.181,78.328,130.267,173.667,210.220,260.429,359.867,496.427,603.943,818.839,1104.562,1394.407,1680.342,1979.308,2192.074,2259.955,2365.503,2605.832,3096.385,3110.581,2019.945,1060.202,824.275,768.655,739.322,699.342,669.855,656.634,643.307,650.801,643.024,650.666,617.721,616.136,602.941,603.379,627.180,636.033,660.514,622.422,634.181,675.133,721.637,711.865,759.798,753.447,766.724,835.943,919.455,1003.750,1084.675,1203.103,1273.199,1289.957,1445.934,1715.413,3056.661,7171.706,3397.191,2819.052,5120.789,5170.936,2980.656,2979.864,3729.225,3862.484,4739.670,3705.043,3908.408,4378.954,5243.693,7274.857,10669.043,10336.151,7154.363,6961.269,7172.331,7427.176,8917.292,10797.860,11520.562,14842.645,19053.453,23489.160,31002.000,45373.133,54819.191,56227.711,90505.383,265892.812,260840.000,109022.602,59747.281,43486.812,30198.814,21353.348,17260.443,14514.654,13104.382,12164.079,11611.723,12624.809,14344.848,14653.750,14502.086,14147.378,12831.955,9175.576,6711.364,5877.105,5621.011,5577.842,5768.285,6928.699,7057.233,10404.488,12408.858,9085.560,11787.254,7892.107,5376.908,3464.025,3170.133,3274.657,4027.967,4791.596,4039.830,8355.630,6777.684,2767.133,2312.557,2157.886,2032.465,1964.025,1892.757,1804.960,1768.337,1769.291,1717.501,1733.480,1669.489,1617.106,1618.076,1593.283,1592.834,1613.214,1676.884,1666.278,1721.297,2099.412,2736.388,3195.472,3223.105,3080.113,3327.010,4251.200,4514.306,3594.534,2253.888,1397.934,1229.672,1164.195,1103.588,986.189,905.280,871.915,828.985,767.190,759.790,722.689,734.180,745.826,731.293,730.558,723.599,710.556,695.314,665.763,655.705,699.680,736.776,631.250,422.032,360.151,351.473,346.075,314.382,291.144,262.925,271.420,278.373,270.826,258.129,232.706,217.569,191.715,213.510,213.222,215.098,190.388,176.399,151.445,139.188,134.770,127.153,116.024,111.081,106.784,108.463,95.785,85.988,87.105,88.449,85.792,82.735,87.504,81.924,83.017,84.357,91.184,89.964,89.429,84.058,80.389,89.352,87.796,73.526,52.576,43.514,48.092,49.856,28.077,13.292,10.723,17.541,11.572,1.000,0.000,2.000
180,-2.993,1.395,1.000,0.003,0.589,0.408,0.000,0.000,0.000,0.000,0.000,0.000,0.003,0.104,0.695,0.204,0.143,0.707,0.145,0.000,0.001,1.031,0.472,2.255,3.190,3.301,2.426,2.553,2.566,3.328,2.501,3.025,5.993,4.072,5.743,8.634,12.207,16.490,14.973,12.477,17.799,20.377,23.771,23.303,20.602,24.032,22.142,20.414,26.953,30.165,36.130,39.802,45.750,34.972,46.263,49.715,59.883,55.775,54.355,54.950,58.874,64.921,75.788,75.229,87.721,79.544,70.649,83.282,95.148,112.562,111.387,127.398,145.450,148.614,172.858,191.172,186.329,217.114,223.253,258.848,264.015,273.832,286.458,337.576,369.136,390.741,402.550,431.998,465.999,455.882,505.480,614.757,627.052,639.288,713.407,747.078,769.430,824.670,866.761,917.865,990.295,1042.729,1088.153,1170.026,1287.895,1510.562,2751.951,6128.013,3380.886,3490.898,6651.762,3207.220,2207.060,2108.759,2270.893,2626.917,2568.111,2708.577,2826.201,3059.315,3310.187,3495.878,3962.635,4431.145,4592.985,4969.626,5557.200,5291.628,6128.485,9897.186,9250.494,8890.359,11205.649,9535.767,11163.533,9266.740,11903.117,9850.865,12440.990,10805.104,10558.628,13578.166,10213.379,9242.648,9425.519,9821.576,10468.629,13177.963,20084.262,17639.605,17442.611,13484.471,13259.813,13605.998,14433.758,15550.298,17884.746,21320.141,19155.531,19835.609,24444.521,25882.164,36830.715,50366.809,34772.781,30648.863,32126.836,36698.188,47834.246,72600.781,82507.969,106540.414,132495.312,193629.781,212797.312,411485.875,835379.375,525158.625,324573.438,261112.281,197086.000,168933.812,174575.344,176220.938,108625.938,103440.297,158270.172,146170.844,115014.688,123767.766,102722.984,116838.141,132054.188,158417.094,131996.609,106225.039,80030.039,73990.773,72978.531,59362.516,47004.398,37327.578,30130.311,28163.590,26218.012,23886.727,24023.789,27211.574,21087.391,12593.084,8541.101,7079.731,6638.895,6519.619,7274.861,12332.823,41122.305,22397.475,7701.514,2504.029,2061.004,1845.823,1580.412,1379.885,1203.406,1060.187,881.879,737.256,625.523,507.421,410.924,339.010,267.985,233.159,212.714,167.139,129.646,91.460,64.024,56.801,48.725,35.558,32.496,27.418,24.586,19.452,16.737,12.164,12.577,8.783,3.386,3.516,4.333,2.763,0.970,1.246,0.742,1.258
181,-0.299,1.395,1.384,0.647,0.491,1.019,1.081,7.441,9.351,17.780,29.235,55.852,77.730,99.178,128.532,172.685,214.559,266.209,319.867,434.715,602.210,815.068,1076.006,1446.968,1853.320,2456.603,3073.391,3971.186,6294.186,13198.342,14275.900,10554.908,12712.913,17104.238,23853.307,35808.125,40944.906,42299.195,43102.969,48656.645,60605.898,62703.984,84694.164,129555.914,181844.297,373921.000,746135.500,919212.125,297083.812,144688.250,138804.812,119620.156,113002.883,116159.961,100878.398,90634.344,78588.758,71191.062,66898.016,63367.832,61374.629,64868.164,60473.246,64434.582,92596.414,81760.133,46375.312,33720.531,30333.074,29841.176,31350.680,38826.984,67579.180,83146.547,75960.859,55160.473,40350.750,38041.461,43126.281,49059.594,52308.320,51698.918,34954.969,32979.266,37629.156,44984.000,49611.625,48416.020,46074.820,54203.328,84884.109,60854.055,49662.352,47367.918,46340.504,44500.102,40903.738,34603.586,29526.852,26897.492,26332.535,30815.555,26874.836,29934.211,30912.543,25070.285,22828.904,20064.014,18486.285,19661.039,13375.875,16034.791,12395.860,10800.571,10784.223,10896.958,11047.110,11060.253,10742.619,10060.814,9556.126,9238.641,8824.318,8498.974,8963.084,12373.673,9140.111,11450.462,8620.871,10856.652,7030.530,4731.910,4176.009,3577.876,3207.128,3086.798,2802.930,2652.757,2592.956,2542.903,2510.764,2523.396,2476.432,2438.743,2358.547,2417.731,2511.797,2608.675,3233.347,6945.664,20829.793,42973.449,3031.404,1329.079,1067.481,997.733,916.998,976.980,883.766,852.078,798.256,779.372,758.927,734.581,671.812,604.186,585.928,569.133,528.448,503.557,477.914,457.011,446.481,400.536,407.814,364.684,324.198,311.821,290.371,276.446,246.320,233.927,228.049,208.360,197.159,172.010,164.591,147.709,132.669,125.707,120.262,106.857,93.327,92.873,94.712,80.584,90.218,80.230,74.244,65.493,62.257,50.638,47.482,42.857,34.821,33.237,28.821,22.757,19.043,24.327,22.755,19.587,16.911,17.901,15.771,12.097,14.543,12.373,7.904,11.423,10.506,11.274,10.531,10.464,9.561,6.717,3.987,5.189,6.871,7.769,6.338,2.764,3.510,5.855,3.899,4.105,4.016,2.402,0.558,0.333,1.500,0.232,1.112,3.776,1.740,0.235,0.854,1.146,0.000,0.365,0.567,0.068,1.000,0.000,0.000,0.922,0.078,1.000
182,-0.299,1.395,1.384,0.647,0.491,1.019,1.081,7.441,9.351,17.780,29.235,55.852,77.730,99.178,128.532,172.685,214.559,266.209,319.867,434.715,602.210,815.068,1076.006,1446.968,1853.320,2456.603,3073.391,3971.186,6294.186,13198.342,14275.900,10554.908,12712.913,17104.238,23853.307,35808.125,40944.906,42299.195,43102.969,48656.645,60605.902,62704.191,84712.938,130258.367,189760.641,432888.438,1017733.500,1603496.125,458884.625,157744.469,140427.297,119653.328,113002.906,116159.961,100878.398,90634.344,78588.758,71191.062,66898.016,63367.832,61374.629,64868.164,60473.246,64434.582,92596.414,81760.133,46375.312,33720.531,30333.074,29841.176,31350.680,38826.984,67579.180,83146.547,75960.859,55160.473,40350.750,38041.461,43126.281,49059.594,52308.320,51698.918,34954.969,32979.266,37629.156,44984.000,49611.625,48416.020,46074.820,54203.328,84884.109,60854.055,49662.352,47367.918,46340.504,44500.102,40903.738,34603.586,29526.852,26897.492,26332.535,30815.555,26874.836,29934.211,30912.543,25070.285,22828.904,20064.014,18486.285,19661.039,13375.875,16034.791,12395.860,10800.571,10784.223,10896.958,11047.110,11060.253,10742.619,10060.814,9556.126,9238.641,8824.318,8498.974,8963.084,12373.673,9140.111,11450.462,8620.871,10856.652,7030.530,4731.910,4176.009,3577.876,3207.128,3086.798,2802.930,2652.757,2592.956,2542.903,2510.764,2523.396,2476.432,2438.743,2358.547,2417.731,2511.797,2608.675,3233.347,6945.664,20829.793,42973.449,3031.404,1329.079,1067.481,997.733,916.998,976.980,883.766,852.078,798.256,779.372,758.927,734.581,671.812,604.186,585.928,569.133,528.448,503.557,477.914,457.011,446.481,400.536,407.814,364.684,324.198,311.821,290.371,276.446,246.320,233.927,228.049,208.360,197.159,172.010,164.591,147.709,132.669,125.707,120.262,106.857,93.327,92.873,94.712,80.584,90.218,80.230,74.244,65.493,62.257,50.638,47.482,42.857,34.821,33.237,28.821,22.757,19.043,24.327,22.755,19.587,16.911,17.901,15.771,12.097,14.543,12.373,7.904,11.423,10.506,11.274,10.531,10.464,9.561,6.717,3.987,5.189,6.871,7.769,6.338,2.764,3.510,5.855,3.899,4.105,4.016,2.402,0.558,0.333,1.500,0.232,1.112,3.776,1.740,0.235,0.854,1.146,0.000,0.365,0.567,0.068,1.000,0.000,0.000,0.922,0.078,1.000
183,-2.422,2.153,1.000,0.000,0.000,0.000,0.000,0.000,0.000,0.000,0.000,0.000,0.000,0.000,0.000,0.000,0.000,0.000,0.000,1.000,0.000,0.007,0.159,0.835,0.013,0.289,2.706,2.600,2.510,1.499,1.492,5.927,6.345,2.539,4.679,3.329,4.089,2.950,4.671,6.348,7.612,16.752,13.652,20.106,20.378,20.984,21.401,25.513,23.496,31.019,35.460,41.154,44.898,45.459,59.736,59.635,70.073,88.428,85.655,101.119,99.879,114.906,132.565,127.122,138.036,146.341,153.958,171.160,196.800,192.288,221.980,223.148,247.776,266.380,284.428,299.325,313.678,338.205,363.819,411.226,424.183,470.138,550.331,613.917,677.629,778.567,832.837,950.036,1060.450,1136.494,1223.163,1345.842,1487.599,1708.419,2772.933,2669.914,2654.745,2431.656,2482.470,2683.798,2895.561,3215.827,3739.586,4702.877,4131.573,5308.230,5288.125,6980.882,6221.243,7921.307,6765.446,5858.870,6058.964,7300.023,8238.169,8595.538,7728.439,8315.067,9395.095,10754.406,11606.511,13867.596,14470.413,15700.420,18620.297,24234.078,30403.396,34258.973,36262.020,44762.438,50267.777,50494.094,55258.664,58451.742,58384.031,57709.195,85752.312,180479.516,75853.875,43064.867,44175.926,54546.652,48630.867,44807.652,39833.809,34313.086,30155.217,26175.453,19291.828,18250.785,15287.219,13725.913,11443.326,10537.467,11881.685,10939.714,9248.140,10454.250,8683.989,8527.677,9556.926,7225.330,6746.039,8010.847,6736.395,6204.711,7064.970,5870.181,5446.226,6122.912,7548.389,4715.547,3964.130,3504.529,3645.585,4667.277,3831.257,3915.372,2835.376,3100.624,2099.624,1700.112,1581.893,1441.806,1336.956,1106.046,963.027,899.250,828.528,765.760,712.475,686.329,625.396,648.761,576.851,556.447,512.107,446.429,438.276,408.381,376.168,346.180,316.379,299.106,265.238,239.800,210.386,191.209,184.896,183.095,208.554,173.563,151.763,136.805,129.147,111.021,103.426,86.781,73.141,59.887,78.503,66.522,56.622,48.422,38.205,32.473,31.156,31.538,28.908,25.269,17.071,10.425,15.807,12.052,16.290,12.058,11.341,7.599,6.442,5.284,6.088,5.939,4.033,3.319,1.369,2.309,2.093,1.722,3.045,2.572,0.914,0.581,0.633,1.797,0.223,0.919,1.858,1.000
184,-1.988,1.588,3.018,2.023,5.012,5.949,1.178,2.920,7.426,6.074,8.322,14.901,20.839,13.968,15.935,25.959,31.420,28.844,30.543,38.060,28.429,33.099,28.001,36.040,34.870,37.655,26.791,28.142,29.394,24.292,33.461,42.678,34.368,34.001,28.405,31.723,31.226,31.511,35.844,33.558,36.557,36.208,36.677,43.450,45.239,27.175,37.336,44.393,38.648,53.812,38.690,52.756,49.472,57.804,47.486,39.396,51.094,64.424,91.438,83.339,114.757,117.845,140.594,144.299,158.032,162.976,167.614,170.663,176.806,194.885,220.727,248.348,289.195,332.879,366.255,387.327,444.656,533.745,632.446,669.334,746.310,805.080,905.123,1263.611,3524.851,1318.115,1250.110,1563.242,3732.037,1124.280,1131.265,1333.999,1772.729,1417.531,1505.794,1542.984,1624.573,1765.584,1860.549,1941.072,2027.293,2195.748,2434.077,2500.805,2631.485,2964.892,3283.779,4989.620,3631.820,3715.550,6048.625,4263.246,3883.179,4174.338,4407.220,6201.286,5416.898,6927.453,5404.649,7394.962,5957.928,6852.018,8294.813,6489.613,6988.018,7889.963,10093.382,8112.049,10325.549,10508.649,9530.545,9436.170,12174.044,11018.777,12648.072,14723.676,13489.124,15308.186,19242.461,20857.754,20762.580,19422.189,17046.441,18968.791,18673.906,21499.295,22969.227,23481.957,24477.805,27757.223,34540.152,39169.363,45046.277,50386.762,49427.289,48612.492,52656.992,50745.102,49402.062,45408.805,42852.375,40641.324,35350.254,30995.074,34465.398,30751.125,21929.723,21015.344,16862.062,17448.717,15616.879,15924.373,14501.756,22904.904,25633.980,19897.963,14336.598,13200.602,13878.823,14584.774,12431.885,10128.308,12061.179,11175.154,8149.845,8159.681,9820.404,9912.998,8711.407,9503.429,10862.681,11728.889,13577.469,13357.641,10775.593,8515.809,6277.659,5472.508,6329.683,4897.429,4306.478,4555.419,4842.031,5141.040,4384.148,2193.690,972.863,641.464,532.629,460.874,499.971,440.179,388.283,381.489,358.324,368.264,366.454,371.305,365.106,336.765,399.289,395.009,357.704,403.438,381.273,474.877,485.366,489.005,566.754,713.428,1080.000,1695.117,1915.865,1872.897,1442.529,1372.617,1120.727,617.195,413.837,268.725,145.795,93.278,48.024,32.118,19.808,14.973,11.631,13.107,7.845,2.554,2.345,2.937,2.590,3.794,3.000,2.000,0.340,3.660
185,-0.199,1.588,17.516,39.710,104.740,162.144,164.564,153.888,159.377,174.298,192.256,233.231,250.586,470.787,751.905,1026.798,1845.922,3446.872,8214.153,8802.058,7853.159,9859.348,13936.459,22246.637,24109.932,32408.238,39663.543,47833.082,64092.172,93037.398,49526.555,9593.269,11692.851,9963.959,12685.663,10620.268,10556.719,12758.342,12526.511,11861.963,11933.142,16327.965,18840.973,15709.539,18888.406,20700.799,19094.260,26862.551,23435.854,26986.508,25353.850,23497.887,23782.428,25105.871,27292.605,26077.852,25029.641,25755.840,26221.238,23148.281,22566.096,22291.273,21546.932,20897.477,20202.910,20260.412,17493.543,17554.668,15436.854,14801.653,18851.680,16264.528,18078.629,12283.013,11012.637,10498.957,11451.317,9326.147,8417.240,8097.443,8151.292,9277.460,7925.834,8994.332,7393.270,7157.474,6804.961,7233.858,12230.154,12701.089,11675.074,14275.582,9102.434,9426.530,7095.521,6669.818,6563.345,6450.132,7642.795,7516.044,5910.835,7405.797,6930.090,5515.628,4843.904,5063.459,4895.025,7192.141,6524.385,4714.540,4065.452,3968.078,4094.089,3934.386,4097.153,5653.959,4071.633,6033.654,4351.686,4339.297,4541.271,5066.463,5355.595,5520.022,5734.401,6032.498,7693.112,5910.686,5588.920,7766.977,5800.098,4911.129,4479.557,3907.736,3367.083,2798.571,2724.620,2661.267,2683.111,3959.083,2409.422,2190.942,2147.579,2148.635,2283.637,2253.077,2363.619,2543.739,2631.439,2505.550,2392.968,1992.284,1285.127,782.203,506.143,405.865,337.656,296.589,285.159,232.321,235.605,230.855,236.389,255.809,222.332,214.104,195.419,199.815,172.876,206.750,186.502,172.176,182.931,179.902,189.962,185.712,180.893,180.169,179.868,189.575,161.284,170.567,191.295,207.714,191.819,195.309,188.026,180.621,182.731,214.632,186.431,194.473,225.636,252.636,254.758,231.093,236.387,246.281,260.096,316.318,320.214,385.649,473.222,595.468,773.971,948.717,961.428,990.501,1024.843,852.636,709.468,706.319,668.868,699.959,633.618,492.170,344.762,245.042,221.771,194.292,153.252,110.107,72.669,71.008,50.217,39.188,27.198,23.859,15.487,13.669,8.406,12.013,10.143,4.401,4.189,7.084,5.344,8.197,5.912,1.381,1.036,1.641,0.359,1.646,1.003,2.018,0.710,1.546,2.775,1.303,1.000,2.000,1.000,1.000,0.000,0.000,2.681,1.319
186,-1.522,2.027,1.007,0.584,1.458,2.521,3.766,3.411,4.571,6.394,6.208,7.876,9.782,13.019,14.004,19.550,16.623,25.660,29.818,32.440,27.359,32.046,37.263,35.893,39.988,41.524,56.155,46.184,52.605,58.862,55.223,70.069,59.245,79.485,81.338,80.799,72.917,89.564,92.923,91.321,90.947,94.706,112.133,112.145,118.602,115.884,124.317,127.074,130.927,163.933,179.095,183.935,180.912,212.195,219.526,218.437,243.339,242.317,249.363,274.602,284.414,307.593,327.178,348.631,377.535,406.566,450.283,431.649,432.225,461.719,496.434,566.077,584.208,662.207,692.231,779.916,867.399,925.768,1061.659,3168.954,1497.128,1538.152,3196.882,1646.852,1582.464,1680.425,2044.685,2073.802,2443.360,2567.615,2463.844,3984.445,3947.627,4374.025,4052.756,3604.098,3922.490,4230.005,4786.241,6526.177,6365.134,6881.992,8661.808,10684.622,10673.334,13334.521,15368.216,16403.234,19216.471,20486.680,26994.355,72985.281,48004.723,35768.070,33978.715,34883.543,35386.930,34846.930,31404.934,30441.980,29445.012,29614.588,30430.369,34509.199,31982.486,27515.898,26210.420,25944.723,27792.068,27317.738,29244.746,31893.656,32566.129,30702.426,33482.062,30028.000,29317.543,33663.980,27617.328,25444.035,25286.977,25165.379,24753.930,25111.162,23806.379,22191.809,22609.055,24321.391,27333.961,25336.334,25121.658,23721.348,23223.844,19980.287,18760.369,16411.146,12040.850,10216.055,9793.059,9530.765,9899.192,9908.193,7957.131,7478.797,8821.869,7834.595,7636.870,7979.202,5727.537,4139.402,3643.786,2840.851,2480.200,2217.969,2074.200,1888.564,1699.801,1682.056,1902.053,3047.967,1703.927,1386.581,1294.546,1158.836,1142.105,1089.587,1022.710,1009.824,912.040,909.802,884.962,1160.173,2158.558,1040.939,715.540,589.535,635.192,719.120,1649.351,733.347,388.417,251.301,210.807,199.628,185.357,160.744,140.588,122.110,130.481,94.767,81.462,73.080,73.762,57.539,41.728,38.393,30.299,31.622,16.065,21.047,16.854,12.083,6.483,6.482,4.689,6.778,2.380,4.791,2.190,2.026,2.146,0.840,0.154,0.452,0.466,0.051,1.000,0.000,0.000,0.000,0.000,1.000,0.000,0.000,0.000,0.000,0.000,0.000,0.000,0.000,0.000,1.000,0.000,0.348,0.652,0.000,0.000,1.000
187,-0.152,2.027,16.215,57.617,147.885,235.355,358.645,490.688,651.696,893.227,1323.221,1800.085,2623.079,4269.556,8810.929,12979.539,20564.697,32283.178,66090.562,130076.797,53338.902,23293.965,19462.637,23034.266,20742.609,21125.455,21891.621,22140.785,21979.080,20912.412,18955.857,19110.348,18890.430,18006.695,17993.016,18015.883,17885.816,18544.445,21573.176,21730.402,19046.902,18369.598,16553.629,16009.021,15947.960,15719.981,16272.098,17702.727,16798.086,16526.148,18463.598,17657.076,21069.590,21207.635,18597.719,18486.426,21129.031,20154.277,18072.688,17811.502,17707.982,20428.168,20689.740,16733.139,15856.706,15013.142,15101.602,15797.881,15903.721,14638.260,15469.391,15617.488,15726.416,14059.397,13348.699,13505.006,13923.007,14347.711,15085.377,17196.955,16585.285,15495.229,16193.081,14489.819,14961.240,14754.688,13690.099,12972.510,11933.344,11558.206,10398.281,9297.434,7663.406,6503.173,5949.667,6147.471,5773.154,5912.583,6355.319,5826.712,5476.164,6529.363,4732.564,4525.192,4428.982,4742.260,6252.638,4689.981,4513.645,4688.360,5428.015,4200.625,3324.180,2614.077,2257.146,2328.134,1881.511,1661.580,1540.418,1418.897,1351.658,1326.619,1248.832,1176.084,1048.332,1032.996,1007.048,987.996,1036.963,1787.614,2209.133,955.220,818.209,829.640,832.139,766.915,718.934,704.396,678.828,662.100,681.323,623.392,616.736,616.554,565.100,572.212,560.501,521.113,523.022,542.389,843.852,2043.906,642.992,407.963,412.003,376.875,355.971,360.546,390.355,374.571,664.343,1468.084,455.776,217.815,183.049,158.841,146.816,130.561,129.146,112.010,114.669,111.335,96.817,91.598,83.665,80.858,67.933,78.804,72.423,48.823,52.593,52.020,38.374,46.871,43.627,40.154,24.960,25.596,23.340,18.714,19.222,22.477,15.171,10.449,13.619,11.745,12.452,7.248,7.967,4.676,3.636,2.938,4.333,2.075,5.469,4.136,0.920,1.557,2.004,2.094,1.488,1.576,2.029,0.412,0.623,0.365,0.012,0.000,0.360,0.504,0.133,0.003,1.000,0.000,0.000,0.000,0.000,0.000,0.000,0.000,1.000,0.000,0.000,0.000,0.000,0.000,0.000,0.000,0.000,0.000,0.000,0.000,0.000,0.000,0.000,0.000,0.000,1.000,0.000,0.000,0.000,0.454,0.546,0.000,0.000,0.000,0.000,1.000
188,-0.199,2.027,25.235,83.174,173.620,203.933,199.770,216.612,272.530,372.354,580.649,1036.203,1606.717,2846.427,5693.503,12318.744,11796.781,14454.387,22989.389,35823.992,49410.820,66448.172,95477.430,154176.734,225790.500,78564.156,34154.426,34434.180,37013.445,34265.391,36861.672,37929.090,37672.414,42097.070,42610.105,39534.727,44831.652,43810.617,49506.625,49495.203,50762.617,48366.754,50879.438,51506.730,56278.043,50623.906,49452.598,48282.488,45070.797,43915.711,43278.012,43856.008,42852.469,39419.312,40624.613,36837.039,40119.422,43975.301,41167.781,34263.156,33988.539,36034.453,30185.012,28802.674,28041.947,31017.342,32377.834,27573.225,25583.051,24158.137,24835.766,30128.738,32287.035,30918.840,28800.729,26961.074,25004.668,22444.406,21753.045,22909.855,23010.176,23776.131,23352.217,25822.180,22365.848,22136.691,24331.037,22534.266,20540.805,20726.988,18472.398,17001.793,18376.576,18125.223,15577.824,14528.677,12677.469,12261.512,12591.732,13108.919,13396.372,14687.686,14271.604,12907.152,15815.916,11552.037,10359.380,9500.002,8919.748,9825.445,8093.706,8055.467,9078.246,8528.821,7141.089,6089.790,5499.122,5175.337,5420.876,5171.033,4780.756,4383.571,3398.211,2459.477,1993.983,1736.141,1566.139,1422.738,1360.551,1311.810,1281.148,1474.393,3031.300,1480.513,1129.118,1062.803,1113.851,1031.904,1009.583,919.339,961.235,913.980,912.394,861.783,896.231,836.320,813.206,833.869,816.660,785.684,759.033,767.856,1092.168,2420.806,867.503,695.551,732.595,673.279,672.735,697.166,772.643,799.874,1076.438,2175.772,1534.009,1384.675,1392.347,1432.226,1211.067,1025.975,987.219,988.734,908.608,689.066,487.360,389.871,325.088,252.602,196.340,180.049,131.208,101.800,79.576,72.136,59.226,60.374,56.828,42.079,32.168,31.243,35.416,19.608,27.264,22.056,13.160,12.645,12.530,14.633,10.552,11.484,9.595,5.256,4.356,5.801,2.942,5.740,6.680,2.118,1.558,2.004,2.021,1.539,1.504,2.021,0.474,0.568,0.432,0.000,0.000,0.520,0.414,0.067,1.000,0.000,0.000,0.000,0.000,0.000,0.000,0.000,0.000,1.000,0.000,0.000,0.000,0.000,0.000,0.000,0.000,0.000,0.000,0.000,0.000,0.000,0.000,0.000,0.000,1.000,0.000,0.000,0.000,0.337,0.663,0.000,0.000,0.000,0.000,1.000
189,-0.199,2.027,25.235,83.174,173.620,203.933,199.770,216.612,272.530,372.354,580.649,1036.203,1606.717,2846.427,5693.503,12318.744,11796.781,14454.387,22989.389,35823.992,49410.820,66448.172,95477.430,154176.734,225790.500,78564.156,34154.426,34434.180,37013.445,34265.391,36861.672,37929.090,37672.414,42097.070,42610.105,39534.727,44831.652,43810.617,49506.625,49495.203,50762.617,48366.754,50879.438,51506.730,56278.043,50623.906,49452.598,48282.488,45070.797,43915.711,43278.012,43856.008,42852.469,39419.312,40624.613,36837.039,40119.422,43975.301,41167.781,34263.156,33988.539,36034.453,30185.012,28802.674,28041.947,31017.342,32377.834,27573.225,25583.051,24158.137,24835.766,30128.738,32287.035,30918.840,28800.729,26961.074,25004.668,22444.406,21753.045,22909.855,23010.176,23776.131,23352.217,25822.180,22365.848,22136.691,24331.037,22534.266,20540.805,20726.988,18472.398,17001.793,18376.576,18125.223,15577.824,14528.677,12677.469,12261.512,12591.732,13108.919,13396.372,14687.686,14271.604,12907.152,15815.916,11552.037,10359.380,9500.002,8919.748,9825.445,8093.706,8055.467,9078.246,8528.821,7141.089,6089.790,5499.122,5175.337,5420.876,5171.033,4780.756,4383.571,3398.211,2459.477,1993.983,1736.141,1566.139,1422.738,1360.551,1311.810,1281.148,1474.393,3031.300,1480.513,1129.118,1062.803,1113.851,1031.904,1009.583,919.339,961.235,913.980,912.394,861.783,896.231,836.320,813.206,833.869,816.660,785.684,759.033,767.856,1092.168,2420.806,867.503,695.551,732.595,673.279,672.735,697.166,772.643,799.874,1076.438,2175.772,1534.009,1384.675,1392.347,1432.226,1211.067,1025.975,987.219,988.734,908.608,689.066,487.360,389.871,325.088,252.602,196.340,180.049,131.208,101.800,79.576,72.136,59.226,60.374,56.828,42.079,32.168,31.243,35.416,19.608,27.264,22.056,13.160,12.645,12.530,14.633,10.552,11.484,9.595,5.256,4.356,5.801,2.942,5.740,6.680,2.118,1.558,2.004,2.021,1.539,1.504,2.021,0.474,0.568,0.432,0.000,0.000,0.520,0.414,0.067,1.000,0.000,0.000,0.000,0.000,0.000,0.000,0.000,0.000,1.000,0.000,0.000,0.000,0.000,0.000,0.000,0.000,0.000,0.000,0.000,0.000,0.000,0.000,0.000,0.000,1.000,0.000,0.000,0.000,0.337,0.663,0.000,0.000,0.000,0.000,1.000
190,-0.199,2.027,25.235,83.174,173.620,203.933,199.770,216.612,272.530,372.354,580.649,1036.203,1606.717,2846.427,5693.503,12318.744,11796.781,14454.387,22989.389,35823.992,49410.820,66448.172,95477.430,154176.734,225790.500,78564.156,34154.426,34434.180,37013.445,34265.391,36861.672,37929.090,37672.414,42097.070,42610.105,39534.727,44831.652,43810.617,49506.625,49495.203,50762.617,48366.754,50879.438,51506.730,56278.043,50623.906,49452.598,48282.488,45070.797,43915.711,43278.012,43856.008,42852.469,39419.312,40624.613,36837.039,40119.422,43975.301,41167.781,34263.156,33988.539,36034.453,30185.012,28802.674,28041.947,31017.342,32377.834,27573.225,25583.051,24158.137,24835.766,30128.738,32287.035,30918.840,28800.729,26961.074,25004.668,22444.406,21753.045,22909.855,23010.176,23776.131,23352.217,25822.180,22365.848,22136.691,24331.037,22534.266,20540.805,20726.988,18472.398,17001.793,18376.576,18125.223,15577.824,14528.677,12677.469,12261.512,12591.732,13108.919,13396.372,14687.686,14271.604,12907.152,15815.916,11552.037,10359.380,9500.002,8919.748,9825.445,8093.706,8055.467,9078.246,8528.821,7141.089,6089.790,5499.122,5175.337,5420.876,5171.033,4780.756,4383.571,3398.211,2459.477,1993.983,1736.141,1566.139,1422.738,1360.551,1311.810,1281.148,1474.393,3031.300,1480.513,1129.118,1062.803,1113.851,1031.904,1009.583,919.339,961.235,913.980,912.394,861.783,896.231,836.320,813.206,833.869,816.660,785.684,759.033,767.856,1092.168,2420.806,867.503,695.551,732.595,673.279,672.735,697.166,772.643,799.874,1076.438,2175.772,1534.009,1384.675,1392.347,1432.226,1211.067,1025.975,987.219,988.734,908.608,689.066,487.360,389.871,325.088,252.602,196.340,180.049,131.208,101.800,79.576,72.136,59.226,60.374,56.828,42.079,32.168,31.243,35.416,19.608,27.264,22.056,13.160,12.645,12.530,14.633,10.552,11.484,9.595,5.256,4.356,5.801,2.942,5.740,6.680,2.118,1.558,2.004,2.021,1.539,1.504,2.021,0.474,0.568,0.432,0.000,0.000,0.520,0.414,0.067,1.000,0.000,0.000,0.000,0.000,0.000,0.000,0.000,0.000,1.000,0.000,0.000,0.000,0.000,0.000,0.000,0.000,0.000,0.000,0.000,0.000,0.000,0.000,0.000,0.000,1.000,0.000,0.000,0.000,0.337,0.663,0.000,0.000,0.000,0.000,1.000
191,-0.199,2.027,25.235,83.174,173.620,203.933,199.770,216.612,272.530,372.354,580.649,1036.203,1606.717,2846.427,5693.503,12318.744,11796.781,14454.387,22989.389,35823.992,49410.820,66448.172,95477.430,154176.734,225790.500,78564.156,34154.426,34434.180,37013.445,34265.391,36861.672,37929.090,37672.414,42097.070,42610.105,39534.727,44831.652,43810.617,49506.625,49495.203,50762.617,48366.754,50879.438,51506.730,56278.043,50623.906,49452.598,48282.488,45070.797,43915.711,43278.012,43856.008,42852.469,39419.312,40624.613,36837.039,40119.422,43975.301,41167.781,34263.156,33988.539,36034.453,30185.012,28802.674,28041.947,31017.342,32377.834,27573.225,25583.051,24158.137,24835.766,30128.738,32287.035,30918.840,28800.729,26961.074,25004.668,22444.406,21753.045,22909.855,23010.176,23776.131,23352.217,25822.180,22365.848,22136.691,24331.037,22534.266,20540.805,20726.988,18472.398,17001.793,18376.576,18125.223,15577.824,14528.677,12677.469,12261.512,12591.732,13108.919,13396.372,14687.686,14271.604,12907.152,15815.916,11552.037,10359.380,9500.002,8919.748,9825.445,8093.706,8055.467,9078.246,8528.821,7141.089,6089.790,5499.122,5175.337,5420.876,5171.033,4780.756,4383.571,3398.211,2459.477,1993.983,1736.141,1566.139,1422.738,1360.551,1311.810,1281.148,1474.393,3031.300,1480.513,1129.118,1062.803,1113.851,1031.904,1009.583,919.339,961.235,913.980,912.394,861.783,896.231,836.320,813.206,833.869,816.660,785.684,759.033,767.856,1092.168,2420.806,867.503,695.551,732.595,673.279,672.735,697.166,772.643,799.874,1076.438,2175.772,1534.009,1384.675,1392.347,1432.226,1211.067,1025.975,987.219,988.734,908.608,689.066,487.360,389.871,325.088,252.602,196.340,180.049,131.208,101.800,79.576,72.136,59.226,60.374,56.828,42.079,32.168,31.243,35.416,19.608,27.264,22.056,13.160,12.645,12.530,14.633,10.552,11.484,9.595,5.256,4.356,5.801,2.942,5.740,6.680,2.118,1.558,2.004,2.021,1.539,1.504,2.021,0.474,0.568,0.432,0.000,0.000,0.520,0.414,0.067,1.000,0.000,0.000,0.000,0.000,0.000,0.000,0.000,0.000,1.000,0.000,0.000,0.000,0.000,0.000,0.000,0.000,0.000,0.000,0.000,0.000,0.000,0.000,0.000,0.000,1.000,0.000,0.000,0.000,0.337,0.663,0.000,0.000,0.000,0.000,1.000
192,-0.199,2.027,25.235,83.174,173.620,203.933,199.770,216.612,272.530,372.354,580.649,1036.203,1606.717,2846.427,5693.503,12318.744,11796.781,14454.387,22989.389,35823.992,49410.820,66448.172,95477.430,154176.734,225790.500,78564.156,34154.426,34434.180,37013.445,34265.391,36861.672,37929.090,37672.414,42097.070,42610.105,39534.727,44831.652,43810.617,49506.625,49495.203,50762.617,48366.754,50879.438,51506.730,56278.043,50623.906,49452.598,48282.488,45070.797,43915.711,43278.012,43856.008,42852.469,39419.312,40624.613,36837.039,40119.422,43975.301,41167.781,34263.156,33988.539,36034.453,30185.012,28802.674,28041.947,31017.342,32377.834,27573.225,25583.051,24158.137,24835.766,30128.738,32287.035,30918.840,28800.729,26961.074,25004.668,22444.406,21753.045,22909.855,23010.176,23776.131,23352.217,25822.180,22365.848,22136.691,24331.037,22534.266,20540.805,20726.988,18472.398,17001.793,18376.576,18125.223,15577.824,14528.677,12677.469,12261.512,12591.732,13108.919,13396.372,14687.686,14271.604,12907.152,15815.916,11552.037,10359.380,9500.002,8919.748,9825.445,8093.706,8055.467,9078.246,8528.821,7141.089,6089.790,5499.122,5175.337,5420.876,5171.033,4780.756,4383.571,3398.211,2459.477,1993.983,1736.141,1566.139,1422.738,1360.551,1311.810,1281.148,1474.393,3031.300,1480.513,1129.118,1062.803,1113.851,1031.904,1009.583,919.339,961.235,913.980,912.394,861.783,896.231,836.320,813.206,833.869,816.660,785.684,759.033,767.856,1092.168,2420.806,867.503,695.551,732.595,673.279,672.735,697.166,772.643,799.874,1076.438,2175.772,1534.009,1384.675,1392.347,1432.226,1211.067,1025.975,987.219,988.734,908.608,689.066,487.360,389.871,325.088,252.602,196.340,180.049,131.208,101.800,79.576,72.136,59.226,60.374,56.828,42.079,32.168,31.243,35.416,19.608,27.264,22.056,13.160,12.645,12.530,14.633,10.552,11.484,9.595,5.256,4.356,5.801,2.942,5.740,6.680,2.118,1.558,2.004,2.021,1.539,1.504,2.021,0.474,0.568,0.432,0.000,0.000,0.520,0.414,0.067,1.000,0.000,0.000,0.000,0.000,0.000,0.000,0.000,0.000,1.000,0.000,0.000,0.000,0.000,0.000,0.000,0.000,0.000,0.000,0.000,0.000,0.000,0.000,0.000,0.000,1.000,0.000,0.000,0.000,0.337,0.663,0.000,0.000,0.000,0.000,1.000
193,-0.159,2.027,1.000,3.574,19.393,58.746,219.170,493.076,829.062,1284.146,1819.663,2986.467,4093.624,5157.603,6892.365,11370.986,20972.141,30547.912,43809.492,64150.262,96245.078,37561.379,18937.404,16132.572,15630.665,16259.066,18446.369,17887.633,17891.383,18702.982,17950.387,17847.869,20531.096,18477.633,18329.359,17408.930,18121.299,18030.754,18665.482,21839.572,21808.635,17546.727,16509.324,17872.943,16854.398,15932.162,15426.834,15349.242,16372.812,15339.289,15376.662,15533.357,15310.069,20118.291,21433.871,16835.820,15485.286,16836.566,16432.494,15235.302,14911.029,16128.645,20256.990,16218.393,16202.426,14950.092,14377.993,16521.168,19413.326,20888.973,21398.980,17473.293,16235.781,16462.410,15769.082,16050.667,16759.035,16354.521,17948.254,17520.406,19039.467,16990.846,18203.547,18194.188,15786.653,15240.746,16050.306,14261.336,12733.062,12152.313,11648.996,9644.746,10307.756,9069.099,8615.303,8957.966,9425.115,9142.219,9170.530,10427.915,9191.703,9772.701,7943.426,7018.325,6351.832,5386.404,4696.010,4441.055,4193.439,3993.969,4171.096,4691.094,3327.156,3178.776,3227.613,3441.688,3580.233,3665.510,3465.780,2970.777,2089.771,1412.114,1078.949,941.926,853.797,796.741,709.421,702.192,679.452,693.111,638.829,591.545,550.274,572.952,584.006,539.929,524.768,486.870,516.127,508.299,474.949,474.810,499.476,456.201,454.683,477.600,451.092,434.095,421.617,423.028,454.749,433.550,413.516,454.754,465.629,450.856,437.637,462.613,486.917,540.500,618.821,744.514,954.425,1179.653,1292.956,1326.166,1223.421,1036.145,938.849,921.097,886.251,733.291,537.294,396.620,324.398,260.081,203.578,150.350,128.895,86.412,83.929,62.158,52.827,49.061,46.342,42.120,28.633,21.287,21.977,22.030,16.909,20.820,15.306,9.195,12.219,9.727,9.751,8.143,8.293,5.542,3.810,3.700,3.214,2.854,4.492,2.177,1.822,0.395,2.205,3.151,1.313,0.425,1.893,1.572,0.590,0.431,0.097,0.003,0.338,0.454,0.182,0.025,1.001,0.000,0.000,0.000,0.000,0.000,0.000,0.000,1.000,0.000,0.000,0.000,0.000,0.000,0.000,0.000,0.000,0.000,0.000,0.000,0.000,0.000,0.000,0.000,0.000,1.000,0.000,0.000,0.000,0.451,0.533,0.016,0.000,0.000,0.000,1.000
194,-0.159,2.027,1.000,3.574,19.393,58.746,219.170,493.076,829.062,1284.146,1819.663,2986.467,4093.624,5157.603,6892.365,11370.986,20972.141,30547.912,43809.492,64150.262,96245.078,37561.379,18937.404,16132.572,15630.665,16259.066,18446.369,17887.633,17891.383,18702.982,17950.387,17847.869,20531.096,18477.633,18329.359,17408.930,18121.299,18030.754,18665.482,21839.572,21808.635,17546.727,16509.324,17872.943,16854.398,15932.162,15426.834,15349.242,16372.812,15339.289,15376.662,15533.357,15310.069,20118.291,21433.871,16835.820,15485.286,16836.566,16432.494,15235.302,14911.029,16128.645,20256.990,16218.393,16202.426,14950.092,14377.993,16521.168,19413.326,20888.973,21398.980,17473.293,16235.781,16462.410,15769.082,16050.667,16759.035,16354.521,17948.254,17520.406,19039.467,16990.846,18203.547,18194.188,15786.653,15240.746,16050.306,14261.336,12733.062,12152.313,11648.996,9644.746,10307.756,9069.099,8615.303,8957.966,9425.115,9142.219,9170.530,10427.915,9191.703,9772.701,7943.426,7018.325,6351.832,5386.404,4696.010,4441.055,4193.439,3993.969,4171.096,4691.094,3327.156,3178.776,3227.613,3441.688,3580.233,3665.510,3465.780,2970.777,2089.771,1412.114,1078.949,941.926,853.797,796.741,709.421,702.192,679.452,693.111,638.829,591.545,550.274,572.952,584.006,539.929,524.768,486.870,516.127,508.299,474.949,474.810,499.476,456.201,454.683,477.600,451.092,434.095,421.617,423.028,454.749,433.550,413.516,454.754,465.629,450.856,437.637,462.613,486.917,540.500,618.821,744.514,954.425,1179.653,1292.956,1326.166,1223.421,1036.145,938.849,921.097,886.251,733.291,537.294,396.620,324.398,260.081,203.578,150.350,128.895,86.412,83.929,62.158,52.827,49.061,46.342,42.120,28.633,21.287,21.977,22.030,16.909,20.820,15.306,9.195,12.219,9.727,9.751,8.143,8.293,5.542,3.810,3.700,3.214,2.854,4.492,2.177,1.822,0.395,2.205,3.151,1.313,0.425,1.893,1.572,0.590,0.431,0.097,0.003,0.338,0.454,0.182,0.025,1.001,0.000,0.000,0.000,0.000,0.000,0.000,0.000,1.000,0.000,0.000,0.000,0.000,0.000,0.000,0.000,0.000,0.000,0.000,0.000,0.000,0.000,0.000,0.000,0.000,1.000,0.000,0.000,0.000,0.451,0.533,0.016,0.000,0.000,0.000,1.000
195,-0.199,1.589,17.446,39.496,105.613,161.228,165.305,153.065,160.797,186.128,226.164,315.188,358.552,475.886,619.955,852.216,1363.074,2952.145,7553.162,7270.536,6058.173,7932.076,11814.966,21187.250,25494.350,23225.172,34729.961,38206.852,64705.305,115091.148,69975.500,13289.717,13004.944,13380.064,19184.920,14187.797,14938.774,13701.706,15577.305,16184.432,15800.031,18494.475,20970.586,17463.223,18268.170,18864.445,20562.984,25970.414,24326.754,26757.406,24626.744,24457.979,24712.326,25527.648,25774.824,25534.936,28637.090,25910.621,23967.604,22746.207,22485.707,22539.115,21951.082,22091.740,22473.746,19860.184,19196.469,19243.557,17678.410,19019.828,18974.748,16140.227,17009.676,14751.210,13585.664,16561.971,12332.082,11474.982,11015.600,10345.072,10139.680,9419.126,11324.982,8787.221,8062.437,7725.970,7340.887,8003.870,8457.057,8511.921,8711.354,8045.648,6330.012,9656.939,7146.679,5167.702,4811.737,4543.177,4374.940,6345.356,4127.163,4022.888,5939.598,3961.694,3937.535,4090.041,3578.222,3539.692,6375.116,3611.310,3251.557,3274.839,3241.617,3333.384,3574.111,7262.243,3215.450,5233.932,3074.156,2904.137,2882.381,2713.686,2787.651,2739.922,3269.893,4394.263,3411.502,2783.930,2713.723,5574.152,3077.536,2797.281,2668.848,2620.309,2638.924,4935.440,2844.973,2857.902,2953.179,4857.713,2820.979,2634.958,2460.019,2291.058,1836.740,1496.011,1288.224,1608.396,1011.913,902.646,816.549,733.869,708.823,625.940,625.474,670.794,569.307,500.186,459.213,492.183,464.446,491.997,463.700,508.382,2717.622,498.290,422.256,390.746,409.863,387.951,418.007,374.248,351.957,332.038,359.860,321.751,323.308,353.721,282.338,309.921,291.055,300.681,273.486,293.852,274.128,278.689,278.375,259.755,263.339,320.377,2247.045,323.375,201.298,181.117,201.865,197.340,181.377,186.029,182.553,201.075,169.933,221.375,460.132,1589.448,90.740,68.315,57.123,59.683,53.365,43.048,32.088,40.654,38.009,30.642,36.693,34.947,35.733,25.248,22.342,26.227,13.313,18.184,26.741,22.746,19.832,15.106,9.892,14.553,7.500,8.284,6.263,10.634,10.438,3.832,6.914,8.919,4.224,9.277,6.262,4.236,3.930,2.897,0.173,2.000,0.768,4.840,2.834,1.499,2.971,1.087,2.000,1.000,1.000,1.000,0.000,1.000,2.000,3.000
196,-0.199,1.589,17.446,39.496,105.613,161.228,165.305,153.065,160.797,186.128,226.164,315.188,358.552,475.886,619.955,852.216,1363.074,2952.145,7553.162,7270.536,6058.173,7932.076,11814.966,21187.250,25494.350,23225.172,34729.961,38206.852,64705.305,115091.148,69975.500,13289.717,13004.944,13380.064,19184.920,14187.797,14938.774,13701.706,15577.305,16184.432,15800.031,18494.475,20970.586,17463.223,18268.170,18864.445,20562.984,25970.414,24326.754,26757.406,24626.744,24457.979,24712.326,25527.648,25774.824,25534.936,28637.090,25910.621,23967.604,22746.207,22485.707,22539.115,21951.082,22091.740,22473.746,19860.184,19196.469,19243.557,17678.410,19019.828,18974.748,16140.227,17009.676,14751.210,13585.664,16561.971,12332.082,11474.982,11015.600,10345.072,10139.680,9419.126,11324.982,8787.221,8062.437,7725.970,7340.887,8003.870,8457.057,8511.921,8711.354,8045.648,6330.012,9656.939,7146.679,5167.702,4811.737,4543.177,4374.940,6345.356,4127.163,4022.888,5939.598,3961.694,3937.535,4090.041,3578.222,3539.692,6375.116,3611.310,3251.557,3274.839,3241.617,3333.384,3574.111,7262.243,3215.450,5233.932,3074.156,2904.137,2882.381,2713.686,2787.651,2739.922,3269.893,4394.263,3411.502,2783.930,2713.723,5574.152,3077.536,2797.281,2668.848,2620.309,2638.924,4935.440,2844.973,2857.902,2953.179,4857.713,2820.979,2634.958,2460.019,2291.058,1836.740,1496.011,1288.224,1608.396,1011.913,902.646,816.549,733.869,708.823,625.940,625.474,670.794,569.307,500.186,459.213,492.183,464.446,491.997,463.700,508.382,2717.622,498.290,422.256,390.746,409.863,387.951,418.007,374.248,351.957,332.038,359.860,321.751,323.308,353.721,282.338,309.921,291.055,300.681,273.486,293.852,274.128,278.689,278.375,259.755,263.339,320.377,2247.045,323.375,201.298,181.117,201.865,197.340,181.377,186.029,182.553,201.075,169.933,221.375,460.132,1589.448,90.740,68.315,57.123,59.683,53.365,43.048,32.088,40.654,38.009,30.642,36.693,34.947,35.733,25.248,22.342,26.227,13.313,18.184,26.741,22.746,19.832,15.106,9.892,14.553,7.500,8.284,6.263,10.634,10.438,3.832,6.914,8.919,4.224,9.277,6.262,4.236,3.930,2.897,0.173,2.000,0.768,4.840,2.834,1.499,2.971,1.087,2.000,1.000,1.000,1.000,0.000,1.000,2.000,3.000
197,-1.799,0.892,2.011,0.951,0.072,1.998,2.066,2.063,1.772,3.143,1.493,4.068,6.014,5.131,4.670,5.085,3.123,4.466,1.555,2.768,1.776,6.232,2.580,6.583,8.649,5.489,7.602,9.026,11.744,7.318,9.870,10.230,9.514,7.159,10.796,12.717,18.707,15.093,19.840,20.982,17.640,18.005,23.703,19.092,27.344,21.961,22.413,19.978,25.122,28.974,29.528,24.432,25.210,26.713,31.812,34.669,35.695,36.981,39.598,41.520,44.958,49.170,54.701,57.743,48.903,58.949,58.976,67.081,74.925,85.143,81.862,89.621,97.019,83.057,84.639,105.472,101.339,85.727,91.977,99.799,110.102,128.729,138.203,153.981,156.072,173.555,193.624,217.129,219.677,206.010,228.565,252.927,258.348,269.440,290.343,339.867,354.268,355.937,376.556,381.354,426.482,431.301,444.536,450.696,476.011,478.310,489.716,516.075,544.363,561.944,583.713,619.283,643.025,640.740,671.941,769.954,817.328,857.464,996.443,1022.285,1075.859,1164.408,1205.299,1198.161,1327.015,1417.657,1515.068,1641.629,1817.990,2420.473,3713.390,2308.146,2161.472,2231.587,2479.498,3217.121,4211.872,2696.338,2732.799,3001.852,3004.747,3161.542,3529.173,4322.573,5659.735,4733.771,5750.179,4900.713,4944.572,5085.294,5433.596,5664.270,5961.757,6926.260,8309.161,7170.786,7390.645,7941.460,8772.360,10934.568,9782.668,13249.873,11148.255,11590.252,13850.012,14408.109,15158.959,17812.299,23322.508,23972.320,28771.119,31460.623,31476.617,29605.014,31678.363,33982.004,34650.719,33726.141,35873.348,36442.461,37766.160,38077.770,37082.477,38772.973,36954.137,33707.117,33886.641,33364.602,33219.645,33405.371,33162.227,35236.328,34026.184,32045.637,33806.699,33367.863,34146.594,31630.447,29588.684,30265.754,30041.195,33439.352,33519.832,30970.340,31213.168,29463.945,28136.262,24579.158,16750.203,11980.680,11438.058,10103.148,10537.287,12047.243,11302.953,9179.320,9749.918,6583.679,5232.229,4430.675,2799.995,2230.500,1930.240,1654.536,1438.451,1255.449,1097.955,1066.072,1085.288,2390.968,929.466,285.354,141.651,113.784,80.488,80.232,69.676,57.653,59.999,46.316,45.603,33.853,38.309,26.618,25.908,26.276,16.517,25.272,20.176,13.670,12.360,9.787,4.919,0.376,1.686,1.244,0.071,2.000
198,-0.180,0.892,4.951,8.763,15.635,16.312,16.308,21.861,33.571,41.650,57.567,71.995,86.280,95.489,109.113,143.846,179.478,214.097,277.646,346.897,373.177,447.780,605.535,802.446,997.021,1298.995,1564.635,1815.172,2110.968,2437.415,3093.117,4061.660,5175.219,7403.701,9803.662,11713.392,12571.867,16968.180,20189.363,23860.781,29798.344,39356.727,51368.727,73868.625,91115.859,28559.146,13959.990,12227.241,12798.709,13999.786,13121.006,13253.667,14243.969,14647.142,12704.670,12828.223,13440.702,14409.739,14637.229,14158.019,15073.131,13900.172,14677.260,15796.170,14992.186,15773.272,15035.943,14545.456,14243.227,14677.662,15696.783,15697.689,16027.013,15357.077,13483.828,13110.301,13071.881,13064.809,13247.584,14107.229,13522.377,13066.404,12962.117,13029.873,13645.607,13806.184,12816.945,12686.266,13018.736,14423.680,13278.883,14213.225,14733.867,14124.685,12879.732,11730.391,11772.191,13011.832,14513.553,13883.713,13263.128,13578.270,12008.659,13662.242,15184.343,13485.590,11794.563,11207.990,11306.985,11880.396,13240.800,11618.623,11314.835,11460.707,12515.756,12950.594,13815.652,14895.387,13531.074,13022.754,11248.168,11398.816,12731.860,13466.868,11696.875,12320.118,11828.719,11029.682,11811.910,10787.367,10579.977,10308.225,8277.233,6950.371,5169.111,4647.332,4250.702,4159.326,4205.729,5216.768,4290.790,3778.104,3710.406,3645.190,3925.982,6193.065,5011.235,4035.573,4073.836,5665.356,3602.396,3208.891,3182.413,3401.134,5730.471,2996.136,2034.024,1831.359,1790.744,1770.811,2798.963,1671.240,1258.807,1087.970,952.407,909.276,852.258,831.294,763.267,753.938,682.668,650.325,609.783,574.450,551.875,540.372,507.629,454.053,440.014,409.236,427.845,412.271,413.753,410.314,398.595,424.197,1184.981,1510.375,295.394,128.184,94.233,81.148,63.276,53.118,42.523,51.556,47.311,41.763,31.676,26.856,29.708,34.891,31.133,30.794,27.014,22.237,19.374,21.291,27.256,19.268,23.765,19.730,16.955,17.015,18.155,18.498,12.974,13.609,16.265,14.102,11.621,10.483,9.679,10.164,8.536,14.338,9.673,9.805,6.282,6.536,9.389,10.638,7.122,8.811,8.515,6.116,4.046,6.241,6.457,4.939,3.273,3.498,3.236,2.418,2.695,0.848,0.000,0.000,0.222,0.879,0.781,0.118,0.873,0.127,0.000,0.000,0.000,2.000
199,-1.788,1.739,1.000,0.000,0.051,0.782,0.377,1.904,0.764,0.269,1.133,1.719,0.466,2.029,2.724,3.677,0.944,3.543,4.987,4.451,4.596,6.255,6.963,5.239,5.957,6.192,7.082,8.365,5.087,10.595,8.265,7.477,7.023,9.948,15.473,13.796,16.008,16.923,28.559,30.257,35.289,46.082,40.019,34.264,42.757,56.647,89.046,265.009,676.620,530.910,557.140,567.552,515.690,240.087,291.826,504.620,277.275,275.949,378.472,468.688,439.075,504.251,499.199,514.356,552.455,562.068,554.153,502.706,500.249,571.053,651.682,746.219,761.154,716.157,661.374,671.779,723.143,792.633,933.301,892.380,849.944,888.266,932.618,998.688,1145.920,1304.314,1290.239,1467.913,1587.242,1728.309,1993.964,1876.036,2078.493,2280.636,2218.746,2438.525,2816.722,3139.081,3806.481,3528.844,3952.297,5086.340,6693.535,6853.132,7674.422,7846.266,8374.646,9450.388,10676.732,12284.876,14808.632,18724.777,22281.863,23393.154,25361.797,26682.752,23926.740,23319.598,25350.029,29547.980,34982.602,36194.086,34313.062,34259.078,35563.008,37121.320,39889.523,41608.547,42226.008,44156.227,46742.387,49180.199,51984.328,55078.863,56152.262,53455.508,50690.949,52197.465,48861.984,48089.836,47318.613,45153.645,37114.340,28873.311,24611.729,22589.885,20476.445,18502.594,17012.102,15113.480,13513.073,12898.250,11706.593,10806.391,10349.713,9614.366,8877.020,8570.594,8092.074,7508.121,6693.403,6026.040,5547.137,5087.581,4795.486,4535.847,4311.553,3908.834,3565.630,3391.865,3227.777,2874.260,2585.907,2402.148,2260.145,2294.694,2190.747,1936.933,1993.870,1632.870,1588.689,1401.401,1161.017,1090.980,1025.328,947.479,816.323,691.310,602.733,607.553,735.590,768.542,719.462,688.854,480.905,341.003,262.627,219.955,211.009,163.728,157.723,142.511,133.464,109.162,81.501,75.057,66.502,56.291,50.875,44.613,40.419,28.745,26.877,18.006,15.268,9.147,7.613,8.187,6.795,6.634,8.277,6.890,4.387,6.710,5.901,5.468,3.700,4.049,1.421,3.047,3.978,3.272,2.281,4.911,4.976,2.419,0.606,1.594,5.927,2.963,2.174,2.789,1.415,1.798,3.170,3.788,5.012,6.755,1.828,4.705,1.956,2.023,0.930,0.000,0.000,0.000,0.000,1.000
200,-1.181,1.148,1.000,0.034,0.966,0.000,0.000,0.000,0.056,1.736,0.208,0.096,0.904,0.000,1.000,0.000,1.000,0.137,1.002,1.362,2.260,1.841,1.047,3.833,4.286,4.288,9.684,10.410,6.725,10.061,9.524,11.528,8.627,10.635,19.613,19.543,23.795,30.319,27.269,32.713,36.262,49.135,54.569,61.845,68.484,81.509,90.432,105.927,132.112,148.540,173.218,203.174,260.186,338.408,408.467,427.618,446.989,436.665,416.883,420.507,496.088,589.209,763.809,950.001,1108.112,1132.820,1119.257,1151.585,968.575,914.002,955.935,1028.518,1141.676,1198.980,1400.289,1559.410,1619.517,1587.745,1522.307,1609.761,1733.078,1950.809,2174.582,2410.021,2497.101,2446.546,2539.709,2680.495,2868.250,2922.873,3066.827,3223.502,3405.521,3614.119,3874.079,3957.625,4258.560,4634.411,5045.113,5360.690,5857.280,6193.221,6473.305,6941.424,7387.568,7880.730,8476.617,8863.418,9282.961,9521.349,9898.562,10675.969,11359.320,11879.259,12646.639,12759.908,13606.642,14381.354,15560.269,16399.562,17231.025,17845.586,18565.283,19675.805,20549.451,22170.633,24136.619,25549.535,26266.387,27836.109,28109.238,28265.125,28559.318,28006.812,27821.041,27248.270,27377.455,27277.865,26804.893,26420.635,25833.066,25148.055,24838.113,24245.020,23887.303,23609.209,23640.568,23213.479,22099.357,21536.879,21567.467,21507.033,21885.816,22178.979,22387.592,22377.064,22749.924,22591.047,22345.926,22149.523,21662.299,21270.645,21090.977,21083.490,21369.471,21157.193,20626.699,19760.916,18898.084,17891.029,17267.961,16814.957,16526.527,15527.617,14153.018,12971.835,12091.371,10891.539,10138.475,9288.230,8218.012,7511.945,6902.288,6426.140,5949.095,5593.923,5188.353,5061.187,5044.503,4732.932,4633.164,4649.438,4492.677,4581.627,4413.758,4038.314,3698.021,3588.742,3365.667,3098.077,2817.972,2512.479,2277.929,2053.148,1966.683,1810.472,1709.615,1649.024,1636.044,1511.517,1342.333,1296.029,1183.712,1062.974,983.651,893.902,810.293,715.525,616.838,518.737,451.056,374.688,339.492,306.263,256.851,222.652,172.696,146.011,135.682,112.604,99.047,84.620,65.914,71.236,58.840,51.272,48.851,57.238,48.977,33.014,26.755,25.193,17.193,15.287,21.059,13.453,13.234,5.937,5.912,1.864,4.014,3.893,3.863,4.082,3.426,0.667,1.896,1.142
201,-0.118,1.148,1.666,2.686,4.265,11.100,38.975,70.037,156.950,340.107,793.073,1776.849,2888.999,5003.757,5915.946,7803.686,10592.915,14080.089,18471.969,25693.525,36355.664,49322.406,65548.703,86386.578,110109.547,103468.453,40624.141,16790.787,15329.153,15231.069,15155.177,14952.644,14805.311,14781.098,14917.645,14863.865,14815.810,14660.318,14600.461,14428.924,14279.688,14063.771,13972.918,13702.868,13456.598,13520.855,13418.153,13114.704,13046.646,12949.420,12832.599,12865.187,12910.736,12873.779,12707.886,12275.602,11983.746,11784.528,11647.420,11769.716,11699.859,11622.295,11717.504,11814.668,11982.701,12110.354,12139.146,12187.809,12062.051,12078.917,12235.103,12647.955,12427.292,12131.514,12097.359,12099.671,12103.119,11998.242,11824.844,11622.433,11515.193,11467.057,11386.639,11391.604,11646.312,11742.258,11471.396,11516.834,11562.430,11250.288,10997.305,10745.984,10467.346,10212.195,9940.638,9604.119,9454.596,9299.366,9221.555,9086.305,9238.324,8836.256,8346.781,8062.075,7617.333,7244.122,7022.956,6768.929,6391.491,5992.897,5736.798,5631.917,5347.966,5100.122,4798.188,4368.609,4141.174,4064.460,3802.619,3702.465,3520.152,3448.770,3231.541,3169.265,3062.321,2936.288,2746.954,2697.020,2708.599,2848.214,2853.776,2535.592,2460.890,2458.236,2591.567,2612.520,2384.866,2499.566,2450.376,2495.448,2508.354,2397.022,2239.406,2093.743,2026.043,1991.202,2004.404,1866.992,1816.970,1773.854,1677.293,1600.972,1504.808,1418.134,1322.988,1280.236,1176.904,1112.474,1068.626,1115.385,1028.348,957.344,921.768,923.690,911.379,873.640,904.062,922.530,824.281,790.453,732.241,674.203,696.970,695.954,635.302,593.309,566.427,544.107,527.198,492.037,467.235,450.461,410.652,393.659,371.903,335.307,287.846,275.208,248.185,235.055,214.391,189.330,183.158,174.565,169.981,157.332,127.205,128.972,120.968,101.483,95.680,73.788,76.426,77.667,67.422,60.554,58.495,53.473,44.578,46.990,41.012,30.015,39.610,32.459,37.541,30.351,25.593,26.636,26.173,27.645,34.712,27.647,25.890,21.283,15.823,14.384,13.215,13.452,12.024,9.695,10.305,6.770,7.901,13.014,7.374,8.470,7.449,8.782,2.627,4.214,1.068,0.832,0.181,2.652,0.603,3.128,1.577,4.438,2.473,1.864,2.084,1.110,0.996,0.083,0.964,1.012,0.025,1.000
202,-0.159,2.027,1.000,3.574,19.393,58.816,221.319,499.030,850.503,1381.897,2183.634,4334.896,7939.158,13425.809,19932.795,33087.891,57538.441,94820.047,149711.469,214696.797,236208.609,91528.062,49963.059,42564.926,41266.969,42022.137,44101.500,43060.480,42902.469,43115.660,41939.062,41245.258,43595.531,41143.832,40658.375,39571.297,40331.750,39597.922,39351.508,42167.871,42037.031,37719.844,37048.227,38661.879,37744.383,36918.281,36607.562,36916.109,37269.273,36306.473,36062.164,35772.422,35174.488,39920.031,41363.781,36818.980,35348.367,36294.367,35112.828,33087.977,31963.482,32528.312,36294.070,31933.219,31336.521,28961.744,27179.777,28524.482,30428.137,30976.775,30880.176,26194.570,23892.957,23523.477,22297.000,22161.193,22457.316,21748.070,22890.641,22241.436,23848.012,21672.309,22477.584,22633.312,20035.490,19523.324,20429.246,18378.785,16474.250,15643.921,15029.041,12818.359,13261.376,11856.527,11038.081,11196.615,11408.131,10996.035,11010.683,12053.695,10769.838,11320.472,9506.160,8409.951,7604.788,6585.938,5821.888,5447.989,5133.419,4863.393,4957.818,5386.706,3964.651,3709.997,3680.929,3841.590,3917.876,3971.115,3748.570,3199.528,2302.994,1578.408,1212.482,1071.393,963.089,890.536,793.313,770.420,743.026,748.768,690.037,644.911,594.432,627.455,628.028,568.436,550.706,508.319,532.754,524.638,492.467,490.254,511.662,464.629,461.857,478.652,452.708,436.779,426.360,428.553,458.248,435.493,414.573,455.958,466.516,451.255,437.764,462.642,486.937,540.514,618.848,744.544,954.432,1179.632,1292.866,1325.996,1223.332,1036.184,938.891,921.160,886.335,733.316,537.283,396.611,324.388,260.073,203.577,150.349,128.889,86.408,83.927,62.158,52.827,49.061,46.343,42.120,28.631,21.286,21.978,22.031,16.909,20.819,15.306,9.195,12.219,9.728,9.751,8.143,8.293,5.542,3.810,3.700,3.214,2.854,4.492,2.177,1.822,0.395,2.205,3.151,1.313,0.425,1.893,1.572,0.590,0.431,0.097,0.003,0.338,0.454,0.182,0.025,1.001,0.000,0.000,0.000,0.000,0.000,0.000,0.000,1.000,0.000,0.000,0.000,0.000,0.000,0.000,0.000,0.000,0.000,0.000,0.000,0.000,0.000,0.000,0.000,0.000,1.000,0.000,0.000,0.000,0.451,0.533,0.016,0.000,0.000,0.000,1.000
203,-0.159,2.027,1.000,3.574,19.393,58.816,221.319,499.030,850.503,1381.897,2183.634,4334.896,7939.158,13425.809,19932.795,33087.891,57538.441,94820.047,149711.469,214696.797,236208.609,91528.062,49963.059,42564.926,41266.969,42022.137,44101.500,43060.480,42902.469,43115.660,41939.062,41245.258,43595.531,41143.832,40658.375,39571.297,40331.750,39597.922,39351.508,42167.871,42037.031,37719.844,37048.227,38661.879,37744.383,36918.281,36607.562,36916.109,37269.273,36306.473,36062.164,35772.422,35174.488,39920.031,41363.781,36818.980,35348.367,36294.367,35112.828,33087.977,31963.482,32528.312,36294.070,31933.219,31336.521,28961.744,27179.777,28524.482,30428.137,30976.775,30880.176,26194.570,23892.957,23523.477,22297.000,22161.193,22457.316,21748.070,22890.641,22241.436,23848.012,21672.309,22477.584,22633.312,20035.490,19523.324,20429.246,18378.785,16474.250,15643.921,15029.041,12818.359,13261.376,11856.527,11038.081,11196.615,11408.131,10996.035,11010.683,12053.695,10769.838,11320.472,9506.160,8409.951,7604.788,6585.938,5821.888,5447.989,5133.419,4863.393,4957.818,5386.706,3964.651,3709.997,3680.929,3841.590,3917.876,3971.115,3748.570,3199.528,2302.994,1578.408,1212.482,1071.393,963.089,890.536,793.313,770.420,743.026,748.768,690.037,644.911,594.432,627.455,628.028,568.436,550.706,508.319,532.754,524.638,492.467,490.254,511.662,464.629,461.857,478.652,452.708,436.779,426.360,428.553,458.248,435.493,414.573,455.958,466.516,451.255,437.764,462.642,486.937,540.514,618.848,744.544,954.432,1179.632,1292.866,1325.996,1223.332,1036.184,938.891,921.160,886.335,733.316,537.283,396.611,324.388,260.073,203.577,150.349,128.889,86.408,83.927,62.158,52.827,49.061,46.343,42.120,28.631,21.286,21.978,22.031,16.909,20.819,15.306,9.195,12.219,9.728,9.751,8.143,8.293,5.542,3.810,3.700,3.214,2.854,4.492,2.177,1.822,0.395,2.205,3.151,1.313,0.425,1.893,1.572,0.590,0.431,0.097,0.003,0.338,0.454,0.182,0.025,1.001,0.000,0.000,0.000,0.000,0.000,0.000,0.000,1.000,0.000,0.000,0.000,0.000,0.000,0.000,0.000,0.000,0.000,0.000,0.000,0.000,0.000,0.000,0.000,0.000,1.000,0.000,0.000,0.000,0.451,0.533,0.016,0.000,0.000,0.000,1.000
204,-0.159,2.027,1.000,3.574,19.393,58.816,221.319,499.030,850.503,1381.897,2183.634,4334.896,7939.158,13425.809,19932.795,33087.891,57538.441,94820.047,149711.469,214696.797,236208.609,91528.062,49963.059,42564.926,41266.969,42022.137,44101.500,43060.480,42902.469,43115.660,41939.062,41245.258,43595.531,41143.832,40658.375,39571.297,40331.750,39597.922,39351.508,42167.871,42037.031,37719.844,37048.227,38661.879,37744.383,36918.281,36607.562,36916.109,37269.273,36306.473,36062.164,35772.422,35174.488,39920.031,41363.781,36818.980,35348.367,36294.367,35112.828,33087.977,31963.482,32528.312,36294.070,31933.219,31336.521,28961.744,27179.777,28524.482,30428.137,30976.775,30880.176,26194.570,23892.957,23523.477,22297.000,22161.193,22457.316,21748.070,22890.641,22241.436,23848.012,21672.309,22477.584,22633.312,20035.490,19523.324,20429.246,18378.785,16474.250,15643.921,15029.041,12818.359,13261.376,11856.527,11038.081,11196.615,11408.131,10996.035,11010.683,12053.695,10769.838,11320.472,9506.160,8409.951,7604.788,6585.938,5821.888,5447.989,5133.419,4863.393,4957.818,5386.706,3964.651,3709.997,3680.929,3841.590,3917.876,3971.115,3748.570,3199.528,2302.994,1578.408,1212.482,1071.393,963.089,890.536,793.313,770.420,743.026,748.768,690.037,644.911,594.432,627.455,628.028,568.436,550.706,508.319,532.754,524.638,492.467,490.254,511.662,464.629,461.857,478.652,452.708,436.779,426.360,428.553,458.248,435.493,414.573,455.958,466.516,451.255,437.764,462.642,486.937,540.514,618.848,744.544,954.432,1179.632,1292.866,1325.996,1223.332,1036.184,938.891,921.160,886.335,733.316,537.283,396.611,324.388,260.073,203.577,150.349,128.889,86.408,83.927,62.158,52.827,49.061,46.343,42.120,28.631,21.286,21.978,22.031,16.909,20.819,15.306,9.195,12.219,9.728,9.751,8.143,8.293,5.542,3.810,3.700,3.214,2.854,4.492,2.177,1.822,0.395,2.205,3.151,1.313,0.425,1.893,1.572,0.590,0.431,0.097,0.003,0.338,0.454,0.182,0.025,1.001,0.000,0.000,0.000,0.000,0.000,0.000,0.000,1.000,0.000,0.000,0.000,0.000,0.000,0.000,0.000,0.000,0.000,0.000,0.000,0.000,0.000,0.000,0.000,0.000,1.000,0.000,0.000,0.000,0.451,0.533,0.016,0.000,0.000,0.000,1.000
205,-0.159,2.027,1.000,3.574,19.393,58.816,221.319,499.030,850.503,1381.897,2183.634,4334.896,7939.158,13425.809,19932.795,33087.891,57538.441,94820.047,149711.469,214696.797,236208.609,91528.062,49963.059,42564.926,41266.969,42022.137,44101.500,43060.480,42902.469,43115.660,41939.062,41245.258,43595.531,41143.832,40658.375,39571.297,40331.750,39597.922,39351.508,42167.871,42037.031,37719.844,37048.227,38661.879,37744.383,36918.281,36607.562,36916.109,37269.273,36306.473,36062.164,35772.422,35174.488,39920.031,41363.781,36818.980,35348.367,36294.367,35112.828,33087.977,31963.482,32528.312,36294.070,31933.219,31336.521,28961.744,27179.777,28524.482,30428.137,30976.775,30880.176,26194.570,23892.957,23523.477,22297.000,22161.193,22457.316,21748.070,22890.641,22241.436,23848.012,21672.309,22477.584,22633.312,20035.490,19523.324,20429.246,18378.785,16474.250,15643.921,15029.041,12818.359,13261.376,11856.527,11038.081,11196.615,11408.131,10996.035,11010.683,12053.695,10769.838,11320.472,9506.160,8409.951,7604.788,6585.938,5821.888,5447.989,5133.419,4863.393,4957.818,5386.706,3964.651,3709.997,3680.929,3841.590,3917.876,3971.115,3748.570,3199.528,2302.994,1578.408,1212.482,1071.393,963.089,890.536,793.313,770.420,743.026,748.768,690.037,644.911,594.432,627.455,628.028,568.436,550.706,508.319,532.754,524.638,492.467,490.254,511.662,464.629,461.857,478.652,452.708,436.779,426.360,428.553,458.248,435.493,414.573,455.958,466.516,451.255,437.764,462.642,486.937,540.514,618.848,744.544,954.432,1179.632,1292.866,1325.996,1223.332,1036.184,938.891,921.160,886.335,733.316,537.283,396.611,324.388,260.073,203.577,150.349,128.889,86.408,83.927,62.158,52.827,49.061,46.343,42.120,28.631,21.286,21.978,22.031,16.909,20.819,15.306,9.195,12.219,9.728,9.751,8.143,8.293,5.542,3.810,3.700,3.214,2.854,4.492,2.177,1.822,0.395,2.205,3.151,1.313,0.425,1.893,1.572,0.590,0.431,0.097,0.003,0.338,0.454,0.182,0.025,1.001,0.000,0.000,0.000,0.000,0.000,0.000,0.000,1.000,0.000,0.000,0.000,0.000,0.000,0.000,0.000,0.000,0.000,0.000,0.000,0.000,0.000,0.000,0.000,0.000,1.000,0.000,0.000,0.000,0.451,0.533,0.016,0.000,0.000,0.000,1.000
206,-0.159,2.027,1.000,3.574,19.393,58.816,221.319,499.030,850.503,1381.897,2183.634,4334.896,7939.158,13425.809,19932.795,33087.891,57538.441,94820.047,149711.469,214696.797,236208.609,91528.062,49963.059,42564.926,41266.969,42022.137,44101.500,43060.480,42902.469,43115.660,41939.062,41245.258,43595.531,41143.832,40658.375,39571.297,40331.750,39597.922,39351.508,42167.871,42037.031,37719.844,37048.227,38661.879,37744.383,36918.281,36607.562,36916.109,37269.273,36306.473,36062.164,35772.422,35174.488,39920.031,41363.781,36818.980,35348.367,36294.367,35112.828,33087.977,31963.482,32528.312,36294.070,31933.219,31336.521,28961.744,27179.777,28524.482,30428.137,30976.775,30880.176,26194.570,23892.957,23523.477,22297.000,22161.193,22457.316,21748.070,22890.641,22241.436,23848.012,21672.309,22477.584,22633.312,20035.490,19523.324,20429.246,18378.785,16474.250,15643.921,15029.041,12818.359,13261.376,11856.527,11038.081,11196.615,11408.131,10996.035,11010.683,12053.695,10769.838,11320.472,9506.160,8409.951,7604.788,6585.938,5821.888,5447.989,5133.419,4863.393,4957.818,5386.706,3964.651,3709.997,3680.929,3841.590,3917.876,3971.115,3748.570,3199.528,2302.994,1578.408,1212.482,1071.393,963.089,890.536,793.313,770.420,743.026,748.768,690.037,644.911,594.432,627.455,628.028,568.436,550.706,508.319,532.754,524.638,492.467,490.254,511.662,464.629,461.857,478.652,452.708,436.779,426.360,428.553,458.248,435.493,414.573,455.958,466.516,451.255,437.764,462.642,486.937,540.514,618.848,744.544,954.432,1179.632,1292.866,1325.996,1223.332,1036.184,938.891,921.160,886.335,733.316,537.283,396.611,324.388,260.073,203.577,150.349,128.889,86.408,83.927,62.158,52.827,49.061,46.343,42.120,28.631,21.286,21.978,22.031,16.909,20.819,15.306,9.195,12.219,9.728,9.751,8.143,8.293,5.542,3.810,3.700,3.214,2.854,4.492,2.177,1.822,0.395,2.205,3.151,1.313,0.425,1.893,1.572,0.590,0.431,0.097,0.003,0.338,0.454,0.182,0.025,1.001,0.000,0.000,0.000,0.000,0.000,0.000,0.000,1.000,0.000,0.000,0.000,0.000,0.000,0.000,0.000,0.000,0.000,0.000,0.000,0.000,0.000,0.000,0.000,0.000,1.000,0.000,0.000,0.000,0.451,0.533,0.016,0.000,0.000,0.000,1.000
207,-0.125,2.027,137.154,441.915,653.970,941.881,1347.081,2477.200,4198.672,6800.220,7239.780,10810.187,20592.275,26871.527,43742.766,71541.023,93046.516,33674.535,20782.625,19051.473,19506.617,19892.777,21825.809,22755.697,21237.016,21015.098,22022.238,20981.561,21580.564,22031.168,23513.076,23491.617,23813.561,22852.113,22286.871,24127.184,23897.736,24734.314,23214.916,23800.914,25291.938,23410.945,23224.760,23885.484,23685.465,25171.807,23866.705,25391.941,22219.441,21953.346,21914.883,24234.207,22069.383,21584.824,20957.705,20048.006,19497.176,17975.207,17400.656,18822.842,16881.699,16690.062,14460.593,13160.146,14446.794,14354.057,14428.902,13740.487,11957.825,11383.458,11726.837,10894.655,10952.229,11882.847,10700.490,10453.796,10810.194,12108.807,13038.610,12649.191,15316.271,12208.586,11734.146,12440.757,9666.188,7905.592,7052.044,6703.477,6227.580,7466.990,6133.856,5459.151,5256.288,5545.974,5240.991,5313.884,6000.905,5278.644,4427.554,4380.616,3807.257,3425.341,3130.814,2945.967,2742.662,2722.218,2563.630,2456.471,2351.285,2351.608,2340.637,2414.050,2568.892,2878.782,3131.087,3139.028,2926.563,2276.988,1504.162,929.611,681.180,591.766,527.303,496.132,436.427,410.181,380.916,369.432,352.515,332.578,288.075,331.008,330.109,315.894,287.499,277.630,296.864,287.922,269.545,249.956,282.053,240.103,230.395,242.250,238.668,200.489,196.613,204.149,221.238,202.996,177.765,168.411,167.590,175.423,157.542,140.860,151.328,158.546,126.943,134.810,124.831,124.030,119.230,116.159,97.000,102.018,94.434,91.791,77.975,85.552,80.433,67.277,69.447,64.283,65.422,53.297,53.942,58.177,33.530,37.948,46.761,31.107,40.358,33.829,34.431,21.856,21.600,21.630,20.261,14.074,20.812,13.694,10.215,12.436,8.038,10.104,6.725,10.477,5.875,3.331,1.980,5.251,1.669,5.158,2.392,2.032,0.108,2.083,3.406,0.436,0.995,1.644,2.019,0.344,0.704,0.297,0.002,0.000,0.767,0.226,0.007,1.000,0.000,0.000,0.000,0.000,0.000,0.000,0.000,0.000,1.000,0.000,0.000,0.000,0.000,0.000,0.000,0.000,0.000,0.000,0.000,0.000,0.000,0.000,0.000,0.000,1.000,0.000,0.000,0.000,0.000,0.524,0.476,0.000,0.000,0.000,0.000,1.000
208,-0.125,2.027,137.154,441.915,653.970,941.881,1347.081,2477.200,4198.672,6800.220,7239.780,10810.187,20592.275,26871.527,43742.766,71541.023,93046.516,33674.535,20782.625,19051.473,19506.617,19892.777,21825.809,22755.697,21237.016,21015.098,22022.238,20981.561,21580.564,22031.168,23513.076,23491.617,23813.561,22852.113,22286.871,24127.184,23897.736,24734.314,23214.916,23800.914,25291.938,23410.945,23224.760,23885.484,23685.465,25171.807,23866.705,25391.941,22219.441,21953.346,21914.883,24234.207,22069.383,21584.824,20957.705,20048.006,19497.176,17975.207,17400.656,18822.842,16881.699,16690.062,14460.593,13160.146,14446.794,14354.057,14428.902,13740.487,11957.825,11383.458,11726.837,10894.655,10952.229,11882.847,10700.490,10453.796,10810.194,12108.807,13038.610,12649.191,15316.271,12208.586,11734.146,12440.757,9666.188,7905.592,7052.044,6703.477,6227.580,7466.990,6133.856,5459.151,5256.288,5545.974,5240.991,5313.884,6000.905,5278.644,4427.554,4380.616,3807.257,3425.341,3130.814,2945.967,2742.662,2722.218,2563.630,2456.471,2351.285,2351.608,2340.637,2414.050,2568.892,2878.782,3131.087,3139.028,2926.563,2276.988,1504.162,929.611,681.180,591.766,527.303,496.132,436.427,410.181,380.916,369.432,352.515,332.578,288.075,331.008,330.109,315.894,287.499,277.630,296.864,287.922,269.545,249.956,282.053,240.103,230.395,242.250,238.668,200.489,196.613,204.149,221.238,202.996,177.765,168.411,167.590,175.423,157.542,140.860,151.328,158.546,126.943,134.810,124.831,124.030,119.230,116.159,97.000,102.018,94.434,91.791,77.975,85.552,80.433,67.277,69.447,64.283,65.422,53.297,53.942,58.177,33.530,37.948,46.761,31.107,40.358,33.829,34.431,21.856,21.600,21.630,20.261,14.074,20.812,13.694,10.215,12.436,8.038,10.104,6.725,10.477,5.875,3.331,1.980,5.251,1.669,5.158,2.392,2.032,0.108,2.083,3.406,0.436,0.995,1.644,2.019,0.344,0.704,0.297,0.002,0.000,0.767,0.226,0.007,1.000,0.000,0.000,0.000,0.000,0.000,0.000,0.000,0.000,1.000,0.000,0.000,0.000,0.000,0.000,0.000,0.000,0.000,0.000,0.000,0.000,0.000,0.000,0.000,0.000,1.000,0.000,0.000,0.000,0.000,0.524,0.476,0.000,0.000,0.000,0.000,1.000
209,-0.159,1.441,1.000,0.106,5.956,10.537,19.843,29.151,41.829,60.564,91.223,156.720,305.615,409.135,675.551,1393.340,2659.238,4132.158,6654.586,10002.345,15030.217,21416.254,33168.898,51319.445,70342.703,94050.758,125823.539,127992.141,35662.742,16773.164,15637.918,16787.062,15542.213,15221.969,15672.799,16268.013,14944.656,15615.456,15352.875,15658.026,14966.832,14209.005,14302.981,16107.685,14621.212,12653.730,11855.599,11642.443,11730.517,12611.307,11963.561,11453.344,12401.975,12283.330,12624.581,11113.064,9792.298,9543.322,9568.511,9840.367,10091.439,9676.978,9317.885,9345.445,9103.195,8925.340,8600.986,8501.308,8320.658,8520.938,8839.868,10214.173,13058.248,12775.701,11576.707,9963.928,9624.951,10413.672,11629.209,10271.800,9648.109,9611.244,9886.062,11015.840,12745.318,11519.552,10831.012,10532.011,10348.580,10158.635,9806.284,10167.906,11857.515,12300.275,11614.567,12118.782,11261.037,9632.301,8820.489,8516.228,8325.973,8058.212,7900.122,7729.384,7698.956,7986.018,9363.730,8222.711,8153.995,7918.739,6629.611,6256.557,5974.011,5892.071,5785.099,5876.849,5832.610,5901.493,6720.343,6912.174,5806.241,6585.423,5338.744,6131.221,4645.942,4293.417,4418.279,3965.429,4126.125,4301.843,4275.415,4234.821,4124.181,4051.009,4170.827,4296.681,4353.602,4505.913,5144.428,3795.078,3525.939,3292.271,2943.954,2510.595,2228.774,2012.721,1938.229,1787.635,1671.711,1723.630,2054.988,2421.103,1246.045,1020.948,884.715,822.449,760.472,692.128,609.419,552.274,561.688,551.822,535.893,473.807,417.748,386.217,349.665,348.692,325.536,284.612,285.485,263.008,263.300,256.060,255.832,268.323,273.647,240.068,220.542,230.133,211.819,214.780,215.710,203.785,179.930,193.530,178.783,160.959,161.774,169.869,169.042,171.655,165.086,171.417,161.499,155.945,162.002,173.581,175.060,168.316,176.211,161.943,152.862,158.751,172.379,179.936,168.087,171.610,197.663,217.282,219.249,200.382,202.762,203.751,236.275,230.817,271.924,295.166,343.956,401.439,504.551,639.841,778.815,866.027,856.443,918.544,859.648,725.888,644.138,611.889,610.723,601.524,592.234,492.857,369.980,288.050,215.173,189.514,167.361,133.190,99.971,68.833,60.200,51.792,33.193,31.809,18.067,14.596,12.688,12.413,6.445,6.677,4.882,4.631,1.868,1.305,0.000,1.000
210,-0.159,1.441,1.000,0.106,5.956,10.537,19.843,29.151,41.829,60.564,91.223,156.720,305.615,409.135,675.551,1393.340,2659.238,4132.158,6654.586,10002.345,15030.217,21416.254,33168.898,51319.445,70342.703,94050.758,125823.539,127992.141,35662.742,16773.164,15637.918,16787.062,15542.213,15221.969,15672.799,16268.013,14944.656,15615.456,15352.875,15658.026,14966.832,14209.005,14302.981,16107.685,14621.212,12653.730,11855.599,11642.443,11730.517,12611.307,11963.561,11453.344,12401.975,12283.330,12624.581,11113.064,9792.298,9543.322,9568.511,9840.367,10091.439,9676.978,9317.885,9345.445,9103.195,8925.340,8600.986,8501.308,8320.658,8520.938,8839.868,10214.173,13058.248,12775.701,11576.707,9963.928,9624.951,10413.672,11629.209,10271.800,9648.109,9611.244,9886.062,11015.840,12745.318,11519.552,10831.012,10532.011,10348.580,10158.635,9806.284,10167.906,11857.515,12300.275,11614.567,12118.782,11261.037,9632.301,8820.489,8516.228,8325.973,8058.212,7900.122,7729.384,7698.956,7986.018,9363.730,8222.711,8153.995,7918.739,6629.611,6256.557,5974.011,5892.071,5785.099,5876.849,5832.610,5901.493,6720.343,6912.174,5806.241,6585.423,5338.744,6131.221,4645.942,4293.417,4418.279,3965.429,4126.125,4301.843,4275.415,4234.821,4124.181,4051.009,4170.827,4296.681,4353.602,4505.913,5144.428,3795.078,3525.939,3292.271,2943.954,2510.595,2228.774,2012.721,1938.229,1787.635,1671.711,1723.630,2054.988,2421.103,1246.045,1020.948,884.715,822.449,760.472,692.128,609.419,552.274,561.688,551.822,535.893,473.807,417.748,386.217,349.665,348.692,325.536,284.612,285.485,263.008,263.300,256.060,255.832,268.323,273.647,240.068,220.542,230.133,211.819,214.780,215.710,203.785,179.930,193.530,178.783,160.959,161.774,169.869,169.042,171.655,165.086,171.417,161.499,155.945,162.002,173.581,175.060,168.316,176.211,161.943,152.862,158.751,172.379,179.936,168.087,171.610,197.663,217.282,219.249,200.382,202.762,203.751,236.275,230.817,271.924,295.166,343.956,401.439,504.551,639.841,778.815,866.027,856.443,918.544,859.648,725.888,644.138,611.889,610.723,601.524,592.234,492.857,369.980,288.050,215.173,189.514,167.361,133.190,99.971,68.833,60.200,51.792,33.193,31.809,18.067,14.596,12.688,12.413,6.445,6.677,4.882,4.631,1.868,1.305,0.000,1.000
211,-1.204,2.063,1.000,0.000,0.000,0.000,0.000,0.000,0.000,0.000,0.000,0.000,0.000,0.008,1.294,0.715,1.540,1.539,9.330,10.160,16.925,28.214,24.025,35.256,45.322,53.280,72.738,101.001,131.132,148.189,137.183,128.995,146.338,173.092,236.144,258.291,309.371,379.915,439.329,510.926,520.548,566.450,557.463,585.962,607.606,571.408,647.642,762.607,898.785,919.971,951.848,1002.302,1103.609,1164.646,1130.238,1223.189,1248.002,1277.338,1301.225,1397.342,1506.898,1640.095,1879.609,2198.612,2626.204,3144.871,3660.782,4547.326,5584.548,6519.172,7321.408,7356.083,7633.638,8041.368,8406.029,8659.586,9428.903,10307.908,11423.268,12221.464,13341.735,14711.461,15415.816,16206.203,17503.094,18175.992,17548.379,17436.430,18256.979,19205.766,21205.680,22676.359,22257.285,22319.709,23151.891,24368.754,25379.100,26649.701,27944.461,28888.461,30358.152,32768.336,35310.688,37502.367,39619.039,40703.805,41090.297,43251.551,47155.875,52901.062,57522.777,56858.707,53068.098,49712.828,47893.609,42803.125,36761.633,33299.711,29913.873,27439.842,24006.953,21708.020,20707.666,21887.184,19442.641,18995.951,19745.139,20181.746,20591.180,19755.027,16215.650,12478.814,10662.803,9403.291,8217.299,6238.785,4666.363,3748.640,3181.735,2843.014,2412.649,2041.184,1696.380,1447.400,1288.598,1191.332,1136.386,1131.842,1160.346,1141.863,1099.773,1019.419,912.071,781.796,629.224,536.083,426.989,375.990,327.532,302.868,276.904,280.895,291.893,298.819,307.404,303.587,315.828,306.470,311.211,310.362,316.869,317.640,297.564,311.871,305.862,311.545,305.142,293.449,327.936,341.201,343.112,333.737,344.931,367.976,356.572,350.077,348.334,345.139,337.631,333.925,351.561,341.097,330.658,324.860,312.884,313.277,330.166,340.818,326.142,336.051,323.584,320.359,372.288,388.414,398.337,433.866,469.375,472.007,492.312,509.708,482.589,481.045,483.725,498.523,511.905,493.379,484.330,465.462,473.597,446.572,477.712,488.197,460.663,434.720,407.042,387.438,363.758,327.541,308.565,263.941,233.963,210.793,181.711,165.659,128.006,118.261,93.964,79.800,79.131,69.649,68.043,57.222,59.915,59.503,57.116,65.076,56.233,43.956,32.853,16.150,6.387,12.057,5.969,6.417,2.737,0.183,1.148,1.750
212,-0.120,2.063,1.011,4.539,101.008,487.463,1194.335,2923.573,4488.191,7064.280,10734.932,24290.936,50675.117,79718.500,113748.547,125601.320,50874.383,19359.980,18239.410,18812.242,19265.416,19542.256,20289.059,21329.502,22939.004,23898.789,24831.275,25682.836,26809.121,27181.484,27274.168,27335.689,28358.951,29456.141,32056.451,34799.902,37656.711,38955.172,38461.406,37225.277,34885.828,33259.742,32470.074,32636.516,29551.496,26084.840,23676.992,22503.203,21045.852,19551.664,18786.752,17160.729,15642.532,14511.750,14016.379,13927.634,14933.300,13713.575,12495.347,12519.342,13102.227,13221.624,13405.916,13883.062,13849.126,13686.241,12366.488,10083.820,8454.052,7345.564,6937.840,6364.997,6079.888,5262.000,4288.907,3451.562,2891.857,2539.165,2268.575,2024.634,1944.419,1751.670,1540.272,1367.388,1228.641,1074.321,966.898,907.556,854.704,789.504,772.180,742.416,737.386,797.437,781.109,777.576,730.230,724.695,697.484,671.301,566.753,520.254,470.766,403.042,343.719,316.298,276.432,258.693,216.038,210.588,203.381,198.822,178.123,187.835,196.982,186.339,199.527,198.770,213.310,203.883,206.669,215.854,202.820,203.440,211.799,208.828,208.559,211.025,212.011,201.698,198.381,211.669,205.593,203.468,195.601,214.475,209.003,193.886,205.227,232.257,239.092,223.760,216.788,223.547,235.199,233.112,240.825,232.256,258.119,232.964,221.852,225.809,235.320,230.103,226.142,224.025,226.943,232.518,229.220,215.121,233.024,216.494,209.456,203.397,208.706,219.312,223.250,226.535,232.508,211.216,227.646,217.315,210.490,211.834,223.852,262.397,272.328,262.084,268.349,292.243,306.563,316.609,312.990,324.662,340.321,342.774,331.504,313.697,324.578,324.291,326.553,326.680,337.466,339.776,327.969,330.741,323.537,303.686,324.661,297.599,301.020,313.412,328.600,331.539,310.896,288.349,305.056,278.672,255.659,269.627,246.475,230.150,216.910,214.588,189.283,169.298,165.470,148.306,131.297,131.486,115.631,117.145,84.592,76.353,79.539,62.186,54.741,53.640,57.013,50.512,43.498,49.333,43.782,36.161,40.910,39.354,40.310,39.040,37.302,42.502,39.181,37.214,30.542,26.033,12.755,7.740,5.314,4.284,9.595,2.810,3.693,4.978,1.343,1.011,0.000,0.238,1.557,1.204
213,-3.641,2.686,1.641,1.878,2.433,3.437,1.114,2.080,2.146,4.154,2.456,3.057,6.365,6.352,9.038,12.528,14.239,14.682,15.745,22.860,24.218,29.720,39.339,40.306,33.458,40.677,38.873,43.925,42.545,47.262,65.597,70.671,63.449,66.734,75.700,79.012,86.588,92.055,92.080,89.244,96.228,103.319,114.680,118.372,131.063,137.840,144.607,140.573,145.836,159.724,163.972,167.644,172.049,176.232,178.669,194.896,211.205,231.067,239.848,240.495,239.877,271.289,294.592,307.294,323.884,321.212,338.236,384.103,406.973,420.488,455.978,498.419,531.110,558.647,606.662,627.394,599.224,598.868,588.263,615.085,606.814,602.967,628.512,616.797,583.899,566.220,540.962,521.609,499.491,482.699,470.867,445.798,407.729,417.141,423.292,417.132,404.954,402.209,428.071,460.678,467.573,462.706,476.164,504.326,553.225,585.412,614.245,821.427,978.877,925.745,949.575,1039.368,1213.529,1373.934,1607.616,1937.614,2284.080,2699.589,3125.691,3404.623,3735.365,4213.668,4898.827,5646.661,6231.112,6690.196,7215.843,7916.974,8716.414,9759.211,11390.051,12984.105,15003.464,17509.598,18814.332,20411.779,22333.527,24527.711,26954.383,30026.719,34680.977,43230.977,56531.043,65534.367,65871.328,64817.441,65357.090,67098.703,71499.984,79507.094,80971.820,75131.141,68875.109,65237.922,63120.531,60987.820,59812.578,59207.617,48335.031,34225.098,24617.887,19386.311,16112.467,13794.115,11846.813,10609.604,9228.147,7993.203,7189.196,6735.775,7055.182,6354.428,5224.764,4088.701,3328.621,2965.503,2791.153,2693.315,2572.030,2023.291,1790.817,1789.771,1619.266,1644.301,1697.432,1356.482,1040.696,878.714,781.134,668.198,568.450,497.773,408.134,367.823,283.554,261.475,266.648,215.379,189.751,172.580,117.748,70.520,42.801,30.464,27.532,22.168,15.223,8.766,2.973,1.359,2.272,3.551,2.536,2.813,2.506,2.388,1.509,2.200,2.220,1.412,1.083,1.959,1.456,1.522,0.474,1.730,1.290,0.012,0.000,0.395,2.418,0.187,0.000,0.000,0.000,0.000,0.000,0.000,0.000,0.642,0.343,0.763,0.243,0.863,1.050,0.094,0.002,0.000,0.000,0.000,0.000,0.000,0.000,0.000,0.000,0.000,0.000,1.000
214,-1.583,1.306,1.000,0.000,1.935,3.028,2.749,3.261,4.421,4.589,3.501,7.550,5.412,5.591,9.080,8.543,9.032,11.860,12.597,16.213,22.794,21.846,33.586,33.533,35.838,42.326,37.104,44.367,46.370,43.728,53.284,59.217,63.799,63.154,63.083,68.184,76.019,87.283,90.003,98.658,119.460,92.944,103.062,130.931,118.788,139.121,144.731,148.296,174.556,169.378,174.407,184.265,215.178,206.848,226.275,239.065,256.310,251.169,276.398,267.507,281.685,314.648,335.660,357.346,365.605,410.394,456.664,475.236,507.058,555.045,606.054,665.691,705.882,687.600,723.890,760.832,841.714,886.267,946.216,1004.150,1061.653,1160.014,1294.088,1374.627,1443.057,1525.155,1629.795,1674.898,1751.997,1881.161,1989.215,2125.611,2293.528,2462.581,2716.934,2887.444,3074.133,3298.473,3413.686,3611.177,3889.472,4287.375,4677.399,5076.706,5252.179,5289.114,5600.653,6317.371,6615.503,6638.715,7040.944,7170.345,7357.364,7529.337,7665.357,8295.041,8785.749,9195.168,9348.208,9745.439,10150.106,10247.176,10309.609,10581.955,11013.258,11674.687,12194.226,12696.932,13285.153,13852.164,14782.503,15646.380,16399.578,17648.723,18942.139,20147.537,21710.211,23771.402,26150.270,28618.227,31636.006,38874.305,155280.500,44665.258,33980.379,33987.141,32425.396,29882.160,28267.391,27433.031,26911.328,26361.652,25703.371,24297.727,23226.359,22411.652,21917.043,20899.084,20745.936,19948.852,19573.383,19414.670,18155.566,16757.299,16205.786,15806.953,15688.445,15742.463,15858.506,15674.163,15606.127,16059.201,16318.051,16498.139,16234.440,16104.095,15672.053,15427.801,14867.804,14119.667,13558.812,13249.829,12775.775,12066.289,11198.016,10819.244,10307.562,9492.361,8984.028,8517.902,7936.916,7440.404,6932.505,6309.005,5678.625,5177.060,4847.936,4788.431,4187.838,3581.151,3309.789,2865.241,2516.896,2242.502,1977.907,1703.137,1486.523,1355.113,1217.522,1063.395,920.095,865.176,785.655,697.462,621.953,555.469,498.670,433.095,408.881,376.911,342.868,289.387,302.880,277.644,253.650,267.363,282.352,275.737,253.856,250.111,225.445,206.345,177.990,166.570,154.848,124.087,104.155,109.184,101.143,90.662,82.505,66.554,58.800,47.591,46.570,21.456,12.399,6.686,5.402,2.634,3.096,4.214,0.149,0.983,1.009,0.007,0.023,2.977
215,-0.158,1.306,10.289,24.696,44.821,99.776,188.035,258.050,367.213,516.472,683.674,889.923,1185.566,1526.573,2140.277,3034.630,4111.243,5677.205,7766.659,10687.577,14959.395,21132.166,28639.605,35419.094,43404.156,51547.098,62176.750,81301.016,116238.766,167149.281,86797.875,19663.898,17163.471,16852.895,16888.535,17123.840,17279.234,16915.361,16006.512,15335.142,14843.336,14452.336,14306.005,13997.465,13760.045,13750.785,13493.578,13315.548,13411.454,13171.246,12798.943,12392.130,12005.377,11847.471,11601.854,11419.515,11263.201,11175.354,10977.385,10608.796,10630.339,10514.130,10306.864,10143.544,10011.514,9911.229,10109.928,9823.484,9586.456,9202.424,8762.631,8467.490,8418.438,8111.472,8094.851,7994.139,7986.837,7959.715,7856.456,8037.339,8148.393,7940.346,7950.101,7933.644,7926.000,7947.321,8087.226,8095.208,8200.001,8264.529,8328.157,8345.991,8277.426,8282.601,8196.390,8180.456,8063.945,7815.372,7864.328,7860.291,7633.891,7464.096,7346.601,7012.289,6918.128,6871.346,6700.060,6788.196,6504.761,6479.083,6288.630,5895.297,5732.536,5592.708,5518.315,5446.208,5373.576,5076.376,4860.905,4644.599,4625.750,4586.978,4367.939,4215.016,4050.764,3910.771,3779.398,3695.392,3610.204,3418.498,3199.980,3039.050,2838.269,2841.209,2706.866,2473.970,2379.251,2429.888,2525.928,2469.643,2097.271,1865.689,1772.155,1813.943,1660.477,1622.014,1459.281,1341.034,1241.219,1199.796,1171.961,1062.333,956.090,935.723,848.157,789.280,761.145,718.017,674.482,641.920,602.449,574.485,517.877,506.253,436.338,448.896,440.399,430.324,380.979,365.731,356.259,318.888,300.566,303.978,276.005,259.708,238.723,217.746,225.703,211.935,208.528,200.447,181.391,166.358,176.034,140.334,155.201,146.076,162.181,145.198,132.605,135.234,118.088,145.444,119.739,145.857,140.630,144.919,142.248,143.201,116.484,127.236,117.477,126.182,107.767,100.710,105.867,91.939,80.477,92.820,73.632,84.723,72.304,63.568,53.782,52.872,48.479,64.911,47.488,56.491,46.178,44.496,43.567,42.985,35.813,33.345,28.767,34.876,19.102,24.636,28.750,21.691,13.942,13.940,5.750,7.304,2.277,2.940,2.988,3.065,1.205,1.760,1.065,1.265,1.752,1.987,0.983,0.021,0.979,0.000,0.027,0.973,0.000,0.000,0.000,0.000,0.078,2.922
216,-0.158,2.027,23.146,66.345,189.780,405.659,807.488,1395.505,2213.483,3192.525,5251.856,8736.583,14036.936,21661.086,32772.516,53067.586,78107.359,107286.375,155870.094,242854.922,256713.875,109190.695,49044.602,45341.344,45556.910,46083.852,46298.953,45395.445,42815.934,43190.367,42342.402,41905.395,42086.852,42665.641,43242.977,42523.953,41106.812,39999.695,40945.078,40339.914,41064.355,39823.594,39356.523,40466.656,39133.836,38389.816,38464.391,37550.992,37998.539,36908.641,37205.582,35356.195,34227.832,34073.805,36080.352,34752.844,33937.137,33072.867,32571.254,31855.578,30596.080,30353.258,31184.309,29638.408,28685.998,26689.885,25393.402,26339.723,25957.605,25292.107,23678.689,22379.510,21632.168,21464.941,20501.512,20290.266,20082.609,19043.396,18701.664,18783.742,20050.324,19535.732,21298.590,20155.410,17938.363,17183.332,17441.129,14403.884,12327.410,11371.179,10656.002,10481.246,10583.420,9731.065,8701.609,8274.796,8226.303,7876.089,7672.809,8062.810,6702.291,6201.884,5552.918,5017.013,4540.587,4170.817,3905.385,3705.010,3532.049,3313.671,3116.681,3060.668,3026.225,3022.064,3111.357,3356.747,3578.086,3600.229,3359.524,2732.977,1955.234,1326.699,995.551,868.427,777.454,711.221,676.320,640.140,595.735,565.827,553.738,549.317,513.710,547.772,525.204,498.685,485.347,446.203,455.193,426.916,407.168,374.254,373.211,355.944,313.722,327.933,318.814,285.330,276.355,267.255,272.004,263.203,227.346,204.697,211.656,199.190,180.519,153.391,176.531,148.628,132.575,137.910,123.979,120.379,131.576,109.225,98.632,96.547,97.595,84.903,88.119,82.710,68.173,77.200,62.219,71.365,51.676,55.196,60.347,39.140,39.128,45.483,33.554,38.728,35.794,35.841,24.449,20.597,21.351,20.624,15.670,21.492,13.538,8.663,12.255,10.082,9.724,8.110,8.443,4.941,4.101,3.034,4.278,2.182,4.983,3.445,0.441,1.298,1.983,2.197,1.453,0.626,2.888,0.549,0.627,0.376,0.019,0.000,0.282,0.543,0.168,0.007,1.000,0.000,0.000,0.000,0.000,0.000,0.000,0.000,1.000,0.000,0.000,0.000,0.000,0.000,0.000,0.000,0.000,0.000,0.000,0.000,0.000,0.000,0.000,0.000,0.000,1.000,0.000,0.000,0.000,0.441,0.555,0.003,0.000,0.000,0.000,1.000
217,-0.158,2.027,23.146,66.345,189.780,405.659,807.488,1395.505,2213.483,3192.525,5251.856,8736.583,14036.936,21661.086,32772.516,53067.586,78107.359,107286.375,155870.094,242854.922,256713.875,109190.695,49044.602,45341.344,45556.910,46083.852,46298.953,45395.445,42815.934,43190.367,42342.402,41905.395,42086.852,42665.641,43242.977,42523.953,41106.812,39999.695,40945.078,40339.914,41064.355,39823.594,39356.523,40466.656,39133.836,38389.816,38464.391,37550.992,37998.539,36908.641,37205.582,35356.195,34227.832,34073.805,36080.352,34752.844,33937.137,33072.867,32571.254,31855.578,30596.080,30353.258,31184.309,29638.408,28685.998,26689.885,25393.402,26339.723,25957.605,25292.107,23678.689,22379.510,21632.168,21464.941,20501.512,20290.266,20082.609,19043.396,18701.664,18783.742,20050.324,19535.732,21298.590,20155.410,17938.363,17183.332,17441.129,14403.884,12327.410,11371.179,10656.002,10481.246,10583.420,9731.065,8701.609,8274.796,8226.303,7876.089,7672.809,8062.810,6702.291,6201.884,5552.918,5017.013,4540.587,4170.817,3905.385,3705.010,3532.049,3313.671,3116.681,3060.668,3026.225,3022.064,3111.357,3356.747,3578.086,3600.229,3359.524,2732.977,1955.234,1326.699,995.551,868.427,777.454,711.221,676.320,640.140,595.735,565.827,553.738,549.317,513.710,547.772,525.204,498.685,485.347,446.203,455.193,426.916,407.168,374.254,373.211,355.944,313.722,327.933,318.814,285.330,276.355,267.255,272.004,263.203,227.346,204.697,211.656,199.190,180.519,153.391,176.531,148.628,132.575,137.910,123.979,120.379,131.576,109.225,98.632,96.547,97.595,84.903,88.119,82.710,68.173,77.200,62.219,71.365,51.676,55.196,60.347,39.140,39.128,45.483,33.554,38.728,35.794,35.841,24.449,20.597,21.351,20.624,15.670,21.492,13.538,8.663,12.255,10.082,9.724,8.110,8.443,4.941,4.101,3.034,4.278,2.182,4.983,3.445,0.441,1.298,1.983,2.197,1.453,0.626,2.888,0.549,0.627,0.376,0.019,0.000,0.282,0.543,0.168,0.007,1.000,0.000,0.000,0.000,0.000,0.000,0.000,0.000,1.000,0.000,0.000,0.000,0.000,0.000,0.000,0.000,0.000,0.000,0.000,0.000,0.000,0.000,0.000,0.000,0.000,1.000,0.000,0.000,0.000,0.441,0.555,0.003,0.000,0.000,0.000,1.000
218,-0.158,2.027,23.146,66.345,189.780,405.659,807.488,1395.505,2213.483,3192.525,5251.856,8736.583,14036.936,21661.086,32772.516,53067.586,78107.359,107286.375,155870.094,242854.922,256713.875,109190.695,49044.602,45341.344,45556.910,46083.852,46298.953,45395.445,42815.934,43190.367,42342.402,41905.395,42086.852,42665.641,43242.977,42523.953,41106.812,39999.695,40945.078,40339.914,41064.355,39823.594,39356.523,40466.656,39133.836,38389.816,38464.391,37550.992,37998.539,36908.641,37205.582,35356.195,34227.832,34073.805,36080.352,34752.844,33937.137,33072.867,32571.254,31855.578,30596.080,30353.258,31184.309,29638.408,28685.998,26689.885,25393.402,26339.723,25957.605,25292.107,23678.689,22379.510,21632.168,21464.941,20501.512,20290.266,20082.609,19043.396,18701.664,18783.742,20050.324,19535.732,21298.590,20155.410,17938.363,17183.332,17441.129,14403.884,12327.410,11371.179,10656.002,10481.246,10583.420,9731.065,8701.609,8274.796,8226.303,7876.089,7672.809,8062.810,6702.291,6201.884,5552.918,5017.013,4540.587,4170.817,3905.385,3705.010,3532.049,3313.671,3116.681,3060.668,3026.225,3022.064,3111.357,3356.747,3578.086,3600.229,3359.524,2732.977,1955.234,1326.699,995.551,868.427,777.454,711.221,676.320,640.140,595.735,565.827,553.738,549.317,513.710,547.772,525.204,498.685,485.347,446.203,455.193,426.916,407.168,374.254,373.211,355.944,313.722,327.933,318.814,285.330,276.355,267.255,272.004,263.203,227.346,204.697,211.656,199.190,180.519,153.391,176.531,148.628,132.575,137.910,123.979,120.379,131.576,109.225,98.632,96.547,97.595,84.903,88.119,82.710,68.173,77.200,62.219,71.365,51.676,55.196,60.347,39.140,39.128,45.483,33.554,38.728,35.794,35.841,24.449,20.597,21.351,20.624,15.670,21.492,13.538,8.663,12.255,10.082,9.724,8.110,8.443,4.941,4.101,3.034,4.278,2.182,4.983,3.445,0.441,1.298,1.983,2.197,1.453,0.626,2.888,0.549,0.627,0.376,0.019,0.000,0.282,0.543,0.168,0.007,1.000,0.000,0.000,0.000,0.000,0.000,0.000,0.000,1.000,0.000,0.000,0.000,0.000,0.000,0.000,0.000,0.000,0.000,0.000,0.000,0.000,0.000,0.000,0.000,0.000,1.000,0.000,0.000,0.000,0.441,0.555,0.003,0.000,0.000,0.000,1.000
219,-0.158,2.027,23.146,66.345,189.780,405.659,807.488,1395.505,2213.483,3192.525,5251.856,8736.583,14036.936,21661.086,32772.516,53067.586,78107.359,107286.375,155870.094,242854.922,256713.875,109190.695,49044.602,45341.344,45556.910,46083.852,46298.953,45395.445,42815.934,43190.367,42342.402,41905.395,42086.852,42665.641,43242.977,42523.953,41106.812,39999.695,40945.078,40339.914,41064.355,39823.594,39356.523,40466.656,39133.836,38389.816,38464.391,37550.992,37998.539,36908.641,37205.582,35356.195,34227.832,34073.805,36080.352,34752.844,33937.137,33072.867,32571.254,31855.578,30596.080,30353.258,31184.309,29638.408,28685.998,26689.885,25393.402,26339.723,25957.605,25292.107,23678.689,22379.510,21632.168,21464.941,20501.512,20290.266,20082.609,19043.396,18701.664,18783.742,20050.324,19535.732,21298.590,20155.410,17938.363,17183.332,17441.129,14403.884,12327.410,11371.179,10656.002,10481.246,10583.420,9731.065,8701.609,8274.796,8226.303,7876.089,7672.809,8062.810,6702.291,6201.884,5552.918,5017.013,4540.587,4170.817,3905.385,3705.010,3532.049,3313.671,3116.681,3060.668,3026.225,3022.064,3111.357,3356.747,3578.086,3600.229,3359.524,2732.977,1955.234,1326.699,995.551,868.427,777.454,711.221,676.320,640.140,595.735,565.827,553.738,549.317,513.710,547.772,525.204,498.685,485.347,446.203,455.193,426.916,407.168,374.254,373.211,355.944,313.722,327.933,318.814,285.330,276.355,267.255,272.004,263.203,227.346,204.697,211.656,199.190,180.519,153.391,176.531,148.628,132.575,137.910,123.979,120.379,131.576,109.225,98.632,96.547,97.595,84.903,88.119,82.710,68.173,77.200,62.219,71.365,51.676,55.196,60.347,39.140,39.128,45.483,33.554,38.728,35.794,35.841,24.449,20.597,21.351,20.624,15.670,21.492,13.538,8.663,12.255,10.082,9.724,8.110,8.443,4.941,4.101,3.034,4.278,2.182,4.983,3.445,0.441,1.298,1.983,2.197,1.453,0.626,2.888,0.549,0.627,0.376,0.019,0.000,0.282,0.543,0.168,0.007,1.000,0.000,0.000,0.000,0.000,0.000,0.000,0.000,1.000,0.000,0.000,0.000,0.000,0.000,0.000,0.000,0.000,0.000,0.000,0.000,0.000,0.000,0.000,0.000,0.000,1.000,0.000,0.000,0.000,0.441,0.555,0.003,0.000,0.000,0.000,1.000
220,-0.158,2.027,23.146,66.345,189.780,405.659,807.488,1395.505,2213.483,3192.525,5251.856,8736.583,14036.936,21661.086,32772.516,53067.586,78107.359,107286.375,155870.094,242854.922,256713.875,109190.695,49044.602,45341.344,45556.910,46083.852,46298.953,45395.445,42815.934,43190.367,42342.402,41905.395,42086.852,42665.641,43242.977,42523.953,41106.812,39999.695,40945.078,40339.914,41064.355,39823.594,39356.523,40466.656,39133.836,38389.816,38464.391,37550.992,37998.539,36908.641,37205.582,35356.195,34227.832,34073.805,36080.352,34752.844,33937.137,33072.867,32571.254,31855.578,30596.080,30353.258,31184.309,29638.408,28685.998,26689.885,25393.402,26339.723,25957.605,25292.107,23678.689,22379.510,21632.168,21464.941,20501.512,20290.266,20082.609,19043.396,18701.664,18783.742,20050.324,19535.732,21298.590,20155.410,17938.363,17183.332,17441.129,14403.884,12327.410,11371.179,10656.002,10481.246,10583.420,9731.065,8701.609,8274.796,8226.303,7876.089,7672.809,8062.810,6702.291,6201.884,5552.918,5017.013,4540.587,4170.817,3905.385,3705.010,3532.049,3313.671,3116.681,3060.668,3026.225,3022.064,3111.357,3356.747,3578.086,3600.229,3359.524,2732.977,1955.234,1326.699,995.551,868.427,777.454,711.221,676.320,640.140,595.735,565.827,553.738,549.317,513.710,547.772,525.204,498.685,485.347,446.203,455.193,426.916,407.168,374.254,373.211,355.944,313.722,327.933,318.814,285.330,276.355,267.255,272.004,263.203,227.346,204.697,211.656,199.190,180.519,153.391,176.531,148.628,132.575,137.910,123.979,120.379,131.576,109.225,98.632,96.547,97.595,84.903,88.119,82.710,68.173,77.200,62.219,71.365,51.676,55.196,60.347,39.140,39.128,45.483,33.554,38.728,35.794,35.841,24.449,20.597,21.351,20.624,15.670,21.492,13.538,8.663,12.255,10.082,9.724,8.110,8.443,4.941,4.101,3.034,4.278,2.182,4.983,3.445,0.441,1.298,1.983,2.197,1.453,0.626,2.888,0.549,0.627,0.376,0.019,0.000,0.282,0.543,0.168,0.007,1.000,0.000,0.000,0.000,0.000,0.000,0.000,0.000,1.000,0.000,0.000,0.000,0.000,0.000,0.000,0.000,0.000,0.000,0.000,0.000,0.000,0.000,0.000,0.000,0.000,1.000,0.000,0.000,0.000,0.441,0.555,0.003,0.000,0.000,0.000,1.000
221,-0.120,1.306,1.000,6.441,20.765,48.314,99.627,192.356,393.205,777.115,1497.620,2705.408,4280.438,6715.042,9885.637,13900.440,17259.625,19735.236,26070.402,32216.354,44400.508,66304.828,108027.094,70750.102,27610.844,18930.885,19091.217,19404.854,19798.934,20155.215,20338.199,20098.443,19750.473,19024.602,18875.984,17370.637,18432.342,18065.109,18790.564,17347.850,17269.602,17657.150,17282.752,17139.404,19071.623,17718.742,16838.340,18274.574,16681.914,16234.451,16154.906,17863.023,16159.473,16150.050,17363.340,15830.812,15211.897,15027.705,16822.328,14622.014,14102.365,14137.615,13943.493,13976.455,13590.146,13165.254,14314.088,13246.886,12127.395,12222.790,11430.291,11206.373,11075.898,10899.233,10907.886,11976.689,12740.503,10539.188,10465.115,10261.707,9747.324,9546.417,9318.100,9140.665,8953.245,8716.286,8616.331,8385.969,8297.224,8395.486,8186.260,7582.677,7565.523,7371.675,7712.325,8998.092,8122.618,7250.825,7284.790,8300.625,6784.197,6474.117,6272.051,6167.518,5819.398,5736.731,5638.801,5397.901,5208.892,5035.857,4997.822,5101.552,5272.229,5412.653,5794.750,6018.606,6334.474,6426.003,7719.325,9515.188,6996.383,6052.378,6279.480,6065.399,5452.906,5381.651,4211.389,3827.503,3587.329,3429.315,3291.935,2988.226,2882.816,2902.477,3089.373,3209.200,2979.051,2706.922,2509.639,2448.272,2529.337,2573.679,2592.501,2354.166,2048.236,1853.993,1788.820,1824.517,1779.190,1518.891,1317.939,1144.660,1017.305,932.719,840.970,755.724,700.052,646.248,603.857,593.552,549.163,500.110,490.654,485.667,450.073,407.037,382.944,363.495,325.762,301.580,297.819,288.030,258.254,230.925,222.278,224.923,210.638,195.578,189.975,172.576,161.862,161.745,149.789,131.863,126.870,125.779,124.529,113.917,97.990,95.217,93.095,91.681,81.060,85.914,84.558,75.716,75.843,75.394,68.547,70.654,58.159,65.191,61.802,59.674,52.470,50.247,43.446,43.966,45.343,38.150,38.247,33.163,26.855,21.923,22.418,21.573,23.196,22.338,20.445,21.464,18.555,14.295,15.296,11.856,10.087,12.533,13.671,7.725,7.322,12.177,6.883,8.215,8.350,3.382,2.742,4.910,2.191,2.607,2.708,2.983,1.228,0.600,1.894,1.745,2.213,1.056,0.073,0.039,0.907,0.054,0.040,0.931,0.030,0.000,0.000,0.000,0.084,2.916
222,-0.120,1.306,1.000,6.441,20.765,48.314,99.627,192.356,393.205,777.115,1497.620,2705.408,4280.438,6715.042,9885.637,13900.440,17259.625,19735.236,26070.402,32216.354,44400.508,66304.828,108027.094,70750.102,27610.844,18930.885,19091.217,19404.854,19798.934,20155.215,20338.199,20098.443,19750.473,19024.602,18875.984,17370.637,18432.342,18065.109,18790.564,17347.850,17269.602,17657.150,17282.752,17139.404,19071.623,17718.742,16838.340,18274.574,16681.914,16234.451,16154.906,17863.023,16159.473,16150.050,17363.340,15830.812,15211.897,15027.705,16822.328,14622.014,14102.365,14137.615,13943.493,13976.455,13590.146,13165.254,14314.088,13246.886,12127.395,12222.790,11430.291,11206.373,11075.898,10899.233,10907.886,11976.689,12740.503,10539.188,10465.115,10261.707,9747.324,9546.417,9318.100,9140.665,8953.245,8716.286,8616.331,8385.969,8297.224,8395.486,8186.260,7582.677,7565.523,7371.675,7712.325,8998.092,8122.618,7250.825,7284.790,8300.625,6784.197,6474.117,6272.051,6167.518,5819.398,5736.731,5638.801,5397.901,5208.892,5035.857,4997.822,5101.552,5272.229,5412.653,5794.750,6018.606,6334.474,6426.003,7719.325,9515.188,6996.383,6052.378,6279.480,6065.399,5452.906,5381.651,4211.389,3827.503,3587.329,3429.315,3291.935,2988.226,2882.816,2902.477,3089.373,3209.200,2979.051,2706.922,2509.639,2448.272,2529.337,2573.679,2592.501,2354.166,2048.236,1853.993,1788.820,1824.517,1779.190,1518.891,1317.939,1144.660,1017.305,932.719,840.970,755.724,700.052,646.248,603.857,593.552,549.163,500.110,490.654,485.667,450.073,407.037,382.944,363.495,325.762,301.580,297.819,288.030,258.254,230.925,222.278,224.923,210.638,195.578,189.975,172.576,161.862,161.745,149.789,131.863,126.870,125.779,124.529,113.917,97.990,95.217,93.095,91.681,81.060,85.914,84.558,75.716,75.843,75.394,68.547,70.654,58.159,65.191,61.802,59.674,52.470,50.247,43.446,43.966,45.343,38.150,38.247,33.163,26.855,21.923,22.418,21.573,23.196,22.338,20.445,21.464,18.555,14.295,15.296,11.856,10.087,12.533,13.671,7.725,7.322,12.177,6.883,8.215,8.350,3.382,2.742,4.910,2.191,2.607,2.708,2.983,1.228,0.600,1.894,1.745,2.213,1.056,0.073,0.039,0.907,0.054,0.040,0.931,0.030,0.000,0.000,0.000,0.084,2.916
223,-0.158,2.027,23.146,66.345,189.776,405.539,805.013,1382.741,2151.500,2998.011,4701.006,7216.921,10387.084,14147.891,18735.492,30540.980,47303.719,62726.074,85377.250,125826.797,152865.000,60787.562,18708.561,15091.355,14693.503,15292.060,16397.094,16586.898,15336.705,14689.528,14794.287,15068.527,15488.862,15698.329,15419.343,15141.074,15096.907,14904.836,14868.100,15226.651,15412.267,15489.977,15924.126,16479.332,16768.074,16747.969,17014.607,16961.598,16885.721,17228.424,18621.922,17874.234,17269.242,17235.602,17507.436,17561.875,17834.199,17850.668,17968.623,17700.186,17008.777,17114.633,18309.742,16820.500,16659.117,15021.228,13704.891,13432.162,14071.363,13540.329,12632.136,12307.350,12152.096,12482.195,11835.108,12084.695,12285.460,11257.297,10677.424,10178.570,10795.600,9699.799,8885.223,8549.582,8011.097,7858.408,8765.791,7463.184,6459.667,6014.597,5743.855,5969.648,6047.249,4889.140,4323.870,4379.421,4363.882,3949.851,3916.470,4926.440,3892.516,3388.387,3130.832,3030.785,2892.431,2793.417,2689.998,2671.969,2584.700,2438.883,2323.399,2310.378,2342.284,2420.700,2568.401,2870.600,3121.228,3187.027,3002.607,2388.068,1632.051,1037.777,731.749,629.982,557.866,518.084,487.766,465.758,438.955,422.904,419.658,420.764,391.793,434.293,414.868,397.090,385.966,354.607,373.735,349.184,339.847,313.018,316.843,310.443,275.409,299.380,281.075,253.677,244.143,242.582,250.028,245.077,207.276,192.548,198.209,185.597,168.649,145.275,170.336,143.917,129.647,134.384,122.229,116.927,129.330,107.651,97.887,96.107,97.549,84.010,88.012,82.710,67.090,75.576,61.965,71.327,51.674,55.196,60.347,39.140,39.128,45.483,33.554,38.728,35.794,35.841,24.449,20.597,21.351,20.624,15.670,21.492,13.538,8.663,12.255,10.082,9.724,8.110,8.443,4.941,4.101,3.034,4.278,2.182,4.983,3.445,0.441,1.298,1.983,2.197,1.453,0.626,2.888,0.549,0.627,0.376,0.019,0.000,0.282,0.543,0.168,0.007,1.000,0.000,0.000,0.000,0.000,0.000,0.000,0.000,1.000,0.000,0.000,0.000,0.000,0.000,0.000,0.000,0.000,0.000,0.000,0.000,0.000,0.000,0.000,0.000,0.000,1.000,0.000,0.000,0.000,0.441,0.555,0.003,0.000,0.000,0.000,1.000
224,-0.158,2.027,23.146,66.345,189.776,405.539,805.013,1382.741,2151.500,2998.011,4701.006,7216.921,10387.084,14147.891,18735.492,30540.980,47303.719,62726.074,85377.250,125826.797,152865.000,60787.562,18708.561,15091.355,14693.503,15292.060,16397.094,16586.898,15336.705,14689.528,14794.287,15068.527,15488.862,15698.329,15419.343,15141.074,15096.907,14904.836,14868.100,15226.651,15412.267,15489.977,15924.126,16479.332,16768.074,16747.969,17014.607,16961.598,16885.721,17228.424,18621.922,17874.234,17269.242,17235.602,17507.436,17561.875,17834.199,17850.668,17968.623,17700.186,17008.777,17114.633,18309.742,16820.500,16659.117,15021.228,13704.891,13432.162,14071.363,13540.329,12632.136,12307.350,12152.096,12482.195,11835.108,12084.695,12285.460,11257.297,10677.424,10178.570,10795.600,9699.799,8885.223,8549.582,8011.097,7858.408,8765.791,7463.184,6459.667,6014.597,5743.855,5969.648,6047.249,4889.140,4323.870,4379.421,4363.882,3949.851,3916.470,4926.440,3892.516,3388.387,3130.832,3030.785,2892.431,2793.417,2689.998,2671.969,2584.700,2438.883,2323.399,2310.378,2342.284,2420.700,2568.401,2870.600,3121.228,3187.027,3002.607,2388.068,1632.051,1037.777,731.749,629.982,557.866,518.084,487.766,465.758,438.955,422.904,419.658,420.764,391.793,434.293,414.868,397.090,385.966,354.607,373.735,349.184,339.847,313.018,316.843,310.443,275.409,299.380,281.075,253.677,244.143,242.582,250.028,245.077,207.276,192.548,198.209,185.597,168.649,145.275,170.336,143.917,129.647,134.384,122.229,116.927,129.330,107.651,97.887,96.107,97.549,84.010,88.012,82.710,67.090,75.576,61.965,71.327,51.674,55.196,60.347,39.140,39.128,45.483,33.554,38.728,35.794,35.841,24.449,20.597,21.351,20.624,15.670,21.492,13.538,8.663,12.255,10.082,9.724,8.110,8.443,4.941,4.101,3.034,4.278,2.182,4.983,3.445,0.441,1.298,1.983,2.197,1.453,0.626,2.888,0.549,0.627,0.376,0.019,0.000,0.282,0.543,0.168,0.007,1.000,0.000,0.000,0.000,0.000,0.000,0.000,0.000,1.000,0.000,0.000,0.000,0.000,0.000,0.000,0.000,0.000,0.000,0.000,0.000,0.000,0.000,0.000,0.000,0.000,1.000,0.000,0.000,0.000,0.441,0.555,0.003,0.000,0.000,0.000,1.000
225,-0.860,1.157,1.000,1.000,0.000,0.000,0.000,0.000,0.131,0.867,0.002,0.000,0.206,1.019,1.262,2.590,3.470,1.902,6.282,4.180,3.776,4.023,3.532,5.151,6.234,9.482,11.744,13.750,15.142,18.697,23.552,29.639,33.645,36.723,37.587,40.469,47.233,53.863,50.277,48.386,56.424,70.508,92.673,98.102,112.423,110.198,137.259,169.601,216.318,242.461,276.922,318.383,445.151,563.999,603.102,580.254,606.280,670.689,695.393,772.303,1049.652,902.236,836.703,848.713,776.533,706.011,688.239,745.773,775.979,710.147,724.523,756.088,775.382,848.635,925.332,1038.533,1156.187,1258.858,1438.760,1567.201,1684.055,1890.915,2157.280,2392.377,2648.589,3015.626,3527.950,3974.625,4436.805,4897.359,5629.460,6576.164,7667.484,9069.574,10579.908,12004.785,12677.838,13396.975,13938.319,14801.153,16506.066,18012.484,19543.945,22332.838,23170.072,21108.115,19821.990,19213.361,19490.676,20231.979,21876.498,22027.891,21961.695,22397.316,23236.072,24188.852,25356.490,25850.457,26346.350,26956.729,27092.305,26851.686,26542.699,25737.645,24849.836,24036.637,23313.191,22819.338,22548.205,22529.439,22704.918,22713.988,22529.156,22238.449,22385.537,22854.229,23008.223,22626.621,22441.941,22806.148,23438.203,24104.926,25330.023,26946.367,28457.391,28984.979,28666.438,28583.502,28872.506,29866.285,28921.098,26425.951,24457.281,22446.492,20795.795,18790.637,17353.279,16247.492,14609.452,13153.669,11938.817,11512.177,10798.421,10200.079,9578.490,8780.176,8163.842,7840.369,7657.047,7510.409,6992.812,6460.500,5914.416,5375.894,4918.574,4444.801,4153.364,3703.347,3314.411,2969.764,2559.903,2220.737,1951.251,1791.552,1725.091,1587.805,1467.609,1376.664,1248.904,1195.918,1105.947,1017.573,992.458,1008.482,986.487,1002.536,1005.405,961.961,875.725,809.227,702.697,556.176,443.591,398.732,348.393,313.742,289.448,307.826,319.620,317.506,312.942,385.790,372.675,376.856,322.549,288.582,254.693,235.590,185.460,149.113,92.362,72.411,56.865,42.403,31.284,17.481,18.957,11.921,14.771,10.513,6.131,8.870,8.491,4.762,6.065,3.131,2.147,2.955,3.079,3.196,3.476,1.924,2.153,2.585,1.097,1.134,0.900,1.082,0.000,0.000,0.000,0.000,0.696,0.304,0.000,0.000,0.000,1.000
226,-0.086,1.157,2.057,2.973,24.235,45.425,140.011,294.676,592.270,1497.824,3281.974,4688.948,4835.625,6037.597,10611.145,21479.562,46127.773,83101.438,111071.148,80418.609,29351.828,14572.309,13605.501,13862.809,14051.762,14284.104,14792.197,15323.851,15651.231,15942.373,15787.063,16263.464,16573.551,16700.086,16678.424,16683.867,16561.350,16577.701,16299.916,15890.122,15692.441,15252.614,14970.400,14705.228,14322.516,14156.271,13974.787,13908.833,13840.939,13927.914,14012.256,13990.576,14015.826,13947.613,13801.697,13735.515,13674.261,13720.410,13941.388,14229.685,14325.614,14124.083,13893.556,13702.609,13723.494,14106.881,14139.750,14489.788,14639.902,14925.053,15607.352,16130.508,16785.533,17514.459,17969.211,17823.840,17946.121,17556.369,17451.295,17670.203,17828.625,18197.688,18484.883,18088.156,17069.752,16011.633,15243.546,14664.067,13730.907,13186.034,12515.258,11658.732,11136.193,10601.899,10113.899,9790.410,9052.800,8538.610,7809.310,7369.812,7204.302,7038.651,6828.390,6574.200,6324.867,6084.726,5836.427,5583.088,5175.297,5022.084,4924.792,4784.168,4713.662,4709.562,4672.848,4425.515,4197.704,4019.643,3798.401,3589.363,3368.276,3238.333,3045.214,2808.313,2698.929,2638.905,2448.437,2219.924,2116.790,1995.343,1869.063,1684.570,1507.337,1415.855,1270.641,1223.292,1108.346,1102.094,1065.030,1029.500,977.987,901.026,879.516,877.513,786.038,739.564,758.777,731.711,694.478,632.374,613.469,600.509,601.032,636.501,629.397,584.242,620.928,629.092,602.528,621.445,585.441,537.206,518.763,487.511,443.121,383.440,330.334,303.704,249.250,234.942,227.613,206.242,190.826,182.771,180.689,190.646,199.496,189.490,197.419,193.594,184.812,206.140,234.060,248.128,233.703,229.081,220.069,190.517,188.276,176.230,160.182,149.015,141.558,118.137,99.464,99.785,68.544,53.857,48.425,39.898,33.615,25.453,20.684,21.868,14.888,12.213,10.942,9.742,7.024,9.198,8.860,6.346,4.620,4.283,4.605,2.990,6.385,4.987,2.569,4.345,3.790,1.301,1.721,1.370,1.693,3.008,0.478,1.819,0.420,4.289,0.674,1.588,1.015,1.430,1.859,1.047,0.868,0.483,1.478,0.039,1.000,0.000,0.000,0.000,0.000,0.000,0.000,0.000,0.000,0.617,0.383,0.000,0.000,0.000,0.000,0.000,0.000,1.000
227,-1.825,1.890,2.000,0.003,0.568,0.429,0.024,0.606,1.370,0.000,0.000,0.001,1.074,0.773,1.525,0.714,0.907,2.492,0.571,1.254,1.794,2.513,3.573,3.522,1.123,3.584,7.700,7.924,10.736,12.042,19.010,19.119,28.690,34.059,31.783,36.284,47.543,59.533,60.499,67.040,87.531,92.371,88.813,117.698,128.148,135.878,161.285,180.706,166.495,163.955,210.731,224.151,229.465,254.687,285.362,289.169,323.528,330.616,333.099,370.216,400.518,455.258,500.357,620.708,696.194,799.381,938.672,1061.562,1213.974,1390.826,1559.841,1698.472,1746.669,1782.752,1904.389,2043.421,2193.477,2362.589,2507.487,2559.024,2625.503,2760.421,2929.531,3057.437,3248.951,3420.376,3530.928,3622.901,3790.640,3964.927,4148.951,4380.438,4685.545,4918.056,5296.915,5766.871,6071.792,6363.911,6486.526,6699.558,7195.817,7769.587,8508.119,9059.277,9767.238,10572.659,11654.892,12946.270,14435.582,16498.520,18646.648,21039.754,26085.375,35102.930,34202.000,27312.922,28152.945,31278.656,34314.914,38103.676,42410.273,46619.617,47985.695,49041.930,51520.410,54161.059,54010.125,53487.641,53319.617,57434.414,61993.535,51054.582,43581.676,39047.215,36701.859,36099.977,38667.668,40757.879,34156.188,25990.852,20712.062,18239.746,16728.900,15402.170,13954.209,12741.105,11727.414,10652.036,9647.254,9021.727,8450.409,7903.122,7271.131,6952.880,6565.525,6022.172,5737.191,5504.118,5235.487,4949.546,4671.493,4273.575,3976.096,3785.240,3571.807,3440.859,3315.676,3137.957,2951.961,2736.189,2542.341,2445.560,2400.204,2389.458,2321.854,2195.478,2018.497,1943.514,1837.889,1753.306,1649.156,1559.109,1558.116,1598.392,1452.367,1353.051,1212.387,1120.778,1032.125,970.848,888.796,820.921,789.457,747.590,675.314,615.347,586.095,560.150,496.696,448.648,408.225,402.138,349.862,323.898,290.605,275.863,260.015,244.455,256.253,274.702,253.205,209.721,176.192,159.284,136.063,126.896,121.845,110.253,122.946,103.540,75.608,61.882,48.842,38.413,29.446,31.384,26.095,24.054,24.434,17.062,18.091,17.210,20.366,19.769,16.285,14.196,11.872,11.161,11.521,10.000,6.234,8.381,6.348,4.197,4.940,7.053,6.489,5.398,1.720,1.193,1.665,1.439,0.871,1.798,0.808,0.233,0.700,1.304
228,-1.708,1.572,1.000,0.005,0.305,1.023,1.006,0.661,0.015,0.221,0.508,0.265,0.127,0.603,1.091,1.747,1.805,2.178,1.738,0.724,2.803,2.739,2.904,5.002,10.021,11.394,10.433,11.529,20.153,21.078,21.609,22.482,26.898,31.511,34.649,32.067,36.184,40.556,48.093,50.331,61.931,68.716,73.293,78.645,89.121,92.308,97.931,98.585,111.409,110.105,123.689,149.155,157.007,171.473,169.641,197.411,207.511,263.037,285.048,297.369,356.987,402.127,453.264,472.871,514.370,579.646,620.365,609.637,614.532,638.357,634.587,701.486,775.131,799.542,832.448,907.588,967.985,1054.769,1101.420,1209.349,1252.568,1332.079,1415.662,1513.341,1567.968,1680.823,1807.882,1929.017,2085.918,2202.942,2406.776,2596.296,2797.220,3008.565,3340.509,3573.077,3793.056,3984.110,4337.691,4565.933,4893.253,5164.880,5523.013,6014.797,6325.415,6811.051,7306.357,7793.728,8210.638,8579.084,9037.051,9574.391,10444.616,10981.232,11810.945,12762.987,13698.696,14607.269,15554.487,16474.973,17415.125,18353.078,19539.256,20761.471,21994.656,23681.527,25435.408,27344.600,29168.904,31389.668,33586.773,35727.469,38024.480,40697.641,44363.062,48528.941,50332.688,49675.457,46992.352,43665.762,40870.531,38827.988,36732.004,34531.969,32540.168,30918.012,29367.355,27994.031,26720.383,25767.059,25096.910,24801.508,25378.367,26047.977,26096.500,24558.750,21763.146,19163.840,17377.301,15963.797,14686.406,13878.230,13198.078,12700.577,12316.867,11981.261,11751.120,11413.986,11210.093,10377.254,9681.154,8932.668,8332.525,7954.117,7362.524,6738.457,6177.187,5677.233,5257.245,4773.904,4296.551,3898.978,3506.382,3196.624,2964.059,2797.406,2608.283,2392.450,2242.418,2026.335,1858.669,1743.094,1596.796,1508.637,1369.176,1267.215,1164.568,1121.690,1050.376,1040.043,936.474,815.068,683.401,648.558,587.622,565.648,536.126,501.571,458.271,439.742,395.846,381.467,368.083,350.364,344.819,314.216,303.539,291.769,275.754,252.875,240.111,231.999,224.956,218.785,195.088,177.571,162.609,147.875,149.280,141.130,131.517,126.054,104.263,98.913,89.897,80.945,71.792,69.467,57.552,46.088,33.029,32.335,19.478,18.762,13.874,13.159,7.852,8.293,5.632,3.767,1.943,2.245,1.236,1.822,1.987,1.099,0.000,1.000
229,-0.171,1.572,2.504,2.749,7.544,19.329,66.063,133.624,215.403,375.071,568.756,891.024,1506.810,2439.846,3406.243,4528.020,6310.648,8836.795,12781.485,18682.887,26733.766,37729.586,52377.859,73747.078,102115.250,135291.109,145782.547,78692.250,37498.293,28141.676,26791.609,26632.703,25734.332,24660.012,23671.295,22587.672,21930.242,21216.102,20797.645,20262.438,19602.012,18883.137,18399.730,17702.488,17270.590,16778.695,16342.952,15884.046,15387.081,14989.368,14694.052,14414.368,13967.550,13713.883,13561.962,13297.034,13025.630,12977.350,13243.144,13480.256,13768.260,13976.409,14109.550,14117.197,13668.628,12943.645,11989.840,10994.405,10280.833,9792.930,9300.634,8874.399,8478.369,8104.534,7776.422,7529.379,7358.334,7084.695,6976.469,6806.283,6665.731,6580.622,6502.461,6414.006,6274.722,6293.970,6196.048,6090.924,6051.118,5990.050,5750.472,5545.517,5301.273,5125.385,4882.185,4701.683,4492.048,4326.167,4309.369,4234.065,3989.250,3798.023,3611.268,3468.014,3279.449,3125.896,2994.050,2882.438,2792.682,2690.510,2493.027,2343.010,2260.960,2125.072,2032.323,1860.131,1776.773,1714.143,1677.962,1583.202,1515.282,1487.042,1453.826,1357.467,1340.317,1281.846,1192.054,1176.164,1107.425,1052.712,1008.859,955.223,938.676,898.321,866.691,815.269,808.853,767.950,722.324,680.658,675.274,620.580,625.955,614.579,592.493,552.642,539.338,542.091,568.204,532.939,472.100,437.044,386.338,364.525,338.069,335.184,336.255,316.693,303.916,290.659,303.596,276.107,270.652,254.690,252.358,242.008,225.989,232.871,217.858,189.340,192.990,206.777,186.165,198.965,195.123,170.527,180.194,185.673,155.673,155.325,160.533,160.564,151.792,145.179,148.967,134.880,131.142,125.427,128.635,122.126,114.116,118.792,119.794,112.036,111.777,97.434,97.442,91.784,84.314,84.740,83.598,73.051,71.145,79.938,77.098,71.370,76.946,68.569,64.507,59.013,55.272,50.626,49.095,50.517,43.281,41.904,41.998,44.466,30.875,34.073,36.808,30.046,28.230,18.933,16.645,18.141,21.483,15.742,9.290,8.450,11.312,9.972,7.391,5.839,7.602,5.094,3.152,4.813,5.882,4.194,1.703,1.166,0.905,1.882,1.150,1.446,0.575,0.465,0.627,0.785,1.124,1.129,1.147,0.669,0.000,0.000,0.000,1.000
230,-0.171,1.572,2.504,2.749,7.544,19.329,66.063,133.626,215.458,377.015,575.431,914.530,1587.215,2614.036,3824.739,5475.266,8342.054,12722.257,19629.707,29845.371,43269.039,59365.438,79912.242,111653.367,156729.641,218696.406,252442.156,141440.219,68564.977,52169.617,50644.078,50988.039,50458.074,49268.359,47573.637,45802.164,44307.555,43180.836,43373.836,42527.891,40917.594,40297.297,39620.602,39144.711,39620.902,38279.656,37899.523,36523.996,35452.207,35465.211,35319.688,34394.945,34382.820,33052.391,32322.682,32769.801,31211.211,30424.828,30441.721,30563.695,30481.576,30264.961,30967.715,29714.666,28589.785,27144.998,25707.758,24473.697,23887.568,24034.553,23848.113,22072.543,21143.266,20217.568,19500.430,18889.488,18490.115,17862.207,17486.273,17159.676,16838.035,16612.502,16003.717,15749.174,15523.150,16019.062,16515.561,15401.008,15127.572,15285.815,14035.345,13357.485,12784.457,12285.668,11856.004,11367.923,10900.432,10511.227,10512.402,10609.754,10647.674,10862.914,11037.026,11397.137,12143.287,13364.846,11828.910,10646.560,10411.166,9715.449,8521.869,7533.492,6853.501,6362.273,6043.514,5590.738,5373.235,5404.658,5509.976,5197.707,4786.423,4517.417,4539.995,4466.156,4445.133,3995.469,3602.777,3399.025,3343.493,3112.569,2754.104,2427.373,2227.431,2023.066,1858.855,1693.492,1620.157,1518.041,1432.552,1317.432,1294.934,1214.420,1144.121,1111.365,1052.986,953.191,921.088,908.493,900.557,826.178,754.180,704.759,640.847,596.407,551.252,535.608,526.446,492.754,461.307,448.254,448.230,410.314,389.424,367.979,370.207,339.838,329.753,329.781,314.415,279.132,276.623,283.563,260.066,272.678,268.933,234.239,239.254,239.362,206.148,202.389,201.298,197.162,180.136,168.102,178.396,164.249,154.070,152.413,150.667,139.865,129.646,132.835,133.818,125.126,120.863,108.111,108.729,100.560,90.564,90.762,88.460,76.537,73.995,82.544,79.229,73.726,78.614,70.692,65.939,59.478,55.807,51.019,49.175,51.521,43.281,41.904,42.037,45.445,32.574,34.301,36.858,30.051,28.231,18.933,16.645,18.141,21.483,15.742,9.290,8.450,11.312,9.972,7.391,5.839,7.602,5.094,3.152,4.813,5.882,4.194,1.703,1.166,0.905,1.882,1.150,1.446,0.575,0.465,0.627,0.785,1.124,1.129,1.147,0.669,0.000,0.000,0.000,1.000
231,-0.171,1.572,2.504,2.749,7.544,19.329,66.063,133.626,215.458,377.015,575.431,914.530,1587.215,2614.036,3824.739,5475.266,8342.054,12722.257,19629.707,29845.371,43269.039,59365.438,79912.242,111653.367,156729.641,218696.406,252442.156,141440.219,68564.977,52169.617,50644.078,50988.039,50458.074,49268.359,47573.637,45802.164,44307.555,43180.836,43373.836,42527.891,40917.594,40297.297,39620.602,39144.711,39620.902,38279.656,37899.523,36523.996,35452.207,35465.211,35319.688,34394.945,34382.820,33052.391,32322.682,32769.801,31211.211,30424.828,30441.721,30563.695,30481.576,30264.961,30967.715,29714.666,28589.785,27144.998,25707.758,24473.697,23887.568,24034.553,23848.113,22072.543,21143.266,20217.568,19500.430,18889.488,18490.115,17862.207,17486.273,17159.676,16838.035,16612.502,16003.717,15749.174,15523.150,16019.062,16515.561,15401.008,15127.572,15285.815,14035.345,13357.485,12784.457,12285.668,11856.004,11367.923,10900.432,10511.227,10512.402,10609.754,10647.674,10862.914,11037.026,11397.137,12143.287,13364.846,11828.910,10646.560,10411.166,9715.449,8521.869,7533.492,6853.501,6362.273,6043.514,5590.738,5373.235,5404.658,5509.976,5197.707,4786.423,4517.417,4539.995,4466.156,4445.133,3995.469,3602.777,3399.025,3343.493,3112.569,2754.104,2427.373,2227.431,2023.066,1858.855,1693.492,1620.157,1518.041,1432.552,1317.432,1294.934,1214.420,1144.121,1111.365,1052.986,953.191,921.088,908.493,900.557,826.178,754.180,704.759,640.847,596.407,551.252,535.608,526.446,492.754,461.307,448.254,448.230,410.314,389.424,367.979,370.207,339.838,329.753,329.781,314.415,279.132,276.623,283.563,260.066,272.678,268.933,234.239,239.254,239.362,206.148,202.389,201.298,197.162,180.136,168.102,178.396,164.249,154.070,152.413,150.667,139.865,129.646,132.835,133.818,125.126,120.863,108.111,108.729,100.560,90.564,90.762,88.460,76.537,73.995,82.544,79.229,73.726,78.614,70.692,65.939,59.478,55.807,51.019,49.175,51.521,43.281,41.904,42.037,45.445,32.574,34.301,36.858,30.051,28.231,18.933,16.645,18.141,21.483,15.742,9.290,8.450,11.312,9.972,7.391,5.839,7.602,5.094,3.152,4.813,5.882,4.194,1.703,1.166,0.905,1.882,1.150,1.446,0.575,0.465,0.627,0.785,1.124,1.129,1.147,0.669,0.000,0.000,0.000,1.000
232,-0.171,1.572,2.504,2.749,7.544,19.329,66.063,133.626,215.458,377.015,575.431,914.530,1587.215,2614.036,3824.739,5475.266,8342.054,12722.257,19629.707,29845.371,43269.039,59365.438,79912.242,111653.367,156729.641,218696.406,252442.156,141440.219,68564.977,52169.617,50644.078,50988.039,50458.074,49268.359,47573.637,45802.164,44307.555,43180.836,43373.836,42527.891,40917.594,40297.297,39620.602,39144.711,39620.902,38279.656,37899.523,36523.996,35452.207,35465.211,35319.688,34394.945,34382.820,33052.391,32322.682,32769.801,31211.211,30424.828,30441.721,30563.695,30481.576,30264.961,30967.715,29714.666,28589.785,27144.998,25707.758,24473.697,23887.568,24034.553,23848.113,22072.543,21143.266,20217.568,19500.430,18889.488,18490.115,17862.207,17486.273,17159.676,16838.035,16612.502,16003.717,15749.174,15523.150,16019.062,16515.561,15401.008,15127.572,15285.815,14035.345,13357.485,12784.457,12285.668,11856.004,11367.923,10900.432,10511.227,10512.402,10609.754,10647.674,10862.914,11037.026,11397.137,12143.287,13364.846,11828.910,10646.560,10411.166,9715.449,8521.869,7533.492,6853.501,6362.273,6043.514,5590.738,5373.235,5404.658,5509.976,5197.707,4786.423,4517.417,4539.995,4466.156,4445.133,3995.469,3602.777,3399.025,3343.493,3112.569,2754.104,2427.373,2227.431,2023.066,1858.855,1693.492,1620.157,1518.041,1432.552,1317.432,1294.934,1214.420,1144.121,1111.365,1052.986,953.191,921.088,908.493,900.557,826.178,754.180,704.759,640.847,596.407,551.252,535.608,526.446,492.754,461.307,448.254,448.230,410.314,389.424,367.979,370.207,339.838,329.753,329.781,314.415,279.132,276.623,283.563,260.066,272.678,268.933,234.239,239.254,239.362,206.148,202.389,201.298,197.162,180.136,168.102,178.396,164.249,154.070,152.413,150.667,139.865,129.646,132.835,133.818,125.126,120.863,108.111,108.729,100.560,90.564,90.762,88.460,76.537,73.995,82.544,79.229,73.726,78.614,70.692,65.939,59.478,55.807,51.019,49.175,51.521,43.281,41.904,42.037,45.445,32.574,34.301,36.858,30.051,28.231,18.933,16.645,18.141,21.483,15.742,9.290,8.450,11.312,9.972,7.391,5.839,7.602,5.094,3.152,4.813,5.882,4.194,1.703,1.166,0.905,1.882,1.150,1.446,0.575,0.465,0.627,0.785,1.124,1.129,1.147,0.669,0.000,0.000,0.000,1.000
233,-0.171,1.572,2.504,2.749,7.544,19.329,66.063,133.626,215.458,377.015,575.431,914.530,1587.215,2614.036,3824.739,5475.266,8342.054,12722.257,19629.707,29845.371,43269.039,59365.438,79912.242,111653.367,156729.641,218696.406,252442.156,141440.219,68564.977,52169.617,50644.078,50988.039,50458.074,49268.359,47573.637,45802.164,44307.555,43180.836,43373.836,42527.891,40917.594,40297.297,39620.602,39144.711,39620.902,38279.656,37899.523,36523.996,35452.207,35465.211,35319.688,34394.945,34382.820,33052.391,32322.682,32769.801,31211.211,30424.828,30441.721,30563.695,30481.576,30264.961,30967.715,29714.666,28589.785,27144.998,25707.758,24473.697,23887.568,24034.553,23848.113,22072.543,21143.266,20217.568,19500.430,18889.488,18490.115,17862.207,17486.273,17159.676,16838.035,16612.502,16003.717,15749.174,15523.150,16019.062,16515.561,15401.008,15127.572,15285.815,14035.345,13357.485,12784.457,12285.668,11856.004,11367.923,10900.432,10511.227,10512.402,10609.754,10647.674,10862.914,11037.026,11397.137,12143.287,13364.846,11828.910,10646.560,10411.166,9715.449,8521.869,7533.492,6853.501,6362.273,6043.514,5590.738,5373.235,5404.658,5509.976,5197.707,4786.423,4517.417,4539.995,4466.156,4445.133,3995.469,3602.777,3399.025,3343.493,3112.569,2754.104,2427.373,2227.431,2023.066,1858.855,1693.492,1620.157,1518.041,1432.552,1317.432,1294.934,1214.420,1144.121,1111.365,1052.986,953.191,921.088,908.493,900.557,826.178,754.180,704.759,640.847,596.407,551.252,535.608,526.446,492.754,461.307,448.254,448.230,410.314,389.424,367.979,370.207,339.838,329.753,329.781,314.415,279.132,276.623,283.563,260.066,272.678,268.933,234.239,239.254,239.362,206.148,202.389,201.298,197.162,180.136,168.102,178.396,164.249,154.070,152.413,150.667,139.865,129.646,132.835,133.818,125.126,120.863,108.111,108.729,100.560,90.564,90.762,88.460,76.537,73.995,82.544,79.229,73.726,78.614,70.692,65.939,59.478,55.807,51.019,49.175,51.521,43.281,41.904,42.037,45.445,32.574,34.301,36.858,30.051,28.231,18.933,16.645,18.141,21.483,15.742,9.290,8.450,11.312,9.972,7.391,5.839,7.602,5.094,3.152,4.813,5.882,4.194,1.703,1.166,0.905,1.882,1.150,1.446,0.575,0.465,0.627,0.785,1.124,1.129,1.147,0.669,0.000,0.000,0.000,1.000
234,-0.171,1.572,2.504,2.749,7.544,19.329,66.063,133.626,215.458,377.015,575.431,914.530,1587.215,2614.036,3824.739,5475.266,8342.054,12722.257,19629.707,29845.371,43269.039,59365.438,79912.242,111653.367,156729.641,218696.406,252442.156,141440.219,68564.977,52169.617,50644.078,50988.039,50458.074,49268.359,47573.637,45802.164,44307.555,43180.836,43373.836,42527.891,40917.594,40297.297,39620.602,39144.711,39620.902,38279.656,37899.523,36523.996,35452.207,35465.211,35319.688,34394.945,34382.820,33052.391,32322.682,32769.801,31211.211,30424.828,30441.721,30563.695,30481.576,30264.961,30967.715,29714.666,28589.785,27144.998,25707.758,24473.697,23887.568,24034.553,23848.113,22072.543,21143.266,20217.568,19500.430,18889.488,18490.115,17862.207,17486.273,17159.676,16838.035,16612.502,16003.717,15749.174,15523.150,16019.062,16515.561,15401.008,15127.572,15285.815,14035.345,13357.485,12784.457,12285.668,11856.004,11367.923,10900.432,10511.227,10512.402,10609.754,10647.674,10862.914,11037.026,11397.137,12143.287,13364.846,11828.910,10646.560,10411.166,9715.449,8521.869,7533.492,6853.501,6362.273,6043.514,5590.738,5373.235,5404.658,5509.976,5197.707,4786.423,4517.417,4539.995,4466.156,4445.133,3995.469,3602.777,3399.025,3343.493,3112.569,2754.104,2427.373,2227.431,2023.066,1858.855,1693.492,1620.157,1518.041,1432.552,1317.432,1294.934,1214.420,1144.121,1111.365,1052.986,953.191,921.088,908.493,900.557,826.178,754.180,704.759,640.847,596.407,551.252,535.608,526.446,492.754,461.307,448.254,448.230,410.314,389.424,367.979,370.207,339.838,329.753,329.781,314.415,279.132,276.623,283.563,260.066,272.678,268.933,234.239,239.254,239.362,206.148,202.389,201.298,197.162,180.136,168.102,178.396,164.249,154.070,152.413,150.667,139.865,129.646,132.835,133.818,125.126,120.863,108.111,108.729,100.560,90.564,90.762,88.460,76.537,73.995,82.544,79.229,73.726,78.614,70.692,65.939,59.478,55.807,51.019,49.175,51.521,43.281,41.904,42.037,45.445,32.574,34.301,36.858,30.051,28.231,18.933,16.645,18.141,21.483,15.742,9.290,8.450,11.312,9.972,7.391,5.839,7.602,5.094,3.152,4.813,5.882,4.194,1.703,1.166,0.905,1.882,1.150,1.446,0.575,0.465,0.627,0.785,1.124,1.129,1.147,0.669,0.000,0.000,0.000,1.000
235,-0.171,1.572,2.504,2.749,7.544,19.329,66.063,133.626,215.458,377.015,575.431,914.530,1587.215,2614.036,3824.739,5475.266,8342.054,12722.257,19629.707,29845.371,43269.039,59365.438,79912.242,111653.367,156729.641,218696.406,252442.156,141440.219,68564.977,52169.617,50644.078,50988.039,50458.074,49268.359,47573.637,45802.164,44307.555,43180.836,43373.836,42527.891,40917.594,40297.297,39620.602,39144.711,39620.902,38279.656,37899.523,36523.996,35452.207,35465.211,35319.688,34394.945,34382.820,33052.391,32322.682,32769.801,31211.211,30424.828,30441.721,30563.695,30481.576,30264.961,30967.715,29714.666,28589.785,27144.998,25707.758,24473.697,23887.568,24034.553,23848.113,22072.543,21143.266,20217.568,19500.430,18889.488,18490.115,17862.207,17486.273,17159.676,16838.035,16612.502,16003.717,15749.174,15523.150,16019.062,16515.561,15401.008,15127.572,15285.815,14035.345,13357.485,12784.457,12285.668,11856.004,11367.923,10900.432,10511.227,10512.402,10609.754,10647.674,10862.914,11037.026,11397.137,12143.287,13364.846,11828.910,10646.560,10411.166,9715.449,8521.869,7533.492,6853.501,6362.273,6043.514,5590.738,5373.235,5404.658,5509.976,5197.707,4786.423,4517.417,4539.995,4466.156,4445.133,3995.469,3602.777,3399.025,3343.493,3112.569,2754.104,2427.373,2227.431,2023.066,1858.855,1693.492,1620.157,1518.041,1432.552,1317.432,1294.934,1214.420,1144.121,1111.365,1052.986,953.191,921.088,908.493,900.557,826.178,754.180,704.759,640.847,596.407,551.252,535.608,526.446,492.754,461.307,448.254,448.230,410.314,389.424,367.979,370.207,339.838,329.753,329.781,314.415,279.132,276.623,283.563,260.066,272.678,268.933,234.239,239.254,239.362,206.148,202.389,201.298,197.162,180.136,168.102,178.396,164.249,154.070,152.413,150.667,139.865,129.646,132.835,133.818,125.126,120.863,108.111,108.729,100.560,90.564,90.762,88.460,76.537,73.995,82.544,79.229,73.726,78.614,70.692,65.939,59.478,55.807,51.019,49.175,51.521,43.281,41.904,42.037,45.445,32.574,34.301,36.858,30.051,28.231,18.933,16.645,18.141,21.483,15.742,9.290,8.450,11.312,9.972,7.391,5.839,7.602,5.094,3.152,4.813,5.882,4.194,1.703,1.166,0.905,1.882,1.150,1.446,0.575,0.465,0.627,0.785,1.124,1.129,1.147,0.669,0.000,0.000,0.000,1.000
236,-0.171,1.572,2.504,2.749,7.544,19.329,66.063,133.626,215.458,377.015,575.431,914.530,1587.215,2614.036,3824.739,5475.266,8342.054,12722.257,19629.707,29845.387,43269.500,59373.840,80023.711,112872.406,167237.984,284345.625,561851.188,789165.688,265600.125,67381.234,51733.121,51020.367,50458.422,49268.359,47573.637,45802.164,44307.555,43180.836,43373.836,42527.891,40917.594,40297.297,39620.602,39144.711,39620.902,38279.656,37899.523,36523.996,35452.207,35465.211,35319.688,34394.945,34382.820,33052.391,32322.682,32769.801,31211.211,30424.828,30441.721,30563.695,30481.576,30264.961,30967.715,29714.666,28589.785,27144.998,25707.758,24473.697,23887.568,24034.553,23848.113,22072.543,21143.266,20217.568,19500.430,18889.488,18490.115,17862.207,17486.273,17159.676,16838.035,16612.502,16003.717,15749.174,15523.150,16019.062,16515.561,15401.008,15127.572,15285.815,14035.345,13357.485,12784.457,12285.668,11856.004,11367.923,10900.432,10511.227,10512.402,10609.754,10647.674,10862.914,11037.026,11397.137,12143.287,13364.846,11828.910,10646.560,10411.166,9715.449,8521.869,7533.492,6853.501,6362.273,6043.514,5590.738,5373.235,5404.658,5509.976,5197.707,4786.423,4517.417,4539.995,4466.156,4445.133,3995.469,3602.777,3399.025,3343.493,3112.569,2754.104,2427.373,2227.431,2023.066,1858.855,1693.492,1620.157,1518.041,1432.552,1317.432,1294.934,1214.420,1144.121,1111.365,1052.986,953.191,921.088,908.493,900.557,826.178,754.180,704.759,640.847,596.407,551.252,535.608,526.446,492.754,461.307,448.254,448.230,410.314,389.424,367.979,370.207,339.838,329.753,329.781,314.415,279.132,276.623,283.563,260.066,272.678,268.933,234.239,239.254,239.362,206.148,202.389,201.298,197.162,180.136,168.102,178.396,164.249,154.070,152.413,150.667,139.865,129.646,132.835,133.818,125.126,120.863,108.111,108.729,100.560,90.564,90.762,88.460,76.537,73.995,82.544,79.229,73.726,78.614,70.692,65.939,59.478,55.807,51.019,49.175,51.521,43.281,41.904,42.037,45.445,32.574,34.301,36.858,30.051,28.231,18.933,16.645,18.141,21.483,15.742,9.290,8.450,11.312,9.972,7.391,5.839,7.602,5.094,3.152,4.813,5.882,4.194,1.703,1.166,0.905,1.882,1.150,1.446,0.575,0.465,0.627,0.785,1.124,1.129,1.147,0.669,0.000,0.000,0.000,1.000
237,-1.513,2.018,1.000,0.000,0.000,0.903,0.743,0.427,1.880,2.839,3.100,4.675,7.090,7.087,6.814,11.103,9.207,12.286,13.023,14.578,14.558,11.945,16.381,14.968,15.817,15.949,16.067,18.350,23.330,27.941,27.639,31.470,33.133,31.916,33.703,43.225,40.622,42.062,48.744,58.788,64.806,78.565,88.434,92.537,99.049,110.104,124.676,126.927,145.040,159.389,166.350,194.300,216.794,223.886,236.613,240.587,268.437,308.822,352.898,402.106,455.912,545.324,639.184,691.746,762.768,895.095,934.973,967.150,1050.800,1202.267,1233.532,1198.436,1221.596,1199.613,1304.958,1411.847,1670.489,2005.084,2193.336,2262.146,2388.619,2707.550,3150.786,3961.655,4588.004,4741.679,5022.087,5375.250,5802.972,6234.984,6698.487,7463.810,8417.252,9598.371,11131.938,12681.896,13680.539,14865.713,16714.719,18660.748,20327.861,21188.713,22253.914,22871.244,22467.697,21934.031,21481.207,21419.070,21510.584,21953.104,22232.881,21807.357,20725.402,19831.875,19265.926,19052.807,18864.664,18853.383,18707.453,18555.832,18285.469,17664.193,17368.619,17023.213,16401.533,15884.029,15189.684,13984.016,11980.502,9740.250,8102.645,7119.407,6725.812,6349.914,5628.430,4872.065,4372.168,3990.926,3674.800,3328.998,2957.684,2646.572,2478.592,2330.338,2204.065,2089.222,1947.823,1794.891,1677.110,1592.863,1493.146,1411.619,1372.353,1289.415,1200.296,1125.361,1039.575,959.819,915.523,841.914,767.606,688.786,635.656,586.974,559.794,513.920,471.594,446.422,422.476,385.624,361.449,329.275,306.731,300.124,293.524,293.827,279.872,265.178,235.198,242.045,219.866,194.805,191.281,179.026,161.471,153.515,146.184,152.624,153.954,149.876,142.871,143.623,144.973,145.368,138.107,139.213,132.414,132.239,138.363,142.328,141.735,138.096,128.866,125.494,122.173,121.153,125.987,123.295,121.664,124.410,130.448,131.418,127.405,121.320,116.240,115.803,108.782,111.399,110.154,104.308,106.005,111.687,109.332,103.393,95.056,88.611,89.985,74.585,74.264,76.285,75.063,62.544,60.880,59.209,51.885,42.709,41.346,42.332,37.198,30.305,27.740,27.675,18.600,15.753,13.485,15.554,12.548,5.911,6.771,4.997,4.554,7.553,5.342,1.205,1.936,0.148,0.977,1.026
238,-1.429,1.235,1.000,0.000,0.000,0.000,0.000,0.000,0.000,0.000,0.000,0.000,0.000,0.000,0.000,0.000,0.000,0.000,0.000,0.000,0.000,0.000,0.000,0.000,0.000,0.000,0.000,0.081,0.919,0.000,0.839,1.161,0.000,0.000,1.517,0.479,0.196,1.809,1.224,3.515,2.325,3.468,4.067,2.238,5.128,5.467,13.947,13.961,15.333,21.091,22.469,31.553,34.312,33.240,38.255,53.590,58.587,62.169,66.639,70.365,71.530,86.382,100.546,113.873,136.093,140.001,133.005,169.836,182.703,201.222,204.273,215.768,262.776,277.256,292.422,327.206,369.728,371.154,407.074,470.458,524.816,595.528,606.613,671.983,712.114,750.814,857.614,894.922,888.011,998.855,1072.216,1158.580,1270.299,1341.272,1417.816,1571.979,1707.419,1837.232,1998.044,2197.945,2295.158,2372.167,2504.381,2707.484,2820.042,3008.836,3201.148,3362.304,3622.956,3728.896,3883.161,4035.308,4285.722,4432.516,4644.284,4805.815,4981.669,5352.919,5721.872,5959.604,6350.516,6695.825,7127.331,7681.218,8238.717,8772.430,9371.244,9864.679,10545.688,10985.260,11163.270,11540.352,11995.138,12219.979,12713.560,13032.271,13247.309,13383.407,13557.807,13573.428,13761.087,14001.877,14288.866,14401.219,14613.195,14653.949,14817.213,15022.582,15269.332,15356.878,15483.866,15446.176,15247.338,14768.097,14473.365,14004.775,13518.900,13142.169,12628.187,12328.951,11843.903,11246.707,10889.641,10502.261,10173.857,10009.787,9739.037,9408.908,9122.652,8737.680,8317.292,8014.728,7822.416,7405.857,7188.332,6804.180,6392.663,6120.047,6105.740,5987.833,5708.638,5422.627,5189.626,4909.248,4617.175,4393.593,4091.940,3880.262,3670.381,3493.727,3324.052,3177.816,2984.698,2822.470,2650.905,2521.669,2331.394,2147.543,2007.583,1904.272,1715.280,1551.855,1451.362,1255.387,1107.019,1026.257,924.372,834.235,781.489,710.551,667.952,582.460,482.537,388.419,357.074,293.142,230.602,186.333,169.660,145.560,127.482,94.012,76.840,75.766,62.071,41.349,40.776,43.106,44.883,33.941,27.362,21.521,19.953,18.088,18.008,16.290,14.943,13.464,11.039,11.338,8.808,5.787,6.328,4.665,5.249,3.318,0.495,3.091,2.835,4.786,0.976,0.301,0.023,0.000,1.986,1.014,0.000,1.000
239,-0.143,1.235,1.000,0.000,0.000,0.000,0.000,3.030,4.210,15.683,47.838,150.031,286.740,476.360,821.812,1273.615,1996.114,3158.073,4626.957,6687.928,9762.438,13648.287,18017.869,23030.836,29825.340,40620.250,53401.656,61120.344,40653.965,9002.177,7238.044,7119.647,7211.322,7356.183,7349.570,7417.692,7455.050,7520.002,7508.426,7584.736,7612.705,7573.331,7682.470,7763.877,7737.828,7784.399,7865.240,8030.057,7925.186,8040.517,7999.772,8030.660,8026.846,7840.121,7902.806,7699.994,7561.128,7653.577,7415.326,7264.116,7074.635,7089.172,6961.039,6788.141,6739.708,6434.606,6449.507,6400.628,6279.443,6106.620,6027.215,5788.447,5723.996,5602.643,5506.311,5432.843,5352.844,5194.231,5222.108,5201.528,5068.006,4985.780,4859.096,4833.220,4799.286,4656.194,4571.382,4417.291,4337.208,4227.430,4175.218,4124.656,4110.481,4003.932,3794.209,3760.979,3777.185,3640.796,3535.231,3357.913,3274.271,3211.735,3218.993,3064.745,3166.706,3169.852,3087.117,2990.970,2921.842,2879.826,2765.087,2725.008,2637.647,2635.555,2434.427,2387.036,2396.792,2267.385,2239.878,2110.098,2078.550,2006.979,1974.964,1923.066,1886.273,1826.282,1734.933,1684.549,1718.015,1668.530,1555.875,1524.327,1509.414,1451.680,1405.626,1340.709,1308.250,1316.885,1241.842,1169.072,1142.680,1108.878,1041.654,1005.507,1024.785,956.732,899.779,847.504,814.740,766.826,781.161,719.535,653.296,598.876,553.074,556.970,549.396,531.393,456.740,420.396,438.267,427.891,406.111,376.377,360.483,355.504,348.879,303.780,289.093,264.967,231.813,212.858,196.133,190.413,173.968,158.211,147.705,123.075,106.254,97.648,90.282,87.016,85.463,77.864,65.525,59.258,57.686,50.828,40.878,42.567,44.100,36.746,37.799,25.695,21.876,22.388,23.803,22.160,20.282,22.223,21.844,26.078,17.799,13.322,15.507,12.726,11.024,9.771,11.444,9.626,7.619,10.138,10.137,10.764,6.717,8.815,7.601,6.208,7.151,8.210,4.997,5.726,5.303,5.836,2.600,3.550,2.529,4.469,3.647,2.056,2.272,2.361,3.079,2.835,0.655,0.013,0.000,1.201,2.419,1.566,2.081,2.683,1.008,0.678,0.332,0.032,0.001,0.000,0.000,0.000,0.860,1.020,1.020,0.100,0.000,0.000,0.000,1.000
240,-1.413,1.274,1.000,0.000,0.000,0.000,0.000,0.000,0.000,0.000,1.000,0.008,0.158,0.920,1.579,0.357,0.241,1.522,4.254,5.348,3.073,6.092,3.385,12.202,12.344,12.969,23.430,20.305,24.591,23.921,19.401,15.620,38.272,29.270,28.373,25.766,29.128,43.616,45.454,45.925,53.577,54.841,58.028,65.204,77.248,83.420,91.638,103.163,118.236,138.078,155.965,160.561,167.344,206.322,226.450,239.849,261.076,272.857,328.992,399.565,469.192,513.392,565.166,656.301,702.016,846.645,941.488,1008.904,1287.302,1607.181,1639.117,1858.152,2025.526,2459.073,2762.594,3194.555,3531.663,3824.061,4303.379,4538.200,5041.376,5425.155,5780.040,6227.430,6827.322,7339.381,8367.799,9571.252,10392.852,11964.398,14124.829,16440.693,18664.043,19718.078,20260.885,21283.020,21850.969,21983.494,22459.961,23532.076,24735.656,26107.551,27520.191,28387.002,29358.785,30056.240,30371.711,31252.385,32450.318,33123.422,34604.773,36189.070,39074.789,42026.430,44415.547,47037.031,49499.855,52258.430,54520.797,56117.758,58157.359,59486.852,61139.570,63257.875,64819.961,66207.141,67822.836,68695.500,69521.055,69609.102,69112.477,68164.250,67433.570,65862.359,65055.082,67805.391,116637.852,67846.766,59576.828,57614.383,55592.648,53028.266,50662.594,49782.898,48568.727,47241.914,46030.492,44146.406,43485.613,42889.344,41563.672,39990.637,37130.582,35521.961,34251.406,32357.238,30622.135,28747.420,26162.150,23820.488,21635.709,20380.125,18152.531,15984.738,14132.160,12790.453,11667.148,10803.361,9761.793,8928.503,7849.686,6997.864,6212.410,5450.764,4836.557,4245.306,3792.546,3442.077,3113.741,2784.938,2471.500,2109.085,2005.510,1804.072,1696.095,1461.417,1430.392,1268.042,1178.297,1121.779,984.509,888.879,824.447,803.481,719.948,671.501,615.804,584.626,537.785,477.022,467.213,430.775,394.413,349.724,341.493,304.435,270.882,250.021,214.418,217.299,186.586,157.722,141.831,135.507,126.080,119.281,96.717,84.142,80.451,72.527,58.352,60.377,41.535,40.526,50.317,40.208,40.336,27.940,33.466,28.138,32.619,22.130,25.537,19.670,24.372,17.030,14.542,9.035,13.600,14.336,8.504,9.183,9.315,5.281,7.594,4.294,5.533,0.592,4.128,1.949,2.273,1.732,1.637,0.000,1.000,1.000,0.000,1.000
241,-0.141,1.274,1.004,1.359,3.930,30.677,85.087,130.905,189.993,304.406,537.572,938.752,1673.818,3263.068,6493.942,12731.645,22373.191,35166.566,62457.520,103352.484,125753.406,153888.703,183186.625,243810.438,303320.938,348126.750,358702.219,264392.625,37673.652,31949.445,31298.477,30850.398,30265.375,30295.098,29407.955,29112.549,28170.227,27441.834,26824.566,26356.918,26233.748,25814.633,25743.412,25112.598,24927.906,24552.756,24191.898,23612.959,23044.018,22911.188,22921.344,22754.996,22557.094,22147.703,21710.387,21351.686,20457.301,19537.332,19063.715,18892.730,18306.494,18118.031,17700.230,17059.625,16328.577,16117.659,15487.041,15068.820,14259.279,13504.740,12787.663,12263.686,11514.951,11173.600,10888.876,10400.652,9688.210,9112.318,8382.910,7871.738,7345.983,7132.523,6610.574,6352.760,6078.667,5830.811,5612.829,5424.592,4962.459,4815.201,4584.077,4238.755,3980.496,3758.851,3483.263,3340.555,3057.806,2853.734,2766.412,2549.179,2346.893,2174.182,2086.318,1959.563,1859.192,1796.736,1735.632,1560.354,1478.802,1446.321,1349.713,1225.543,1104.639,1082.914,1087.126,1000.154,949.992,923.156,875.002,855.504,733.119,782.966,722.753,710.288,637.926,631.377,616.849,592.481,559.214,538.622,502.402,471.906,464.209,453.950,435.285,403.674,389.746,382.307,362.761,343.300,336.575,333.595,333.626,282.927,310.811,257.993,257.588,242.715,247.883,239.962,236.466,217.431,211.676,184.478,193.602,178.755,176.809,185.718,157.452,143.780,148.982,123.522,126.062,128.236,107.100,112.284,103.689,101.187,98.403,83.567,74.853,76.621,82.113,60.319,68.498,68.449,67.314,61.492,58.740,46.847,40.828,45.155,43.479,41.957,33.637,41.446,31.126,30.135,30.956,29.406,21.836,18.080,23.862,21.301,28.971,22.868,22.151,21.690,21.174,13.120,17.331,14.774,18.802,16.093,14.549,19.378,12.991,15.031,11.439,11.174,12.265,9.042,13.413,11.551,13.476,7.569,7.713,6.470,5.439,5.604,8.325,6.584,7.590,6.083,3.278,5.439,5.334,4.868,5.147,3.175,3.938,1.089,5.848,3.145,1.814,4.216,1.769,0.149,0.007,2.884,1.251,0.837,1.112,1.571,1.601,0.745,1.174,0.826,0.000,0.000,0.000,1.000,0.000,1.000,0.000,0.000,0.000,1.000
242,-0.141,1.274,1.004,1.359,3.930,30.677,85.087,130.905,189.993,304.406,537.572,938.752,1673.818,3263.068,6493.942,12731.645,22373.191,35166.566,62457.520,103352.484,125753.406,153888.703,183186.625,243810.562,303349.875,357874.125,497663.188,1331977.500,67493.172,33738.688,31366.955,30850.852,30265.375,30295.098,29407.955,29112.549,28170.227,27441.834,26824.566,26356.918,26233.748,25814.633,25743.412,25112.598,24927.906,24552.756,24191.898,23612.959,23044.018,22911.188,22921.344,22754.996,22557.094,22147.703,21710.387,21351.686,20457.301,19537.332,19063.715,18892.730,18306.494,18118.031,17700.230,17059.625,16328.577,16117.659,15487.041,15068.820,14259.279,13504.740,12787.663,12263.686,11514.951,11173.600,10888.876,10400.652,9688.210,9112.318,8382.910,7871.738,7345.983,7132.523,6610.574,6352.760,6078.667,5830.811,5612.829,5424.592,4962.459,4815.201,4584.077,4238.755,3980.496,3758.851,3483.263,3340.555,3057.806,2853.734,2766.412,2549.179,2346.893,2174.182,2086.318,1959.563,1859.192,1796.736,1735.632,1560.354,1478.802,1446.321,1349.713,1225.543,1104.639,1082.914,1087.126,1000.154,949.992,923.156,875.002,855.504,733.119,782.966,722.753,710.288,637.926,631.377,616.849,592.481,559.214,538.622,502.402,471.906,464.209,453.950,435.285,403.674,389.746,382.307,362.761,343.300,336.575,333.595,333.626,282.927,310.811,257.993,257.588,242.715,247.883,239.962,236.466,217.431,211.676,184.478,193.602,178.755,176.809,185.718,157.452,143.780,148.982,123.522,126.062,128.236,107.100,112.284,103.689,101.187,98.403,83.567,74.853,76.621,82.113,60.319,68.498,68.449,67.314,61.492,58.740,46.847,40.828,45.155,43.479,41.957,33.637,41.446,31.126,30.135,30.956,29.406,21.836,18.080,23.862,21.301,28.971,22.868,22.151,21.690,21.174,13.120,17.331,14.774,18.802,16.093,14.549,19.378,12.991,15.031,11.439,11.174,12.265,9.042,13.413,11.551,13.476,7.569,7.713,6.470,5.439,5.604,8.325,6.584,7.590,6.083,3.278,5.439,5.334,4.868,5.147,3.175,3.938,1.089,5.848,3.145,1.814,4.216,1.769,0.149,0.007,2.884,1.251,0.837,1.112,1.571,1.601,0.745,1.174,0.826,0.000,0.000,0.000,1.000,0.000,1.000,0.000,0.000,0.000,1.000
243,-4.003,2.421,1.160,0.876,0.964,0.019,0.565,3.573,2.798,3.294,1.036,3.329,4.770,5.437,3.847,10.164,12.436,16.664,20.134,13.190,14.979,17.428,22.119,20.743,25.031,24.074,32.926,29.906,24.714,38.440,41.723,44.426,52.345,63.324,60.747,63.625,59.958,78.345,75.660,64.906,75.730,80.312,88.061,88.734,84.294,92.191,96.067,84.221,80.423,90.997,96.305,95.290,92.469,88.569,91.743,99.780,95.194,76.642,84.596,86.643,86.742,81.455,89.653,102.647,99.352,112.890,110.015,111.598,111.645,113.492,111.418,117.424,111.782,106.449,114.320,117.836,123.915,112.704,111.674,111.910,103.948,117.533,116.615,117.067,116.310,102.947,111.450,107.503,106.056,105.978,106.186,102.993,103.592,109.872,93.693,98.928,111.655,105.571,100.556,109.742,123.836,133.157,126.135,141.956,143.987,143.993,153.046,170.922,169.126,172.784,182.243,195.697,229.616,243.583,250.504,248.891,273.797,316.946,326.283,349.042,378.593,425.354,445.448,473.524,539.604,570.813,629.185,662.943,751.708,785.236,910.193,995.588,1100.559,1274.793,1397.732,1468.691,1639.438,1856.182,2031.439,2405.689,3362.311,4818.253,5586.663,5532.042,5551.917,6275.115,7072.245,7520.550,8508.834,10713.736,15450.045,21883.688,25666.113,29765.049,32570.004,34968.863,35185.453,33091.328,31232.914,30515.438,32670.701,42858.723,36423.098,33003.133,31362.291,30550.807,32069.346,35257.559,34230.191,29179.412,20565.393,14879.857,11890.952,9150.308,7357.703,6452.262,5762.972,4898.925,4030.722,3698.864,3324.083,3107.763,2905.817,2605.880,2418.295,2281.318,2160.558,2088.700,2035.735,2015.885,2177.289,2452.224,2280.521,1693.984,1368.371,1255.638,1216.654,1163.273,1094.157,1022.614,967.645,890.848,820.198,749.081,696.898,622.735,503.857,460.082,450.513,392.874,398.771,373.635,324.399,288.532,255.425,233.133,214.194,193.892,179.039,169.389,149.440,104.593,83.801,76.363,55.801,44.894,42.180,41.017,39.031,19.146,16.790,8.538,8.196,4.291,0.734,1.945,0.609,1.311,1.792,1.141,0.076,0.221,0.629,0.462,0.691,0.262,0.573,0.154,0.011,0.000,0.000,0.894,1.559,0.547,0.000,0.000,0.000,1.000
244,-1.520,1.632,1.000,0.001,0.057,0.977,0.492,1.008,0.466,0.009,0.150,2.851,4.271,7.196,5.029,8.496,7.774,15.031,22.919,19.176,31.628,40.900,59.019,71.053,62.386,77.029,92.929,112.889,112.141,128.321,140.970,131.741,149.324,131.694,153.732,147.517,149.740,143.610,150.207,139.650,140.846,157.688,150.232,136.742,154.554,167.403,170.824,188.780,194.289,218.032,232.778,244.142,254.178,299.235,322.412,359.400,354.416,376.980,430.083,465.837,494.229,530.054,564.825,617.888,653.337,710.023,812.992,832.086,850.651,893.520,914.009,922.342,964.486,1026.596,1013.769,1048.493,1049.000,1121.042,1176.381,1224.056,1251.797,1273.876,1347.129,1405.818,1484.039,1602.583,1671.320,1728.001,1841.753,1976.586,2062.056,2309.278,2441.967,2600.674,2659.759,2724.343,2799.988,2929.375,3015.677,3119.141,3215.652,3401.399,3552.119,3742.421,4088.759,4298.784,4629.106,4835.129,5079.336,5404.701,5851.866,6166.638,6492.370,6851.569,7424.787,8076.783,8606.570,9242.146,9912.229,10637.195,11365.642,11886.693,12571.221,13035.914,13462.932,13725.349,13934.922,14134.159,14797.809,15152.129,15681.921,15850.297,16761.227,17072.230,17303.422,17809.084,18298.797,19026.047,19887.715,20020.945,19630.645,19515.125,19383.318,19162.312,18953.943,18353.248,17882.598,16954.248,16133.812,14870.973,13710.740,12648.762,11527.733,10684.990,10067.167,9198.395,8261.586,7808.718,7401.173,6846.123,6371.807,5891.558,5566.053,5369.389,4953.294,4514.562,3981.220,3621.294,3321.355,2919.214,2675.831,2446.955,2240.561,2021.828,1802.498,1674.052,1496.534,1418.512,1244.236,1174.322,1065.441,968.051,916.497,862.305,712.428,696.642,643.457,597.285,524.797,546.671,510.248,465.567,472.847,443.954,447.789,416.787,399.994,403.368,390.922,382.024,382.063,365.678,373.681,364.489,330.469,324.315,323.820,326.083,330.842,315.056,281.768,272.687,250.165,225.133,229.875,222.283,181.053,182.354,178.617,170.439,160.806,155.862,147.056,156.542,153.872,157.463,145.960,136.314,137.720,114.140,116.884,108.168,90.118,92.489,84.342,71.212,68.019,62.345,54.943,53.362,46.771,34.338,31.009,32.539,23.809,10.067,14.254,13.820,8.489,12.532,2.867,2.440,1.975,0.253,0.124,0.733,0.292,1.867
245,-0.152,1.632,2.581,14.033,79.626,264.916,594.661,787.189,820.155,938.455,1320.212,2039.678,3062.339,4442.148,5523.902,6676.960,8575.910,11522.900,15568.159,19548.449,26842.830,37733.250,51418.871,52443.230,15664.750,8418.722,7965.395,7941.604,8237.695,8401.611,8582.306,8578.067,8849.438,8987.254,8993.004,9332.221,9432.824,9494.105,9845.854,9733.219,9911.868,10056.973,10228.662,10346.678,10675.294,10895.104,11211.344,11314.453,11393.200,11146.953,11182.040,11027.403,11038.320,11070.756,10900.085,10938.713,10679.201,10728.750,10513.465,10353.891,10229.561,10045.224,9666.589,9344.766,9182.627,8775.260,8339.189,7999.473,7540.589,7316.880,6835.466,6551.934,6321.621,5994.202,5769.644,5620.241,5366.413,5002.253,4675.280,4531.654,4364.108,4360.990,4113.587,3962.749,3719.349,3682.734,3486.885,3348.507,3179.479,3114.187,3093.688,2978.987,2882.312,2680.805,2533.207,2416.381,2249.643,2082.633,2035.958,1912.063,1772.924,1653.187,1583.267,1510.919,1426.993,1345.457,1307.853,1193.160,1156.906,1117.175,1006.925,966.151,931.543,853.941,851.367,824.642,748.566,705.209,692.406,652.808,628.748,574.827,570.544,534.221,505.578,514.139,466.807,441.396,383.370,403.706,363.997,387.551,338.737,343.514,331.103,283.465,309.874,304.529,284.169,253.350,274.258,279.591,262.839,252.107,253.042,261.683,239.730,237.166,231.881,218.091,229.506,224.878,221.992,215.406,223.278,216.935,207.008,222.133,203.166,221.811,220.728,196.973,189.844,175.541,198.614,175.437,190.197,184.132,183.197,197.509,185.979,177.439,179.438,160.484,151.556,169.582,131.823,137.073,142.074,127.088,140.249,122.724,129.501,124.398,94.401,103.906,103.700,116.048,86.102,96.659,89.569,90.659,95.634,86.484,91.792,78.043,90.741,84.389,91.430,88.346,80.460,89.762,84.261,77.795,77.591,75.891,77.782,67.986,54.255,66.620,73.528,59.417,53.982,48.497,50.367,52.772,46.836,43.811,39.458,38.396,36.951,34.487,33.453,33.580,26.913,26.078,28.734,29.755,21.742,15.530,19.894,14.772,16.965,24.211,9.374,3.950,7.313,5.179,6.836,9.357,8.194,4.337,5.880,6.035,1.744,1.046,0.975,1.686,1.364,0.564,0.000,0.000,0.047,0.341,0.612,0.000,0.235,1.765
246,-0.152,1.632,2.581,15.033,79.626,264.951,595.159,791.006,832.244,983.860,1490.718,2440.591,3870.817,5927.332,8180.287,11360.891,16146.357,23741.727,34192.430,46083.617,63524.363,90724.234,121616.266,117207.688,34463.914,18251.723,17224.395,17418.711,17850.311,17985.141,18276.611,18360.412,18633.125,18834.248,18873.895,19366.586,19451.025,19700.008,20222.852,20012.018,20288.125,20437.023,20485.826,20671.742,20676.559,20675.980,20962.229,20805.211,20548.008,20274.230,20010.797,19804.875,19462.342,19337.039,19109.188,18795.877,18380.465,18166.996,17771.613,17461.742,17194.492,16827.719,16464.953,15959.892,15688.785,15076.345,14589.109,14117.679,13516.550,12975.035,12393.773,11978.021,11642.679,11251.135,10778.371,10474.428,10221.832,9629.425,9065.146,8762.973,8485.401,8453.103,8211.558,8013.697,7660.022,7488.982,7152.609,6888.808,6616.059,6530.911,6245.826,6051.289,5826.167,5473.178,5302.371,5058.029,4796.442,4515.604,4404.268,4173.456,3971.219,3860.824,3595.069,3509.542,3317.733,3194.896,3033.528,2873.414,2813.706,2648.591,2471.729,2364.960,2249.240,2175.247,2028.446,1957.079,1806.652,1683.526,1647.128,1521.499,1404.236,1294.603,1279.792,1203.393,1082.740,1078.337,1008.267,969.321,845.346,870.039,808.130,770.215,683.718,658.506,585.805,536.430,534.304,513.924,460.162,387.408,405.443,394.447,375.952,352.937,336.978,338.982,304.088,286.235,291.967,270.312,273.082,257.426,252.227,243.001,250.806,248.832,233.793,251.987,222.993,239.574,240.781,211.401,201.667,188.354,211.069,187.723,202.621,193.964,195.495,205.835,196.225,184.568,188.064,166.748,157.818,173.289,136.579,143.200,145.085,130.006,143.225,125.812,132.486,124.597,94.467,106.275,105.829,118.625,88.709,98.107,90.166,90.868,95.665,86.488,91.873,79.454,91.174,85.461,91.436,88.410,80.707,90.124,84.497,77.869,77.602,75.891,77.782,67.986,54.255,66.620,73.528,59.417,53.982,48.497,50.367,52.772,46.836,43.811,39.458,38.396,36.951,34.487,33.453,33.580,26.913,26.078,28.734,29.755,21.742,15.530,19.894,14.772,16.965,24.211,9.374,3.950,7.313,5.179,6.836,9.357,8.194,4.337,5.880,6.035,1.744,1.046,0.975,1.686,1.364,0.564,0.000,0.000,0.047,0.341,0.612,0.000,0.235,1.765
247,-0.152,1.632,2.581,15.033,79.626,264.951,595.159,791.006,832.244,983.860,1490.718,2440.591,3870.817,5927.332,8180.287,11360.891,16146.357,23741.727,34192.430,46083.617,63524.363,90724.234,121616.266,117207.688,34463.914,18251.723,17224.395,17418.711,17850.311,17985.141,18276.611,18360.412,18633.125,18834.248,18873.895,19366.586,19451.025,19700.008,20222.852,20012.018,20288.125,20437.023,20485.826,20671.742,20676.559,20675.980,20962.229,20805.211,20548.008,20274.230,20010.797,19804.875,19462.342,19337.039,19109.188,18795.877,18380.465,18166.996,17771.613,17461.742,17194.492,16827.719,16464.953,15959.892,15688.785,15076.345,14589.109,14117.679,13516.550,12975.035,12393.773,11978.021,11642.679,11251.135,10778.371,10474.428,10221.832,9629.425,9065.146,8762.973,8485.401,8453.103,8211.558,8013.697,7660.022,7488.982,7152.609,6888.808,6616.059,6530.911,6245.826,6051.289,5826.167,5473.178,5302.371,5058.029,4796.442,4515.604,4404.268,4173.456,3971.219,3860.824,3595.069,3509.542,3317.733,3194.896,3033.528,2873.414,2813.706,2648.591,2471.729,2364.960,2249.240,2175.247,2028.446,1957.079,1806.652,1683.526,1647.128,1521.499,1404.236,1294.603,1279.792,1203.393,1082.740,1078.337,1008.267,969.321,845.346,870.039,808.130,770.215,683.718,658.506,585.805,536.430,534.304,513.924,460.162,387.408,405.443,394.447,375.952,352.937,336.978,338.982,304.088,286.235,291.967,270.312,273.082,257.426,252.227,243.001,250.806,248.832,233.793,251.987,222.993,239.574,240.781,211.401,201.667,188.354,211.069,187.723,202.621,193.964,195.495,205.835,196.225,184.568,188.064,166.748,157.818,173.289,136.579,143.200,145.085,130.006,143.225,125.812,132.486,124.597,94.467,106.275,105.829,118.625,88.709,98.107,90.166,90.868,95.665,86.488,91.873,79.454,91.174,85.461,91.436,88.410,80.707,90.124,84.497,77.869,77.602,75.891,77.782,67.986,54.255,66.620,73.528,59.417,53.982,48.497,50.367,52.772,46.836,43.811,39.458,38.396,36.951,34.487,33.453,33.580,26.913,26.078,28.734,29.755,21.742,15.530,19.894,14.772,16.965,24.211,9.374,3.950,7.313,5.179,6.836,9.357,8.194,4.337,5.880,6.035,1.744,1.046,0.975,1.686,1.364,0.564,0.000,0.000,0.047,0.341,0.612,0.000,0.235,1.765
248,-0.152,1.632,2.581,15.033,79.626,264.951,595.159,791.006,832.244,983.860,1490.718,2440.591,3870.817,5927.332,8180.287,11360.891,16146.357,23741.727,34192.430,46083.617,63524.363,90724.234,121616.266,117207.688,34463.914,18251.723,17224.395,17418.711,17850.311,17985.141,18276.611,18360.412,18633.125,18834.248,18873.895,19366.586,19451.025,19700.008,20222.852,20012.018,20288.125,20437.023,20485.826,20671.742,20676.559,20675.980,20962.229,20805.211,20548.008,20274.230,20010.797,19804.875,19462.342,19337.039,19109.188,18795.877,18380.465,18166.996,17771.613,17461.742,17194.492,16827.719,16464.953,15959.892,15688.785,15076.345,14589.109,14117.679,13516.550,12975.035,12393.773,11978.021,11642.679,11251.135,10778.371,10474.428,10221.832,9629.425,9065.146,8762.973,8485.401,8453.103,8211.558,8013.697,7660.022,7488.982,7152.609,6888.808,6616.059,6530.911,6245.826,6051.289,5826.167,5473.178,5302.371,5058.029,4796.442,4515.604,4404.268,4173.456,3971.219,3860.824,3595.069,3509.542,3317.733,3194.896,3033.528,2873.414,2813.706,2648.591,2471.729,2364.960,2249.240,2175.247,2028.446,1957.079,1806.652,1683.526,1647.128,1521.499,1404.236,1294.603,1279.792,1203.393,1082.740,1078.337,1008.267,969.321,845.346,870.039,808.130,770.215,683.718,658.506,585.805,536.430,534.304,513.924,460.162,387.408,405.443,394.447,375.952,352.937,336.978,338.982,304.088,286.235,291.967,270.312,273.082,257.426,252.227,243.001,250.806,248.832,233.793,251.987,222.993,239.574,240.781,211.401,201.667,188.354,211.069,187.723,202.621,193.964,195.495,205.835,196.225,184.568,188.064,166.748,157.818,173.289,136.579,143.200,145.085,130.006,143.225,125.812,132.486,124.597,94.467,106.275,105.829,118.625,88.709,98.107,90.166,90.868,95.665,86.488,91.873,79.454,91.174,85.461,91.436,88.410,80.707,90.124,84.497,77.869,77.602,75.891,77.782,67.986,54.255,66.620,73.528,59.417,53.982,48.497,50.367,52.772,46.836,43.811,39.458,38.396,36.951,34.487,33.453,33.580,26.913,26.078,28.734,29.755,21.742,15.530,19.894,14.772,16.965,24.211,9.374,3.950,7.313,5.179,6.836,9.357,8.194,4.337,5.880,6.035,1.744,1.046,0.975,1.686,1.364,0.564,0.000,0.000,0.047,0.341,0.612,0.000,0.235,1.765
249,-0.152,1.632,2.581,15.033,79.626,264.951,595.159,791.006,832.244,983.860,1490.718,2440.591,3870.817,5927.332,8180.287,11360.891,16146.357,23741.727,34192.430,46083.617,63524.363,90724.234,121616.266,117207.688,34463.914,18251.723,17224.395,17418.711,17850.311,17985.141,18276.611,18360.412,18633.125,18834.248,18873.895,19366.586,19451.025,19700.008,20222.852,20012.018,20288.125,20437.023,20485.826,20671.742,20676.559,20675.980,20962.229,20805.211,20548.008,20274.230,20010.797,19804.875,19462.342,19337.039,19109.188,18795.877,18380.465,18166.996,17771.613,17461.742,17194.492,16827.719,16464.953,15959.892,15688.785,15076.345,14589.109,14117.679,13516.550,12975.035,12393.773,11978.021,11642.679,11251.135,10778.371,10474.428,10221.832,9629.425,9065.146,8762.973,8485.401,8453.103,8211.558,8013.697,7660.022,7488.982,7152.609,6888.808,6616.059,6530.911,6245.826,6051.289,5826.167,5473.178,5302.371,5058.029,4796.442,4515.604,4404.268,4173.456,3971.219,3860.824,3595.069,3509.542,3317.733,3194.896,3033.528,2873.414,2813.706,2648.591,2471.729,2364.960,2249.240,2175.247,2028.446,1957.079,1806.652,1683.526,1647.128,1521.499,1404.236,1294.603,1279.792,1203.393,1082.740,1078.337,1008.267,969.321,845.346,870.039,808.130,770.215,683.718,658.506,585.805,536.430,534.304,513.924,460.162,387.408,405.443,394.447,375.952,352.937,336.978,338.982,304.088,286.235,291.967,270.312,273.082,257.426,252.227,243.001,250.806,248.832,233.793,251.987,222.993,239.574,240.781,211.401,201.667,188.354,211.069,187.723,202.621,193.964,195.495,205.835,196.225,184.568,188.064,166.748,157.818,173.289,136.579,143.200,145.085,130.006,143.225,125.812,132.486,124.597,94.467,106.275,105.829,118.625,88.709,98.107,90.166,90.868,95.665,86.488,91.873,79.454,91.174,85.461,91.436,88.410,80.707,90.124,84.497,77.869,77.602,75.891,77.782,67.986,54.255,66.620,73.528,59.417,53.982,48.497,50.367,52.772,46.836,43.811,39.458,38.396,36.951,34.487,33.453,33.580,26.913,26.078,28.734,29.755,21.742,15.530,19.894,14.772,16.965,24.211,9.374,3.950,7.313,5.179,6.836,9.357,8.194,4.337,5.880,6.035,1.744,1.046,0.975,1.686,1.364,0.564,0.000,0.000,0.047,0.341,0.612,0.000,0.235,1.765
250,-0.152,1.632,2.581,15.033,79.626,264.951,595.159,791.006,832.244,983.860,1490.718,2440.591,3870.817,5927.332,8180.287,11360.891,16146.357,23741.727,34192.430,46083.617,63524.363,90724.234,121616.266,117207.688,34463.914,18251.723,17224.395,17418.711,17850.311,17985.141,18276.611,18360.412,18633.125,18834.248,18873.895,19366.586,19451.025,19700.008,20222.852,20012.018,20288.125,20437.023,20485.826,20671.742,20676.559,20675.980,20962.229,20805.211,20548.008,20274.230,20010.797,19804.875,19462.342,19337.039,19109.188,18795.877,18380.465,18166.996,17771.613,17461.742,17194.492,16827.719,16464.953,15959.892,15688.785,15076.345,14589.109,14117.679,13516.550,12975.035,12393.773,11978.021,11642.679,11251.135,10778.371,10474.428,10221.832,9629.425,9065.146,8762.973,8485.401,8453.103,8211.558,8013.697,7660.022,7488.982,7152.609,6888.808,6616.059,6530.911,6245.826,6051.289,5826.167,5473.178,5302.371,5058.029,4796.442,4515.604,4404.268,4173.456,3971.219,3860.824,3595.069,3509.542,3317.733,3194.896,3033.528,2873.414,2813.706,2648.591,2471.729,2364.960,2249.240,2175.247,2028.446,1957.079,1806.652,1683.526,1647.128,1521.499,1404.236,1294.603,1279.792,1203.393,1082.740,1078.337,1008.267,969.321,845.346,870.039,808.130,770.215,683.718,658.506,585.805,536.430,534.304,513.924,460.162,387.408,405.443,394.447,375.952,352.937,336.978,338.982,304.088,286.235,291.967,270.312,273.082,257.426,252.227,243.001,250.806,248.832,233.793,251.987,222.993,239.574,240.781,211.401,201.667,188.354,211.069,187.723,202.621,193.964,195.495,205.835,196.225,184.568,188.064,166.748,157.818,173.289,136.579,143.200,145.085,130.006,143.225,125.812,132.486,124.597,94.467,106.275,105.829,118.625,88.709,98.107,90.166,90.868,95.665,86.488,91.873,79.454,91.174,85.461,91.436,88.410,80.707,90.124,84.497,77.869,77.602,75.891,77.782,67.986,54.255,66.620,73.528,59.417,53.982,48.497,50.367,52.772,46.836,43.811,39.458,38.396,36.951,34.487,33.453,33.580,26.913,26.078,28.734,29.755,21.742,15.530,19.894,14.772,16.965,24.211,9.374,3.950,7.313,5.179,6.836,9.357,8.194,4.337,5.880,6.035,1.744,1.046,0.975,1.686,1.364,0.564,0.000,0.000,0.047,0.341,0.612,0.000,0.235,1.765
251,-0.625,0.816,1.744,2.256,0.000,0.000,1.000,1.000,0.451,0.921,0.536,0.092,0.754,1.350,4.086,3.886,4.176,4.113,5.420,4.932,8.745,11.745,17.538,26.784,26.242,27.282,35.361,34.318,42.545,46.748,56.047,59.647,61.467,75.929,77.469,82.269,97.144,130.038,120.900,148.962,160.863,193.476,206.657,231.397,257.973,273.476,343.133,391.657,371.759,441.262,501.889,592.033,687.898,748.532,913.070,1030.523,1210.943,1430.370,1791.147,2018.417,2227.978,2529.379,2816.271,3301.067,3930.216,4531.354,4956.876,5401.515,6109.369,6663.602,7299.925,8120.678,8661.823,9623.003,10749.970,12382.489,13353.552,14568.672,16168.398,18497.141,20417.027,23135.633,25971.207,29703.568,33775.844,37916.832,42335.348,46823.984,51534.391,56555.977,62225.777,66988.250,72982.148,80141.125,87422.016,96909.086,105809.281,114610.125,121560.164,126254.414,130267.547,135100.562,139631.344,143036.906,142820.812,141386.875,139280.328,138159.125,137472.547,136464.094,134843.969,134607.312,136657.547,139533.547,141619.125,140336.219,136962.438,131291.391,124013.461,119398.555,115691.594,112676.531,112310.430,112908.453,113732.125,114100.703,111564.703,107258.695,102607.742,99915.188,96129.219,92866.922,90388.312,86768.469,82996.109,78670.391,74151.594,69945.633,65654.023,62594.285,58742.680,54947.836,51701.586,47827.461,44517.973,41504.887,38546.023,35370.316,32984.574,30859.189,29244.088,28360.271,28025.062,26496.230,24240.131,21301.041,19166.479,17509.770,15508.978,14141.980,12589.008,11347.529,10158.748,9467.383,8433.182,7639.869,7191.231,6695.979,6198.323,5678.146,5535.667,5055.159,4831.835,4721.563,4000.371,3452.833,3132.232,2890.615,2656.743,2414.329,2135.537,2091.654,2099.781,1778.960,1409.195,1273.054,1127.003,937.746,861.357,778.932,651.671,588.701,537.959,485.512,472.072,381.856,355.286,334.915,290.896,279.266,236.127,216.743,202.187,154.806,148.312,127.014,110.586,102.893,100.320,88.929,84.369,88.530,81.610,53.816,50.341,53.940,40.833,42.577,26.767,27.726,35.617,23.631,18.320,15.478,18.282,14.959,11.465,5.312,6.946,4.384,3.717,2.030,1.903,6.408,2.798,2.823,4.643,1.915,1.723,0.991,1.853,1.851,0.734,0.464,1.858,1.356,0.017,0.575,0.966,4.025,1.386,1.048,1.001,0.000,0.000,0.000,0.000,1.000
252,-0.141,1.632,32.583,158.516,444.211,715.138,762.674,705.193,690.349,844.429,1102.342,1423.188,1901.369,2383.302,3277.746,4370.316,6203.933,8990.987,13379.719,21313.877,37040.828,53488.691,30370.041,9449.781,8058.078,8186.725,8448.704,8795.949,8974.307,9257.206,9315.471,9495.920,9701.671,9923.475,10448.471,10792.559,11250.420,11426.703,11606.597,11817.107,12008.514,12157.995,12342.994,12261.789,12591.412,12616.714,12462.173,12302.318,12071.177,12022.672,11835.984,11664.908,11583.049,11418.519,11130.221,10725.756,10556.344,10207.254,10083.648,9632.377,9530.901,9375.445,9010.346,8831.577,8520.868,8374.758,7845.387,7586.458,7216.181,6844.805,6673.170,6402.881,6268.800,6080.033,5988.525,5831.950,5533.089,5146.543,5025.959,4852.885,4778.641,4610.243,4515.929,4396.643,4342.504,4188.828,4102.179,4052.351,3951.135,3866.071,3818.680,3629.568,3472.397,3338.613,3221.681,3196.499,3013.866,3031.777,2904.809,2790.641,2721.519,2508.052,2458.544,2327.907,2217.630,2156.670,2072.785,1978.418,1896.427,1751.559,1666.771,1600.504,1564.865,1461.325,1377.003,1305.040,1225.295,1200.515,1122.445,1040.142,939.039,917.472,872.223,778.856,791.650,762.497,712.111,625.286,627.290,599.468,563.833,519.141,470.349,429.778,402.229,395.993,395.898,385.833,324.915,308.914,334.629,319.389,306.009,301.924,283.034,279.636,261.173,251.161,243.398,254.968,252.214,225.963,228.309,218.370,219.451,218.429,235.798,214.034,204.274,223.700,214.828,189.409,180.794,174.555,183.283,186.996,188.463,187.267,183.739,205.010,169.506,181.037,164.625,161.744,159.645,153.347,131.983,149.244,128.535,128.465,124.267,137.016,126.069,103.025,97.462,102.083,110.241,108.406,86.366,101.180,83.919,86.219,88.265,93.271,87.924,85.460,82.980,92.776,84.826,84.147,86.278,87.489,84.356,76.233,71.856,81.753,73.738,63.572,53.458,69.194,68.101,56.503,51.215,49.512,49.944,53.571,45.026,39.523,39.208,42.752,36.358,36.423,28.228,30.233,27.413,28.241,27.516,28.609,19.686,18.129,17.816,13.685,16.653,23.307,8.509,3.624,7.460,5.141,9.236,7.892,7.239,4.237,5.899,6.029,1.678,1.033,0.957,1.659,1.382,0.525,0.001,0.000,0.052,0.353,0.594,0.001,0.236,1.764
253,-0.141,1.632,32.583,158.516,444.211,715.138,762.674,705.193,690.349,844.429,1102.342,1423.188,1901.369,2383.302,3277.746,4370.316,6203.933,8990.987,13379.719,21313.877,37040.828,53488.691,30370.041,9449.781,8058.078,8186.725,8448.704,8795.949,8974.307,9257.206,9315.471,9495.920,9701.671,9923.475,10448.471,10792.559,11250.420,11426.703,11606.597,11817.107,12008.514,12157.995,12342.994,12261.789,12591.412,12616.714,12462.173,12302.318,12071.177,12022.672,11835.984,11664.908,11583.049,11418.519,11130.221,10725.756,10556.344,10207.254,10083.648,9632.377,9530.901,9375.445,9010.346,8831.577,8520.868,8374.758,7845.387,7586.458,7216.181,6844.805,6673.170,6402.881,6268.800,6080.033,5988.525,5831.950,5533.089,5146.543,5025.959,4852.885,4778.641,4610.243,4515.929,4396.643,4342.504,4188.828,4102.179,4052.351,3951.135,3866.071,3818.680,3629.568,3472.397,3338.613,3221.681,3196.499,3013.866,3031.777,2904.809,2790.641,2721.519,2508.052,2458.544,2327.907,2217.630,2156.670,2072.785,1978.418,1896.427,1751.559,1666.771,1600.504,1564.865,1461.325,1377.003,1305.040,1225.295,1200.515,1122.445,1040.142,939.039,917.472,872.223,778.856,791.650,762.497,712.111,625.286,627.290,599.468,563.833,519.141,470.349,429.778,402.229,395.993,395.898,385.833,324.915,308.914,334.629,319.389,306.009,301.924,283.034,279.636,261.173,251.161,243.398,254.968,252.214,225.963,228.309,218.370,219.451,218.429,235.798,214.034,204.274,223.700,214.828,189.409,180.794,174.555,183.283,186.996,188.463,187.267,183.739,205.010,169.506,181.037,164.625,161.744,159.645,153.347,131.983,149.244,128.535,128.465,124.267,137.016,126.069,103.025,97.462,102.083,110.241,108.406,86.366,101.180,83.919,86.219,88.265,93.271,87.924,85.460,82.980,92.776,84.826,84.147,86.278,87.489,84.356,76.233,71.856,81.753,73.738,63.572,53.458,69.194,68.101,56.503,51.215,49.512,49.944,53.571,45.026,39.523,39.208,42.752,36.358,36.423,28.228,30.233,27.413,28.241,27.516,28.609,19.686,18.129,17.816,13.685,16.653,23.307,8.509,3.624,7.460,5.141,9.236,7.892,7.239,4.237,5.899,6.029,1.678,1.033,0.957,1.659,1.382,0.525,0.001,0.000,0.052,0.353,0.594,0.001,0.236,1.764
254,-0.152,1.221,2.025,2.779,3.720,4.725,8.949,18.140,16.908,34.011,68.053,163.623,374.206,734.160,1205.272,1868.542,2819.862,3837.850,4937.594,6445.586,8335.329,11453.197,16007.852,20754.691,25621.018,31423.918,39857.953,50538.207,60826.133,60427.996,35199.582,8386.635,7141.686,6952.084,6966.603,6993.655,6954.782,6920.283,7034.697,6981.441,6950.257,7080.688,7076.390,6927.211,6921.237,7016.734,6819.858,6632.724,6729.917,6714.564,6505.012,6493.122,6489.513,6457.605,6444.518,6431.562,6367.508,6311.161,6335.350,6346.315,6341.054,6325.578,6273.331,6134.075,6110.352,6059.239,5889.561,5912.617,5928.535,5807.040,5802.733,5843.702,5784.182,5698.206,5719.241,5673.525,5678.156,5690.627,5625.701,5519.049,5376.647,5272.417,5274.520,5160.984,4912.550,4765.192,4644.356,4630.921,4481.848,4404.105,4226.236,4103.731,4020.170,3957.502,3808.049,3667.705,3600.818,3404.828,3310.561,3226.985,3065.817,2892.888,2856.893,2769.238,2762.070,2796.118,2755.563,2647.687,2608.301,2462.740,2360.926,2250.103,2184.533,2040.330,2003.696,1929.925,1868.834,1747.836,1726.081,1671.410,1559.631,1516.241,1442.571,1346.008,1241.095,1170.515,1116.333,1066.026,974.957,884.352,922.927,824.282,810.787,806.441,793.879,749.080,725.764,680.605,636.040,623.620,627.277,568.680,562.812,542.696,513.179,485.444,469.934,461.742,431.031,428.023,397.838,377.214,353.880,330.017,308.229,294.867,287.314,270.433,266.784,259.198,257.779,225.750,204.520,209.828,201.219,187.199,178.817,176.538,171.164,161.361,154.183,144.311,142.975,133.448,116.224,110.191,98.656,93.684,80.101,69.774,61.181,57.514,57.472,43.559,39.045,41.528,37.184,31.859,30.287,24.567,24.116,25.504,21.295,20.431,17.981,15.360,10.995,18.337,15.325,16.514,17.008,17.669,17.320,16.180,11.338,9.223,16.448,9.461,13.466,9.971,15.669,11.532,7.697,9.102,7.654,7.178,6.599,5.570,7.086,8.225,5.697,12.224,6.688,5.917,4.322,3.382,1.689,2.035,1.904,3.169,2.869,1.859,1.342,2.113,1.839,1.796,2.859,2.539,2.079,1.791,0.749,0.131,0.421,0.980,1.779,0.737,0.000,0.000,0.000,0.303,0.683,0.014,0.000,0.000,0.713,1.287,0.000,1.000
255,-0.152,1.221,2.025,2.779,3.720,4.725,8.949,18.140,16.908,34.011,68.053,163.623,374.206,734.160,1205.272,1868.542,2819.862,3837.850,4937.594,6445.586,8335.329,11453.197,16007.852,20754.691,25621.018,31423.918,39857.953,50538.207,60826.133,60427.996,35199.582,8386.635,7141.686,6952.084,6966.603,6993.655,6954.782,6920.283,7034.697,6981.441,6950.257,7080.688,7076.390,6927.211,6921.237,7016.734,6819.858,6632.724,6729.917,6714.564,6505.012,6493.122,6489.513,6457.605,6444.518,6431.562,6367.508,6311.161,6335.350,6346.315,6341.054,6325.578,6273.331,6134.075,6110.352,6059.239,5889.561,5912.617,5928.535,5807.040,5802.733,5843.702,5784.182,5698.206,5719.241,5673.525,5678.156,5690.627,5625.701,5519.049,5376.647,5272.417,5274.520,5160.984,4912.550,4765.192,4644.356,4630.921,4481.848,4404.105,4226.236,4103.731,4020.170,3957.502,3808.049,3667.705,3600.818,3404.828,3310.561,3226.985,3065.817,2892.888,2856.893,2769.238,2762.070,2796.118,2755.563,2647.687,2608.301,2462.740,2360.926,2250.103,2184.533,2040.330,2003.696,1929.925,1868.834,1747.836,1726.081,1671.410,1559.631,1516.241,1442.571,1346.008,1241.095,1170.515,1116.333,1066.026,974.957,884.352,922.927,824.282,810.787,806.441,793.879,749.080,725.764,680.605,636.040,623.620,627.277,568.680,562.812,542.696,513.179,485.444,469.934,461.742,431.031,428.023,397.838,377.214,353.880,330.017,308.229,294.867,287.314,270.433,266.784,259.198,257.779,225.750,204.520,209.828,201.219,187.199,178.817,176.538,171.164,161.361,154.183,144.311,142.975,133.448,116.224,110.191,98.656,93.684,80.101,69.774,61.181,57.514,57.472,43.559,39.045,41.528,37.184,31.859,30.287,24.567,24.116,25.504,21.295,20.431,17.981,15.360,10.995,18.337,15.325,16.514,17.008,17.669,17.320,16.180,11.338,9.223,16.448,9.461,13.466,9.971,15.669,11.532,7.697,9.102,7.654,7.178,6.599,5.570,7.086,8.225,5.697,12.224,6.688,5.917,4.322,3.382,1.689,2.035,1.904,3.169,2.869,1.859,1.342,2.113,1.839,1.796,2.859,2.539,2.079,1.791,0.749,0.131,0.421,0.980,1.779,0.737,0.000,0.000,0.000,0.303,0.683,0.014,0.000,0.000,0.713,1.287,0.000,1.000
256,-0.627,0.851,1.000,0.007,1.351,2.280,2.851,1.897,1.885,3.038,1.815,5.254,10.926,8.633,15.200,18.064,15.744,16.386,30.325,36.452,39.196,49.701,52.331,50.501,48.878,65.345,54.524,64.403,80.174,94.938,106.834,106.538,129.859,141.604,162.445,190.706,217.414,248.787,250.227,257.384,310.289,302.191,309.199,272.309,386.943,377.499,391.144,402.752,488.934,483.819,511.310,550.420,567.172,646.314,669.320,732.502,773.205,881.687,883.182,981.307,1061.764,1047.113,1213.192,1344.523,1355.342,1512.544,1701.827,1808.893,1878.667,1964.423,2129.252,2361.544,2565.711,2699.670,2882.635,3160.129,3393.037,3640.878,3777.440,4074.632,4398.028,4604.439,4757.193,5167.119,5185.537,5358.075,5541.388,5781.571,5751.590,6130.841,6183.745,6342.612,6527.659,6622.149,6860.071,6988.622,7266.731,7412.232,7574.201,7979.280,8025.626,8185.230,8202.812,8525.113,8736.066,8854.063,9144.066,9251.048,9341.184,9541.047,9665.351,9769.362,10061.365,10136.641,10516.164,10521.360,10815.685,11046.916,11729.295,11981.813,12554.752,12925.079,13215.458,13428.883,13258.742,13439.736,13599.344,14100.767,15028.025,15999.445,16574.250,17051.033,17124.496,17005.113,16503.373,15163.283,13737.274,12680.924,12167.823,11661.190,11196.891,10608.856,10184.949,9915.869,9834.828,9304.508,8482.328,7910.830,7469.659,7225.482,6795.079,6357.740,6047.724,5559.188,5176.859,4776.673,4352.595,3996.718,3712.300,3496.361,3321.779,3094.931,2981.118,2827.854,2637.964,2501.155,2307.335,2279.536,2186.755,1960.122,1954.430,1850.648,1725.871,1632.534,1566.383,1514.537,1502.616,1378.271,1282.940,1326.965,1298.909,1165.828,1207.991,1192.990,1276.487,1314.996,1223.819,1263.358,1256.194,1123.202,901.950,815.450,645.404,527.078,447.257,335.463,245.568,168.084,114.301,87.688,75.190,49.436,49.807,27.281,30.114,27.464,18.267,14.356,12.956,6.022,8.833,3.217,3.913,5.436,6.824,3.835,1.910,0.555,2.394,2.934,1.064,1.000,1.000,2.000,0.000,0.000,1.578,0.408,0.014,0.125,1.823,2.052,0.000,0.416,0.584,0.000,0.000,0.000,0.000,0.000,0.912,0.088,0.000,0.000,1.000,0.000,0.000,0.000,0.000,0.000,0.000,0.000,0.000,1.000,0.000,0.000,0.000,1.000
257,-0.063,0.851,10.949,40.718,150.818,334.196,612.524,1251.603,1915.976,2820.184,4276.650,6718.015,10547.905,16638.516,24906.758,33188.488,39529.070,46420.980,52208.078,34573.453,7167.504,6170.827,6254.647,6102.665,6333.937,6439.165,6616.862,6441.737,6544.929,6764.110,6708.864,7069.217,7334.184,7341.279,7492.407,7721.344,7957.668,7996.063,8113.651,8196.955,8357.531,8168.210,8241.086,8262.436,8369.350,8436.926,8596.389,8899.289,9286.773,9676.439,9938.004,10113.094,10573.168,10516.973,10631.635,10592.229,10518.420,10289.498,10261.301,9623.688,9028.140,8485.756,8013.151,7724.493,7489.041,7495.762,7140.803,7075.193,6771.956,6557.126,6438.176,6201.802,6218.178,5974.415,6112.220,5921.110,5654.590,5268.057,5084.654,4816.922,4651.804,4562.839,4503.007,4356.583,4096.154,3904.690,3946.916,3690.298,3515.017,3333.284,3254.918,3072.365,2922.247,2740.592,2549.334,2497.842,2367.825,2234.891,2157.478,2138.842,2015.524,1966.893,1875.369,1859.834,1791.700,1716.230,1632.604,1622.198,1523.796,1418.081,1433.510,1446.978,1321.078,1388.271,1201.317,1213.215,1240.482,1171.046,1142.739,1057.833,996.747,1031.425,970.723,978.749,937.913,934.690,907.098,894.487,772.653,794.170,820.516,830.380,814.584,748.461,718.919,718.812,761.807,735.302,766.716,812.337,815.467,797.777,729.698,747.519,804.678,792.265,759.023,663.462,586.055,542.689,487.845,439.757,366.765,327.434,289.540,279.322,234.880,195.165,149.023,99.532,106.122,80.239,57.660,52.267,45.416,47.456,30.795,32.248,27.754,13.762,17.681,21.868,15.536,17.808,13.359,10.379,4.831,10.506,6.872,3.643,4.982,4.507,1.903,2.399,2.701,1.104,5.368,5.205,2.297,2.071,0.616,1.384,0.535,1.441,0.944,2.963,0.117,1.001,1.000,0.000,1.000,0.000,2.000,0.000,0.000,0.000,0.531,1.102,0.361,0.006,0.000,0.000,0.114,1.544,1.343,1.000,0.000,0.000,0.967,0.033,0.000,0.000,0.000,0.000,0.000,0.000,0.000,0.000,0.000,0.283,0.717,0.000,0.000,0.000,0.000,0.000,1.000,0.000,0.000,0.000,0.000,0.000,0.000,0.000,0.000,0.000,0.000,0.000,0.000,0.000,0.000,1.000,0.000,0.000,0.000,0.000,0.000,1.000
258,-1.414,1.660,1.000,0.000,0.000,0.000,0.000,0.207,0.793,0.259,0.834,0.439,0.804,1.831,0.798,1.284,0.788,0.905,1.007,1.645,1.953,1.969,2.845,3.838,3.179,5.613,7.141,6.278,10.485,12.551,18.719,21.721,30.458,40.720,49.905,58.691,57.890,68.406,86.451,115.366,125.606,155.303,165.254,160.293,145.412,131.228,129.048,158.492,126.977,134.560,145.938,168.147,200.442,198.851,216.284,256.669,275.383,302.190,332.200,365.426,393.824,418.718,472.368,513.287,593.309,635.940,643.720,700.942,788.934,877.824,918.137,976.639,1021.245,1103.042,1136.646,1208.173,1319.042,1381.903,1424.851,1560.308,1582.720,1702.566,1811.623,1953.847,2238.437,2352.731,2253.685,2319.434,2461.443,2581.378,2842.701,3178.060,3397.704,3680.894,3920.502,4199.945,4582.214,4824.312,5246.699,5747.482,6341.408,7350.196,9183.989,11600.512,13335.734,14044.766,15775.590,19063.398,21180.916,20324.215,19360.045,19388.539,20137.914,20980.912,22009.578,23003.219,23192.021,22843.812,22959.863,23699.227,23979.984,24146.219,23667.979,22416.240,21123.131,20179.377,19990.197,20789.199,20526.422,19407.252,16878.949,15222.170,13647.989,12726.081,11877.035,11138.190,10526.236,10029.297,9210.023,8064.330,7005.770,6238.982,5574.160,5133.178,4772.947,4347.087,4017.912,3645.246,3378.660,3175.246,2917.224,2742.186,2518.237,2409.733,2200.550,1964.940,1806.983,1710.654,1561.956,1458.589,1310.511,1188.383,1065.223,1002.233,948.151,846.749,793.690,707.622,664.585,598.318,603.843,560.958,523.300,470.621,443.099,411.085,376.206,336.514,323.400,318.016,299.583,295.692,257.951,245.037,228.350,203.787,202.483,201.164,206.290,201.798,198.174,203.223,238.330,225.081,191.792,171.555,165.942,145.608,145.722,126.633,89.117,74.398,59.187,61.915,48.781,50.152,47.557,44.307,35.614,34.165,31.227,35.000,31.235,24.386,26.148,22.188,20.205,17.224,17.769,16.792,14.741,13.235,12.757,15.680,14.727,11.992,13.306,9.110,7.003,8.360,6.611,6.142,6.000,5.869,6.410,5.790,4.135,2.123,2.941,1.624,1.355,2.593,2.175,1.737,1.271,2.266,0.479,0.850,0.815,0.152,0.291,1.618,0.091,0.000,0.000,0.000,0.000,1.000
259,-1.213,1.124,1.000,0.000,0.000,0.000,0.000,1.000,0.033,1.073,0.908,1.378,0.743,1.770,3.204,4.661,4.420,3.497,7.421,9.734,7.667,12.922,16.118,18.659,17.080,25.056,23.816,33.036,31.834,36.843,46.066,45.517,49.035,70.996,66.918,77.955,85.284,84.484,104.420,121.147,137.640,162.297,166.527,177.088,194.512,216.628,225.615,237.148,255.897,279.593,331.932,355.352,353.906,366.919,420.375,436.912,445.167,459.037,453.643,452.598,471.567,511.911,540.256,549.053,577.809,589.676,607.477,661.896,687.982,673.529,698.947,706.475,740.575,754.418,783.854,817.814,797.762,912.181,970.286,1019.210,1112.582,1133.346,1206.360,1271.885,1294.025,1386.629,1486.719,1629.520,1787.978,1857.432,2049.426,2108.266,2183.295,2427.184,2590.243,2764.589,3023.361,3210.726,3404.842,3716.021,3950.439,4233.722,4480.394,4882.631,5217.590,5470.339,5825.568,6276.902,6543.357,6941.602,7314.510,7648.562,8069.896,8460.184,8768.529,9240.985,9597.158,9966.720,10294.600,10516.012,10854.638,10967.131,11364.555,11733.484,11732.314,12186.982,12369.323,12700.353,12902.941,13200.129,13410.787,13660.116,13969.879,14093.020,14181.190,14480.568,14670.375,14548.924,14479.777,14422.688,14282.056,14235.735,13905.346,13910.580,13642.818,13526.287,13320.859,12993.932,12730.825,12358.234,11996.931,11840.474,11687.854,11282.955,11180.502,10776.498,10452.410,10284.078,9812.697,9590.119,9520.498,9177.675,8875.500,8612.039,8226.018,7958.311,7557.105,7216.492,6780.300,6260.251,5861.755,5430.677,5184.318,4748.677,4346.579,3983.995,3626.094,3222.695,2972.478,2675.064,2407.951,2161.773,2003.061,1803.491,1676.325,1520.610,1366.685,1292.919,1222.175,1121.670,1026.858,933.831,876.999,762.678,698.015,595.230,558.722,487.793,438.186,389.089,358.591,315.528,305.707,260.508,238.764,236.617,214.932,199.869,180.595,181.488,161.463,145.450,148.114,141.624,147.953,130.190,130.145,116.133,128.383,138.214,126.911,125.541,115.104,109.047,126.444,118.077,121.074,113.868,121.216,127.603,130.593,103.568,94.002,88.091,80.632,67.808,71.644,61.095,59.421,45.761,33.356,36.136,25.102,24.467,23.010,17.627,16.575,8.710,12.845,5.141,7.682,4.166,3.015,2.682,1.213,2.999,2.664,2.114
260,-0.121,1.124,1.035,6.360,20.068,62.967,142.134,267.284,484.105,869.961,1295.620,1950.190,2410.302,2945.264,3560.258,4209.249,5488.215,7369.958,10508.008,15040.729,21639.570,30489.979,40519.016,51008.188,59168.496,64999.953,60099.719,15804.891,9102.619,8025.987,7846.554,7674.033,7803.061,7700.024,7673.597,7718.978,7711.391,7594.965,7574.889,7640.313,7470.380,7422.613,7356.079,7429.216,7298.923,7223.528,7258.121,7174.888,7129.518,7077.936,6907.271,6884.822,6780.964,6695.362,6527.225,6472.422,6414.939,6381.910,6236.790,6252.933,6201.317,6083.168,5958.834,6013.229,5805.860,5738.953,5708.189,5591.473,5556.060,5478.002,5311.746,5228.661,5094.453,5135.048,5123.990,5023.406,4899.097,4865.978,4769.378,4676.840,4621.023,4488.182,4387.235,4356.950,4197.337,4148.136,3982.755,3933.500,3840.374,3690.877,3544.116,3382.118,3288.140,3160.783,3030.563,2918.322,2801.964,2787.687,2628.848,2562.609,2393.486,2309.787,2229.281,2069.275,1969.354,1888.736,1743.946,1688.903,1587.456,1533.514,1461.498,1379.509,1265.219,1195.428,1155.819,1072.970,1084.889,1011.339,901.467,929.774,878.107,822.288,810.797,731.911,699.961,687.424,689.728,655.132,616.438,608.293,546.697,553.760,503.286,506.645,459.469,467.659,417.080,398.999,369.918,364.460,323.345,302.193,300.931,269.029,265.633,255.750,220.024,230.330,197.694,174.326,202.763,173.754,161.703,175.974,143.401,142.303,133.519,130.452,120.275,119.027,121.444,127.370,96.691,104.880,107.641,96.198,96.957,97.763,76.272,84.638,75.897,80.226,76.130,78.497,74.593,74.420,82.651,74.144,73.035,73.063,60.831,65.518,59.203,66.972,68.988,72.990,73.848,76.679,62.691,64.485,64.905,58.095,51.566,64.454,71.140,62.392,69.629,59.713,70.957,56.530,57.708,63.644,63.482,66.325,68.519,68.586,75.875,57.272,58.910,54.309,48.373,45.655,45.186,44.085,37.710,36.980,36.994,33.844,39.093,35.711,28.445,33.435,27.338,23.199,17.737,18.550,21.933,15.662,12.811,14.239,13.910,12.086,15.707,6.347,11.749,7.100,7.322,8.767,4.413,7.046,7.894,0.992,2.177,5.633,3.454,2.948,0.180,1.844,1.473,2.030,1.525,0.021,0.087,2.067,1.779,2.161,0.906,1.000
261,-0.141,1.632,32.583,158.546,445.384,721.444,789.280,834.948,1035.254,1659.971,2716.782,4210.731,5658.609,7364.524,9945.131,14256.151,22450.707,35961.133,57298.414,85436.344,118945.016,143375.406,75182.555,22844.711,19281.578,19166.668,19489.535,19747.445,19921.830,20114.461,20204.168,20142.945,20288.633,20432.893,20897.273,21097.441,21537.730,21533.287,21563.551,21653.020,21595.914,21457.574,21587.398,21337.314,21542.738,21498.680,21128.422,20810.080,20446.785,20207.066,19863.082,19539.984,19282.594,18864.055,18489.982,17932.738,17673.172,17194.820,16826.104,16311.520,15936.144,15595.191,15075.292,14767.271,14145.752,13806.319,13018.662,12501.109,11818.040,11250.037,10802.605,10462.328,10010.842,9639.410,9330.795,8936.348,8401.004,7833.250,7468.378,7154.404,6935.552,6603.499,6314.992,6071.340,5912.213,5653.994,5458.406,5343.163,5162.126,5009.834,4826.223,4605.661,4445.136,4235.621,4051.427,3985.729,3735.857,3726.540,3561.305,3378.405,3258.384,3004.117,2915.645,2750.558,2598.698,2522.043,2392.278,2270.897,2156.844,2023.037,1895.153,1833.833,1765.855,1649.474,1553.683,1486.948,1397.883,1344.302,1272.999,1182.007,1073.595,1046.078,987.653,891.271,901.506,872.844,817.315,742.374,728.469,701.048,657.530,602.881,565.893,529.375,508.415,494.927,490.368,473.968,400.774,405.739,426.802,415.747,396.784,384.327,363.776,375.432,358.610,346.318,350.642,332.362,331.981,292.738,289.618,285.638,267.659,272.716,285.677,265.308,248.104,266.421,246.971,215.050,208.460,198.021,203.491,202.847,210.125,198.769,197.674,217.436,178.879,189.398,172.517,164.132,166.303,157.365,134.410,151.019,130.823,130.557,125.020,139.355,127.973,105.144,98.715,102.126,110.242,108.406,86.366,101.180,83.919,86.219,88.265,93.271,87.924,85.460,82.980,92.776,84.826,84.147,86.278,87.489,84.356,76.233,71.856,81.753,73.738,63.572,53.458,69.194,68.101,56.503,51.215,49.512,49.944,53.571,45.026,39.523,39.208,42.752,36.358,36.423,28.228,30.233,27.413,28.241,27.516,28.609,19.686,18.129,17.816,13.685,16.653,23.307,8.509,3.624,7.460,5.141,9.236,7.892,7.239,4.237,5.899,6.029,1.678,1.033,0.957,1.659,1.382,0.525,0.001,0.000,0.052,0.353,0.594,0.001,0.236,1.764
262,-0.141,1.632,32.583,158.546,445.384,721.444,789.280,834.948,1035.254,1659.971,2716.782,4210.731,5658.609,7364.524,9945.131,14256.151,22450.707,35961.133,57298.414,85436.344,118945.016,143375.406,75182.555,22844.711,19281.578,19166.668,19489.535,19747.445,19921.830,20114.461,20204.168,20142.945,20288.633,20432.893,20897.273,21097.441,21537.730,21533.287,21563.551,21653.020,21595.914,21457.574,21587.398,21337.314,21542.738,21498.680,21128.422,20810.080,20446.785,20207.066,19863.082,19539.984,19282.594,18864.055,18489.982,17932.738,17673.172,17194.820,16826.104,16311.520,15936.144,15595.191,15075.292,14767.271,14145.752,13806.319,13018.662,12501.109,11818.040,11250.037,10802.605,10462.328,10010.842,9639.410,9330.795,8936.348,8401.004,7833.250,7468.378,7154.404,6935.552,6603.499,6314.992,6071.340,5912.213,5653.994,5458.406,5343.163,5162.126,5009.834,4826.223,4605.661,4445.136,4235.621,4051.427,3985.729,3735.857,3726.540,3561.305,3378.405,3258.384,3004.117,2915.645,2750.558,2598.698,2522.043,2392.278,2270.897,2156.844,2023.037,1895.153,1833.833,1765.855,1649.474,1553.683,1486.948,1397.883,1344.302,1272.999,1182.007,1073.595,1046.078,987.653,891.271,901.506,872.844,817.315,742.374,728.469,701.048,657.530,602.881,565.893,529.375,508.415,494.927,490.368,473.968,400.774,405.739,426.802,415.747,396.784,384.327,363.776,375.432,358.610,346.318,350.642,332.362,331.981,292.738,289.618,285.638,267.659,272.716,285.677,265.308,248.104,266.421,246.971,215.050,208.460,198.021,203.491,202.847,210.125,198.769,197.674,217.436,178.879,189.398,172.517,164.132,166.303,157.365,134.410,151.019,130.823,130.557,125.020,139.355,127.973,105.144,98.715,102.126,110.242,108.406,86.366,101.180,83.919,86.219,88.265,93.271,87.924,85.460,82.980,92.776,84.826,84.147,86.278,87.489,84.356,76.233,71.856,81.753,73.738,63.572,53.458,69.194,68.101,56.503,51.215,49.512,49.944,53.571,45.026,39.523,39.208,42.752,36.358,36.423,28.228,30.233,27.413,28.241,27.516,28.609,19.686,18.129,17.816,13.685,16.653,23.307,8.509,3.624,7.460,5.141,9.236,7.892,7.239,4.237,5.899,6.029,1.678,1.033,0.957,1.659,1.382,0.525,0.001,0.000,0.052,0.353,0.594,0.001,0.236,1.764
263,-0.141,1.632,32.583,158.546,445.384,721.444,789.280,834.948,1035.254,1659.971,2716.782,4210.731,5658.609,7364.524,9945.131,14256.151,22450.707,35961.133,57298.414,85436.344,118945.016,143375.406,75182.555,22844.711,19281.578,19166.668,19489.535,19747.445,19921.830,20114.461,20204.168,20142.945,20288.633,20432.893,20897.273,21097.441,21537.730,21533.287,21563.551,21653.020,21595.914,21457.574,21587.398,21337.314,21542.738,21498.680,21128.422,20810.080,20446.785,20207.066,19863.082,19539.984,19282.594,18864.055,18489.982,17932.738,17673.172,17194.820,16826.104,16311.520,15936.144,15595.191,15075.292,14767.271,14145.752,13806.319,13018.662,12501.109,11818.040,11250.037,10802.605,10462.328,10010.842,9639.410,9330.795,8936.348,8401.004,7833.250,7468.378,7154.404,6935.552,6603.499,6314.992,6071.340,5912.213,5653.994,5458.406,5343.163,5162.126,5009.834,4826.223,4605.661,4445.136,4235.621,4051.427,3985.729,3735.857,3726.540,3561.305,3378.405,3258.384,3004.117,2915.645,2750.558,2598.698,2522.043,2392.278,2270.897,2156.844,2023.037,1895.153,1833.833,1765.855,1649.474,1553.683,1486.948,1397.883,1344.302,1272.999,1182.007,1073.595,1046.078,987.653,891.271,901.506,872.844,817.315,742.374,728.469,701.048,657.530,602.881,565.893,529.375,508.415,494.927,490.368,473.968,400.774,405.739,426.802,415.747,396.784,384.327,363.776,375.432,358.610,346.318,350.642,332.362,331.981,292.738,289.618,285.638,267.659,272.716,285.677,265.308,248.104,266.421,246.971,215.050,208.460,198.021,203.491,202.847,210.125,198.769,197.674,217.436,178.879,189.398,172.517,164.132,166.303,157.365,134.410,151.019,130.823,130.557,125.020,139.355,127.973,105.144,98.715,102.126,110.242,108.406,86.366,101.180,83.919,86.219,88.265,93.271,87.924,85.460,82.980,92.776,84.826,84.147,86.278,87.489,84.356,76.233,71.856,81.753,73.738,63.572,53.458,69.194,68.101,56.503,51.215,49.512,49.944,53.571,45.026,39.523,39.208,42.752,36.358,36.423,28.228,30.233,27.413,28.241,27.516,28.609,19.686,18.129,17.816,13.685,16.653,23.307,8.509,3.624,7.460,5.141,9.236,7.892,7.239,4.237,5.899,6.029,1.678,1.033,0.957,1.659,1.382,0.525,0.001,0.000,0.052,0.353,0.594,0.001,0.236,1.764
264,-0.141,1.632,32.583,158.546,445.384,721.444,789.280,834.948,1035.254,1659.971,2716.782,4210.731,5658.609,7364.524,9945.131,14256.151,22450.707,35961.133,57298.414,85436.344,118945.016,143375.406,75182.555,22844.711,19281.578,19166.668,19489.535,19747.445,19921.830,20114.461,20204.168,20142.945,20288.633,20432.893,20897.273,21097.441,21537.730,21533.287,21563.551,21653.020,21595.914,21457.574,21587.398,21337.314,21542.738,21498.680,21128.422,20810.080,20446.785,20207.066,19863.082,19539.984,19282.594,18864.055,18489.982,17932.738,17673.172,17194.820,16826.104,16311.520,15936.144,15595.191,15075.292,14767.271,14145.752,13806.319,13018.662,12501.109,11818.040,11250.037,10802.605,10462.328,10010.842,9639.410,9330.795,8936.348,8401.004,7833.250,7468.378,7154.404,6935.552,6603.499,6314.992,6071.340,5912.213,5653.994,5458.406,5343.163,5162.126,5009.834,4826.223,4605.661,4445.136,4235.621,4051.427,3985.729,3735.857,3726.540,3561.305,3378.405,3258.384,3004.117,2915.645,2750.558,2598.698,2522.043,2392.278,2270.897,2156.844,2023.037,1895.153,1833.833,1765.855,1649.474,1553.683,1486.948,1397.883,1344.302,1272.999,1182.007,1073.595,1046.078,987.653,891.271,901.506,872.844,817.315,742.374,728.469,701.048,657.530,602.881,565.893,529.375,508.415,494.927,490.368,473.968,400.774,405.739,426.802,415.747,396.784,384.327,363.776,375.432,358.610,346.318,350.642,332.362,331.981,292.738,289.618,285.638,267.659,272.716,285.677,265.308,248.104,266.421,246.971,215.050,208.460,198.021,203.491,202.847,210.125,198.769,197.674,217.436,178.879,189.398,172.517,164.132,166.303,157.365,134.410,151.019,130.823,130.557,125.020,139.355,127.973,105.144,98.715,102.126,110.242,108.406,86.366,101.180,83.919,86.219,88.265,93.271,87.924,85.460,82.980,92.776,84.826,84.147,86.278,87.489,84.356,76.233,71.856,81.753,73.738,63.572,53.458,69.194,68.101,56.503,51.215,49.512,49.944,53.571,45.026,39.523,39.208,42.752,36.358,36.423,28.228,30.233,27.413,28.241,27.516,28.609,19.686,18.129,17.816,13.685,16.653,23.307,8.509,3.624,7.460,5.141,9.236,7.892,7.239,4.237,5.899,6.029,1.678,1.033,0.957,1.659,1.382,0.525,0.001,0.000,0.052,0.353,0.594,0.001,0.236,1.764
265,-0.141,1.632,32.583,158.546,445.384,721.444,789.280,834.948,1035.254,1659.971,2716.782,4210.731,5658.609,7364.524,9945.131,14256.151,22450.707,35961.133,57298.414,85436.344,118945.016,143375.406,75182.555,22844.711,19281.578,19166.668,19489.535,19747.445,19921.830,20114.461,20204.168,20142.945,20288.633,20432.893,20897.273,21097.441,21537.730,21533.287,21563.551,21653.020,21595.914,21457.574,21587.398,21337.314,21542.738,21498.680,21128.422,20810.080,20446.785,20207.066,19863.082,19539.984,19282.594,18864.055,18489.982,17932.738,17673.172,17194.820,16826.104,16311.520,15936.144,15595.191,15075.292,14767.271,14145.752,13806.319,13018.662,12501.109,11818.040,11250.037,10802.605,10462.328,10010.842,9639.410,9330.795,8936.348,8401.004,7833.250,7468.378,7154.404,6935.552,6603.499,6314.992,6071.340,5912.213,5653.994,5458.406,5343.163,5162.126,5009.834,4826.223,4605.661,4445.136,4235.621,4051.427,3985.729,3735.857,3726.540,3561.305,3378.405,3258.384,3004.117,2915.645,2750.558,2598.698,2522.043,2392.278,2270.897,2156.844,2023.037,1895.153,1833.833,1765.855,1649.474,1553.683,1486.948,1397.883,1344.302,1272.999,1182.007,1073.595,1046.078,987.653,891.271,901.506,872.844,817.315,742.374,728.469,701.048,657.530,602.881,565.893,529.375,508.415,494.927,490.368,473.968,400.774,405.739,426.802,415.747,396.784,384.327,363.776,375.432,358.610,346.318,350.642,332.362,331.981,292.738,289.618,285.638,267.659,272.716,285.677,265.308,248.104,266.421,246.971,215.050,208.460,198.021,203.491,202.847,210.125,198.769,197.674,217.436,178.879,189.398,172.517,164.132,166.303,157.365,134.410,151.019,130.823,130.557,125.020,139.355,127.973,105.144,98.715,102.126,110.242,108.406,86.366,101.180,83.919,86.219,88.265,93.271,87.924,85.460,82.980,92.776,84.826,84.147,86.278,87.489,84.356,76.233,71.856,81.753,73.738,63.572,53.458,69.194,68.101,56.503,51.215,49.512,49.944,53.571,45.026,39.523,39.208,42.752,36.358,36.423,28.228,30.233,27.413,28.241,27.516,28.609,19.686,18.129,17.816,13.685,16.653,23.307,8.509,3.624,7.460,5.141,9.236,7.892,7.239,4.237,5.899,6.029,1.678,1.033,0.957,1.659,1.382,0.525,0.001,0.000,0.052,0.353,0.594,0.001,0.236,1.764
266,-0.141,1.632,32.583,158.512,443.978,711.677,740.973,621.362,540.884,557.245,599.961,597.830,614.303,743.435,1137.623,2370.658,5583.265,12219.617,22709.361,35092.562,48888.445,59949.402,32282.846,9913.311,8504.511,8510.614,8708.953,9016.916,9164.689,9338.942,9478.218,9517.449,9679.345,9888.050,10349.318,10656.618,11080.867,11261.988,11398.377,11480.643,11607.883,11593.830,11721.369,11864.066,12139.867,12264.467,12188.582,12200.709,12019.736,12079.711,11820.010,11764.559,11660.266,11423.461,11201.905,10886.410,10685.258,10464.269,10273.712,9844.427,9639.025,9355.170,8905.592,8893.824,8465.791,8354.239,7852.079,7515.904,7104.207,6831.350,6521.892,6292.442,6028.138,5816.620,5624.958,5380.543,5046.039,4672.348,4464.648,4288.941,4213.794,4028.759,3804.871,3675.055,3658.988,3500.742,3398.207,3309.629,3252.923,3180.971,3067.704,2867.346,2748.566,2598.746,2509.918,2554.688,2372.276,2413.547,2359.601,2236.612,2141.576,1963.453,1937.207,1797.860,1717.858,1674.124,1561.610,1477.859,1382.813,1318.451,1226.319,1183.960,1158.261,1082.645,994.401,940.506,885.917,833.463,771.702,702.944,639.639,634.193,593.385,485.339,515.238,491.336,481.188,402.607,389.282,366.953,346.897,306.464,272.451,222.001,204.423,192.136,215.275,186.010,162.496,160.655,140.792,141.208,133.182,136.424,135.976,129.472,110.767,114.671,106.559,118.311,110.176,103.618,99.098,98.874,100.360,98.819,108.007,107.082,105.038,112.102,99.598,97.066,91.627,78.457,89.216,81.150,85.950,91.116,93.581,108.289,85.914,93.275,83.531,77.917,84.266,79.976,68.580,76.083,68.619,72.359,68.158,74.604,75.405,62.909,56.630,55.928,63.777,65.661,58.569,75.055,57.960,60.177,63.597,73.582,70.397,63.624,64.470,79.971,75.364,73.171,70.172,74.217,76.977,68.490,68.648,71.089,64.316,56.586,51.136,64.908,62.953,55.455,49.204,48.491,46.465,50.912,44.196,39.143,39.042,41.289,35.977,36.300,27.929,28.670,26.507,28.069,26.510,28.609,19.686,18.129,16.816,13.685,16.653,23.307,8.509,3.624,7.460,5.141,9.236,7.892,7.239,4.237,5.899,6.029,1.678,1.033,0.957,1.659,1.382,0.525,0.001,0.000,0.052,0.353,0.594,0.001,0.236,1.764
267,-0.141,1.632,32.583,158.512,443.978,711.677,740.973,621.362,540.884,557.245,599.961,597.830,614.303,743.435,1137.623,2370.658,5583.265,12219.617,22709.361,35092.562,48888.445,59949.402,32282.846,9913.311,8504.511,8510.614,8708.953,9016.916,9164.689,9338.942,9478.218,9517.449,9679.345,9888.050,10349.318,10656.618,11080.867,11261.988,11398.377,11480.643,11607.883,11593.830,11721.369,11864.066,12139.867,12264.467,12188.582,12200.709,12019.736,12079.711,11820.010,11764.559,11660.266,11423.461,11201.905,10886.410,10685.258,10464.269,10273.712,9844.427,9639.025,9355.170,8905.592,8893.824,8465.791,8354.239,7852.079,7515.904,7104.207,6831.350,6521.892,6292.442,6028.138,5816.620,5624.958,5380.543,5046.039,4672.348,4464.648,4288.941,4213.794,4028.759,3804.871,3675.055,3658.988,3500.742,3398.207,3309.629,3252.923,3180.971,3067.704,2867.346,2748.566,2598.746,2509.918,2554.688,2372.276,2413.547,2359.601,2236.612,2141.576,1963.453,1937.207,1797.860,1717.858,1674.124,1561.610,1477.859,1382.813,1318.451,1226.319,1183.960,1158.261,1082.645,994.401,940.506,885.917,833.463,771.702,702.944,639.639,634.193,593.385,485.339,515.238,491.336,481.188,402.607,389.282,366.953,346.897,306.464,272.451,222.001,204.423,192.136,215.275,186.010,162.496,160.655,140.792,141.208,133.182,136.424,135.976,129.472,110.767,114.671,106.559,118.311,110.176,103.618,99.098,98.874,100.360,98.819,108.007,107.082,105.038,112.102,99.598,97.066,91.627,78.457,89.216,81.150,85.950,91.116,93.581,108.289,85.914,93.275,83.531,77.917,84.266,79.976,68.580,76.083,68.619,72.359,68.158,74.604,75.405,62.909,56.630,55.928,63.777,65.661,58.569,75.055,57.960,60.177,63.597,73.582,70.397,63.624,64.470,79.971,75.364,73.171,70.172,74.217,76.977,68.490,68.648,71.089,64.316,56.586,51.136,64.908,62.953,55.455,49.204,48.491,46.465,50.912,44.196,39.143,39.042,41.289,35.977,36.300,27.929,28.670,26.507,28.069,26.510,28.609,19.686,18.129,16.816,13.685,16.653,23.307,8.509,3.624,7.460,5.141,9.236,7.892,7.239,4.237,5.899,6.029,1.678,1.033,0.957,1.659,1.382,0.525,0.001,0.000,0.052,0.353,0.594,0.001,0.236,1.764
268,-0.121,1.439,3.652,20.148,103.484,263.849,515.633,1035.353,1874.758,3045.319,4187.303,5304.696,6765.488,8620.044,11467.662,15732.449,21114.605,29422.402,41309.723,56426.164,70773.906,67979.609,20788.652,9752.453,9478.273,9359.252,9486.356,9458.542,9403.744,9560.861,9481.047,9432.646,9307.593,9348.654,9324.739,9239.287,9252.666,9194.431,9101.695,9025.300,8961.640,8966.662,8763.270,8750.578,8659.471,8459.551,8315.486,8165.017,8105.414,7888.479,7593.056,7415.844,7232.031,7115.209,6910.198,6851.204,6668.496,6497.823,6379.141,6229.849,6152.884,6098.823,5799.508,5768.232,5572.048,5576.101,5464.400,5447.937,5201.867,5037.994,4827.462,4759.582,4513.967,4309.560,4135.722,3869.495,3805.384,3649.533,3611.870,3408.526,3310.788,3263.069,3095.607,2955.770,2823.466,2656.944,2560.442,2465.910,2309.956,2249.815,2167.875,2116.770,1985.325,1903.290,1863.922,1765.983,1767.373,1646.069,1563.345,1572.671,1522.252,1519.599,1437.511,1402.824,1273.976,1249.055,1190.352,1161.934,1030.739,1011.642,990.930,937.438,876.315,832.290,846.082,765.161,756.585,711.833,716.159,684.807,655.379,602.791,581.691,552.127,532.227,493.037,495.335,486.045,452.133,452.252,456.043,435.634,413.224,384.219,364.153,349.939,348.311,356.733,333.186,322.237,296.552,286.127,301.564,306.979,265.148,275.762,256.532,254.912,279.913,266.908,269.434,245.394,249.586,227.547,202.880,228.901,246.257,243.724,232.142,221.476,209.160,214.228,221.801,203.660,207.323,202.674,190.127,193.256,172.821,171.875,158.988,157.167,153.928,151.009,153.226,136.887,129.481,137.857,126.180,113.144,109.817,96.354,109.612,101.399,106.145,116.205,97.499,87.537,99.461,84.185,78.944,88.745,77.780,73.162,74.737,75.190,56.001,59.887,71.090,51.335,49.777,50.006,53.241,56.265,41.498,30.647,39.692,44.712,39.560,36.474,23.284,25.142,20.927,26.838,22.021,19.701,16.115,17.314,14.292,19.542,13.381,9.664,10.390,8.491,14.855,13.806,5.203,4.185,6.439,6.735,7.967,7.907,5.044,2.861,2.360,6.413,0.929,0.493,2.144,3.154,1.096,2.505,0.966,0.474,0.023,1.054,0.580,0.359,0.079,0.654,1.994,0.281,0.000,0.000,1.000,0.000,0.000,1.000
269,-0.121,1.439,3.652,20.148,103.484,263.849,515.633,1035.353,1874.758,3045.319,4187.303,5304.696,6765.488,8620.044,11467.662,15732.449,21114.605,29422.402,41309.723,56426.164,70773.906,67979.609,20788.652,9752.453,9478.273,9359.252,9486.356,9458.542,9403.744,9560.861,9481.047,9432.646,9307.593,9348.654,9324.739,9239.287,9252.666,9194.431,9101.695,9025.300,8961.640,8966.662,8763.270,8750.578,8659.471,8459.551,8315.486,8165.017,8105.414,7888.479,7593.056,7415.844,7232.031,7115.209,6910.198,6851.204,6668.496,6497.823,6379.141,6229.849,6152.884,6098.823,5799.508,5768.232,5572.048,5576.101,5464.400,5447.937,5201.867,5037.994,4827.462,4759.582,4513.967,4309.560,4135.722,3869.495,3805.384,3649.533,3611.870,3408.526,3310.788,3263.069,3095.607,2955.770,2823.466,2656.944,2560.442,2465.910,2309.956,2249.815,2167.875,2116.770,1985.325,1903.290,1863.922,1765.983,1767.373,1646.069,1563.345,1572.671,1522.252,1519.599,1437.511,1402.824,1273.976,1249.055,1190.352,1161.934,1030.739,1011.642,990.930,937.438,876.315,832.290,846.082,765.161,756.585,711.833,716.159,684.807,655.379,602.791,581.691,552.127,532.227,493.037,495.335,486.045,452.133,452.252,456.043,435.634,413.224,384.219,364.153,349.939,348.311,356.733,333.186,322.237,296.552,286.127,301.564,306.979,265.148,275.762,256.532,254.912,279.913,266.908,269.434,245.394,249.586,227.547,202.880,228.901,246.257,243.724,232.142,221.476,209.160,214.228,221.801,203.660,207.323,202.674,190.127,193.256,172.821,171.875,158.988,157.167,153.928,151.009,153.226,136.887,129.481,137.857,126.180,113.144,109.817,96.354,109.612,101.399,106.145,116.205,97.499,87.537,99.461,84.185,78.944,88.745,77.780,73.162,74.737,75.190,56.001,59.887,71.090,51.335,49.777,50.006,53.241,56.265,41.498,30.647,39.692,44.712,39.560,36.474,23.284,25.142,20.927,26.838,22.021,19.701,16.115,17.314,14.292,19.542,13.381,9.664,10.390,8.491,14.855,13.806,5.203,4.185,6.439,6.735,7.967,7.907,5.044,2.861,2.360,6.413,0.929,0.493,2.144,3.154,1.096,2.505,0.966,0.474,0.023,1.054,0.580,0.359,0.079,0.654,1.994,0.281,0.000,0.000,1.000,0.000,0.000,1.000
270,-1.192,0.778,1.000,0.000,0.000,0.000,1.442,3.408,1.531,0.646,0.350,1.902,1.974,2.302,1.936,2.496,5.044,3.571,3.226,5.906,4.807,5.545,5.118,9.713,6.019,6.683,7.267,11.196,8.226,9.967,11.833,13.153,7.980,17.343,17.418,20.482,24.674,26.187,28.226,27.342,31.353,37.555,39.623,37.152,36.669,49.223,50.015,47.688,48.329,53.390,66.414,73.216,61.858,72.333,69.788,70.227,71.740,94.144,75.880,96.548,117.121,135.734,115.883,121.129,117.290,144.452,131.050,144.424,158.180,155.663,160.208,169.800,149.055,158.371,162.343,163.745,184.964,203.787,216.986,245.863,237.426,246.097,260.795,292.973,294.535,295.708,346.246,347.351,390.500,432.336,467.249,473.342,550.958,614.794,650.132,682.856,720.740,823.261,919.830,1008.715,1105.773,1223.867,1309.629,1446.630,1509.867,1624.154,1757.731,1890.456,2013.926,2202.332,2267.420,2432.536,2640.147,2826.980,3014.973,3183.998,3399.616,3596.000,3757.988,3982.120,4105.004,4348.769,4619.354,4959.489,5132.137,5403.773,5559.099,5697.501,6063.381,6289.755,6518.608,6786.784,7315.251,7560.130,8020.163,8316.883,8442.592,8807.383,8977.246,9319.525,9500.756,9701.244,9927.361,10284.017,10510.345,10934.766,11225.325,11277.436,11521.283,11714.941,11935.168,12035.814,12527.180,12819.907,13625.230,15126.163,23823.314,17305.746,14476.884,13676.659,13497.047,13476.841,13806.162,14050.599,14183.297,14456.196,14433.057,14490.998,14684.459,14816.715,14966.902,14888.187,14911.948,14741.876,14286.403,14096.906,13490.242,12855.189,11906.995,11216.561,10241.027,9616.443,9184.211,8500.546,8044.910,7465.828,7196.111,6907.177,6571.631,6325.533,5920.118,5639.324,5271.951,4855.415,4438.409,3997.915,3526.397,3038.509,2645.338,2299.740,1915.146,1706.385,1450.298,1261.016,1024.607,901.198,750.460,662.288,554.709,514.294,478.289,411.471,382.839,345.526,329.735,267.722,253.124,214.430,179.074,170.246,149.198,157.771,115.564,115.340,90.875,77.067,69.787,58.675,64.534,46.190,37.675,38.294,30.666,23.230,16.332,23.327,16.916,11.100,10.188,13.925,6.218,6.322,5.066,3.303,2.603,1.211,2.587,1.651,0.672,0.919,1.502,0.689,0.521,0.966,1.038,0.055,0.000,2.000
271,-0.119,0.778,1.497,6.917,11.476,18.726,29.601,41.870,57.945,109.063,156.777,192.142,277.575,318.193,453.226,558.445,677.521,747.600,911.542,1197.495,1585.741,2245.952,3304.302,4933.541,7080.507,9758.285,13146.485,17007.562,21573.875,26392.424,32087.805,38317.520,43801.414,49110.719,52961.602,59047.941,19646.566,9594.746,6773.725,6205.171,6190.933,6178.543,6136.685,6104.172,6193.508,6161.490,6112.930,6193.343,6247.625,6379.369,6354.252,6389.699,6502.187,6462.413,6698.437,6530.827,6587.940,6585.751,6600.112,6544.335,6613.523,6719.292,6738.411,6821.035,6771.085,6834.753,6833.046,6716.448,6835.687,6741.255,6830.701,6832.011,6695.624,6673.926,6497.185,6513.868,6495.334,6284.760,6234.524,6154.764,6064.882,5746.919,5633.938,5453.730,5252.635,5195.122,4961.421,4680.935,4567.209,4363.154,4341.524,4272.066,4117.650,4043.131,3820.188,3739.172,3716.501,3596.479,3425.961,3292.008,3293.785,3281.120,3199.121,3140.629,3078.136,2912.992,2988.654,2919.831,2787.646,2708.919,2638.713,2584.744,2542.937,2510.685,2412.933,2267.014,2216.114,2098.443,2004.040,1963.796,1838.289,1747.975,1684.288,1559.130,1435.333,1343.422,1256.987,1188.995,1106.112,1085.562,958.768,885.336,836.595,794.753,736.714,704.898,656.026,588.481,564.368,522.967,459.595,447.025,417.757,379.444,337.944,333.184,323.080,276.294,288.685,227.637,225.831,237.010,236.857,215.295,215.881,183.314,186.203,179.073,170.739,166.757,156.020,162.875,141.432,139.590,118.033,117.523,117.935,118.697,98.596,90.785,78.580,82.243,78.857,77.199,79.586,71.091,67.051,74.247,64.935,53.474,49.474,52.330,56.492,46.460,38.821,34.918,36.514,34.367,34.626,27.837,27.085,24.172,29.397,32.978,25.165,18.909,16.373,14.921,19.681,20.337,14.754,14.550,14.365,12.462,8.865,6.645,10.593,4.914,13.333,9.750,9.824,4.819,5.704,4.686,4.047,4.821,3.500,7.940,6.480,2.693,1.741,0.791,5.195,1.933,2.764,2.299,1.609,1.610,0.103,0.217,0.876,0.756,0.142,1.917,0.378,1.539,0.172,0.004,0.166,0.500,0.525,1.479,0.312,0.019,0.000,0.814,0.178,0.008,0.955,0.045,0.973,0.027,0.000,0.000,0.000,0.000,0.995,1.005
272,-1.398,1.513,1.000,0.282,0.718,0.000,0.000,0.000,1.000,0.000,0.000,1.000,0.000,1.691,2.141,1.168,1.121,3.077,0.706,4.809,1.510,4.555,7.217,11.930,8.316,5.141,5.664,11.228,6.956,12.584,5.272,6.824,11.458,14.141,10.791,17.448,12.729,21.336,19.640,18.336,31.835,27.267,28.912,44.062,48.017,37.923,47.080,53.121,43.646,53.288,65.429,97.699,92.118,103.433,118.424,160.957,141.020,152.525,153.264,169.569,206.905,215.992,252.645,268.558,272.999,311.321,370.832,388.299,419.798,514.586,537.786,569.356,602.461,681.596,809.825,884.088,958.001,1127.580,1218.346,1315.670,1419.716,1532.812,1660.496,1734.658,1941.667,2047.310,2156.689,2399.229,2522.776,2735.676,2883.166,3004.573,3148.191,3443.875,3590.251,3811.161,4033.076,4102.761,4471.544,4752.228,5074.940,5523.070,6316.340,7208.524,8363.396,9326.205,10309.662,11768.129,13678.732,15004.002,16584.125,17220.543,16969.250,16678.920,16336.260,16272.809,16219.656,17124.211,18435.969,19651.539,21748.016,22269.590,21930.025,22232.420,38183.199,24533.898,20512.867,20155.508,21017.715,21725.145,21197.264,20994.264,19790.615,18157.082,16705.189,15344.093,14579.636,13208.086,11794.131,10857.382,9815.475,9178.486,8891.869,7882.883,7415.148,7021.986,6876.543,6681.505,6565.357,6277.416,5902.793,5545.688,5232.382,4820.075,4295.856,3767.560,3258.028,2848.864,2303.587,1914.873,1644.714,1442.831,1205.135,1124.566,1000.749,905.652,817.731,743.310,633.414,570.953,528.161,513.362,527.894,436.823,340.385,366.821,298.299,232.485,225.880,191.341,173.765,117.193,111.674,101.437,95.559,95.737,85.449,76.131,62.265,81.524,73.374,75.567,54.404,37.932,35.498,28.948,27.807,23.924,14.535,18.667,12.614,16.441,15.310,11.956,11.498,7.568,4.000,5.031,4.969,6.312,7.141,2.547,2.735,6.141,5.124,1.000,0.598,1.402,1.000,3.000,1.000,1.000,2.000,0.000,1.000,0.567,0.433,0.000,1.000,0.000,1.000,2.000,1.000,0.000,0.000,0.000,0.000,0.000,0.000,0.000,0.000,0.000,0.000,0.000,0.000,0.000,0.000,0.000,1.000,0.000,0.000,0.000,0.000,0.000,0.000,0.000,0.000,1.000
273,-1.173,1.299,1.000,0.209,1.104,1.104,0.612,0.618,2.813,1.374,0.254,2.005,3.067,6.507,5.481,5.476,7.741,10.741,6.256,15.605,18.796,19.037,14.277,30.531,27.708,32.125,36.217,43.616,36.514,34.418,43.038,44.972,56.423,54.999,61.569,59.282,68.400,63.999,69.736,97.143,99.600,84.257,82.106,113.436,123.093,124.508,133.400,140.905,146.096,154.949,195.119,198.616,231.543,248.561,246.563,276.267,301.711,319.967,294.020,341.013,370.272,370.474,403.724,448.566,449.510,507.065,514.888,538.252,574.651,644.711,674.661,765.016,803.278,894.063,974.971,1074.454,1235.544,1266.725,1366.203,1525.403,1774.450,1979.268,2171.419,2408.015,2614.898,2901.075,3229.542,3548.613,3766.552,4129.087,4277.789,4695.947,4905.705,5239.552,5611.327,5974.546,6135.054,6432.954,6862.183,7198.494,7610.619,8047.123,8359.188,8746.146,9238.666,9746.168,10346.067,10773.650,11064.799,11433.930,11947.229,12296.264,12712.224,12975.847,13310.576,13773.770,13830.971,14165.669,14335.094,14516.686,14708.092,14905.990,14816.609,14690.272,14869.168,15049.418,14901.231,14820.121,14400.131,14202.461,13997.225,13739.459,13404.271,12979.166,12554.449,12176.412,12009.590,11625.878,11540.257,11133.514,10830.377,10392.204,9957.845,9651.755,9533.141,9273.494,9042.346,8974.038,8874.386,8708.513,8441.089,8222.833,7943.178,7605.747,7500.452,7173.380,6668.685,6329.091,6002.325,5882.299,5537.476,5232.619,5036.568,4896.805,4599.091,4563.839,4422.859,4215.124,4050.745,3838.873,3656.124,3391.280,3239.873,3056.649,2862.373,2748.197,2540.636,2344.332,2242.677,2066.839,1863.795,1598.503,1492.672,1367.068,1183.037,1029.731,890.926,759.442,667.206,581.721,484.429,421.549,335.224,284.289,246.097,216.526,173.804,150.034,132.348,104.970,71.297,66.126,59.144,49.455,40.200,37.297,31.709,26.688,27.854,24.019,17.975,19.419,15.838,11.912,12.048,14.285,9.899,12.499,13.106,4.556,6.308,5.106,6.464,6.474,6.935,2.212,0.741,2.556,3.942,1.101,2.505,0.766,0.103,0.899,0.000,0.000,0.000,0.000,0.000,0.000,0.000,0.000,0.000,0.000,0.000,0.000,0.000,0.000,0.000,0.000,0.000,0.000,0.000,0.000,0.000,0.000,0.000,1.000
274,-0.117,1.299,5.113,15.645,46.469,118.493,199.941,331.868,462.414,711.589,1098.697,1638.112,2343.087,3404.480,5370.130,9246.264,16007.691,25799.057,36056.156,47889.500,61928.594,74176.547,76386.344,29964.361,8974.353,8549.213,8721.879,8504.635,8535.586,8580.681,8380.811,8414.398,8128.667,8172.078,8148.439,7995.745,7853.488,7894.178,7803.765,7605.543,7431.078,7310.678,7144.264,6978.161,6999.131,6911.664,6824.653,6624.606,6632.715,6617.277,6509.382,6350.145,6266.632,6159.292,5930.407,5768.889,5717.200,5604.756,5515.478,5436.108,5413.569,5326.816,5232.049,5175.113,5165.681,5135.349,5041.779,5049.976,5056.632,4942.899,4758.434,4756.963,4745.105,4513.645,4489.886,4342.608,4358.481,4258.398,4131.544,4103.819,3875.702,3717.518,3648.425,3490.000,3463.504,3417.497,3337.796,3204.692,3054.870,2987.230,2943.335,2866.847,2808.584,2814.549,2630.312,2667.791,2584.903,2548.719,2523.481,2498.112,2342.251,2348.819,2273.470,2209.322,2099.035,2089.769,1989.170,1925.650,1868.144,1753.952,1756.666,1714.637,1630.484,1622.159,1515.644,1471.485,1382.395,1353.407,1322.284,1276.750,1220.012,1148.207,1096.652,1007.721,891.999,867.391,848.754,783.476,755.929,697.032,629.808,594.389,551.346,511.921,449.107,393.509,401.898,344.476,345.137,290.063,268.477,243.072,230.890,186.417,173.236,155.671,148.209,148.313,126.443,116.211,106.486,87.362,84.370,82.549,64.999,75.273,48.021,42.678,36.273,38.818,34.012,32.846,28.975,31.175,18.139,24.095,18.493,20.035,16.994,13.856,16.507,15.191,18.004,13.857,9.768,11.047,12.090,9.000,7.815,7.587,7.034,7.355,7.374,8.766,7.066,5.977,5.055,9.278,5.785,8.510,3.122,1.746,2.413,6.388,2.465,3.667,1.180,3.975,2.389,6.387,1.321,1.945,0.547,0.275,0.678,2.694,2.541,0.790,0.810,1.478,1.072,0.610,0.240,0.000,0.065,0.935,0.000,0.000,0.000,0.000,0.000,0.000,0.000,0.000,0.000,0.000,0.000,0.000,0.000,0.000,0.000,0.000,0.000,0.000,0.000,0.000,0.000,0.000,0.000,0.000,0.000,0.000,0.000,0.000,0.000,0.000,0.000,0.000,0.000,0.000,0.000,0.000,0.000,0.000,0.000,0.000,0.000,1.000
275,-0.141,1.632,32.583,158.516,444.205,716.753,760.098,697.748,753.869,905.040,1184.940,1583.615,2310.530,3442.478,5400.044,10278.098,21163.131,40954.316,67168.102,98707.047,132701.750,152123.000,77109.141,22904.988,19424.793,19151.215,19367.883,19710.535,19697.389,19606.438,19674.617,19700.180,19645.852,19687.461,20074.072,20032.627,20367.922,20261.402,20214.266,20215.041,20193.301,19940.766,19999.051,20100.191,20228.527,20058.723,20002.227,19521.717,19180.344,19179.879,18710.582,18544.512,18430.793,17994.328,17668.643,17293.646,17107.523,16774.871,16579.375,16000.201,15543.425,15306.127,14561.076,14447.259,13920.559,13694.297,13091.895,12565.600,11830.729,11394.402,10918.679,10644.084,10226.037,9861.268,9438.229,9138.666,8644.606,8259.400,7884.586,7608.035,7547.071,7228.989,6949.060,6725.336,6593.848,6381.408,6161.738,5956.996,5765.994,5587.061,5405.017,5085.464,4907.907,4655.985,4509.371,4454.195,4174.213,4089.524,4017.319,3826.074,3597.746,3340.205,3172.176,2915.868,2797.250,2677.642,2479.494,2333.244,2135.877,2016.278,1865.491,1710.264,1671.683,1526.074,1409.734,1302.726,1201.151,1116.790,1006.043,907.702,837.319,819.922,750.310,626.923,630.692,599.568,579.434,489.042,466.822,421.252,397.707,350.669,315.617,257.557,239.866,219.943,238.085,212.722,183.028,177.829,161.258,162.969,149.470,148.941,152.647,140.524,122.100,122.898,115.267,128.709,119.134,111.995,106.774,108.586,107.342,107.874,110.283,110.140,111.148,116.945,103.299,100.960,94.551,84.414,90.379,82.622,86.622,93.228,95.976,110.360,86.739,95.139,84.177,78.478,84.560,80.203,69.114,76.300,68.624,72.359,68.158,74.604,75.405,62.909,56.630,55.928,63.777,65.661,58.569,75.055,57.960,60.177,63.597,73.582,70.397,63.624,64.470,79.971,75.364,73.171,70.172,74.217,76.977,68.490,68.648,71.089,64.316,56.586,51.136,65.908,62.953,55.455,49.204,48.491,46.465,50.912,44.196,39.143,39.042,41.289,35.977,36.300,27.929,28.670,26.507,28.069,26.510,28.609,19.686,18.129,16.816,13.685,16.653,23.307,8.509,3.624,7.460,5.141,9.236,7.892,7.239,4.237,5.899,6.029,1.678,1.033,0.957,1.659,1.382,0.525,0.001,0.000,0.052,0.353,0.594,0.001,0.236,1.764
276,-0.141,1.632,32.583,158.516,444.205,716.753,760.098,697.748,753.869,905.040,1184.940,1583.615,2310.530,3442.478,5400.044,10278.098,21163.131,40954.316,67168.102,98707.047,132701.750,152123.000,77109.141,22904.988,19424.793,19151.215,19367.883,19710.535,19697.389,19606.438,19674.617,19700.180,19645.852,19687.461,20074.072,20032.627,20367.922,20261.402,20214.266,20215.041,20193.301,19940.766,19999.051,20100.191,20228.527,20058.723,20002.227,19521.717,19180.344,19179.879,18710.582,18544.512,18430.793,17994.328,17668.643,17293.646,17107.523,16774.871,16579.375,16000.201,15543.425,15306.127,14561.076,14447.259,13920.559,13694.297,13091.895,12565.600,11830.729,11394.402,10918.679,10644.084,10226.037,9861.268,9438.229,9138.666,8644.606,8259.400,7884.586,7608.035,7547.071,7228.989,6949.060,6725.336,6593.848,6381.408,6161.738,5956.996,5765.994,5587.061,5405.017,5085.464,4907.907,4655.985,4509.371,4454.195,4174.213,4089.524,4017.319,3826.074,3597.746,3340.205,3172.176,2915.868,2797.250,2677.642,2479.494,2333.244,2135.877,2016.278,1865.491,1710.264,1671.683,1526.074,1409.734,1302.726,1201.151,1116.790,1006.043,907.702,837.319,819.922,750.310,626.923,630.692,599.568,579.434,489.042,466.822,421.252,397.707,350.669,315.617,257.557,239.866,219.943,238.085,212.722,183.028,177.829,161.258,162.969,149.470,148.941,152.647,140.524,122.100,122.898,115.267,128.709,119.134,111.995,106.774,108.586,107.342,107.874,110.283,110.140,111.148,116.945,103.299,100.960,94.551,84.414,90.379,82.622,86.622,93.228,95.976,110.360,86.739,95.139,84.177,78.478,84.560,80.203,69.114,76.300,68.624,72.359,68.158,74.604,75.405,62.909,56.630,55.928,63.777,65.661,58.569,75.055,57.960,60.177,63.597,73.582,70.397,63.624,64.470,79.971,75.364,73.171,70.172,74.217,76.977,68.490,68.648,71.089,64.316,56.586,51.136,65.908,62.953,55.455,49.204,48.491,46.465,50.912,44.196,39.143,39.042,41.289,35.977,36.300,27.929,28.670,26.507,28.069,26.510,28.609,19.686,18.129,16.816,13.685,16.653,23.307,8.509,3.624,7.460,5.141,9.236,7.892,7.239,4.237,5.899,6.029,1.678,1.033,0.957,1.659,1.382,0.525,0.001,0.000,0.052,0.353,0.594,0.001,0.236,1.764
277,-0.141,1.632,32.583,158.516,444.205,716.753,760.098,697.748,753.869,905.040,1184.940,1583.615,2310.530,3442.478,5400.044,10278.098,21163.131,40954.316,67168.102,98707.047,132701.750,152123.000,77109.141,22904.988,19424.793,19151.215,19367.883,19710.535,19697.389,19606.438,19674.617,19700.180,19645.852,19687.461,20074.072,20032.627,20367.922,20261.402,20214.266,20215.041,20193.301,19940.766,19999.051,20100.191,20228.527,20058.723,20002.227,19521.717,19180.344,19179.879,18710.582,18544.512,18430.793,17994.328,17668.643,17293.646,17107.523,16774.871,16579.375,16000.201,15543.425,15306.127,14561.076,14447.259,13920.559,13694.297,13091.895,12565.600,11830.729,11394.402,10918.679,10644.084,10226.037,9861.268,9438.229,9138.666,8644.606,8259.400,7884.586,7608.035,7547.071,7228.989,6949.060,6725.336,6593.848,6381.408,6161.738,5956.996,5765.994,5587.061,5405.017,5085.464,4907.907,4655.985,4509.371,4454.195,4174.213,4089.524,4017.319,3826.074,3597.746,3340.205,3172.176,2915.868,2797.250,2677.642,2479.494,2333.244,2135.877,2016.278,1865.491,1710.264,1671.683,1526.074,1409.734,1302.726,1201.151,1116.790,1006.043,907.702,837.319,819.922,750.310,626.923,630.692,599.568,579.434,489.042,466.822,421.252,397.707,350.669,315.617,257.557,239.866,219.943,238.085,212.722,183.028,177.829,161.258,162.969,149.470,148.941,152.647,140.524,122.100,122.898,115.267,128.709,119.134,111.995,106.774,108.586,107.342,107.874,110.283,110.140,111.148,116.945,103.299,100.960,94.551,84.414,90.379,82.622,86.622,93.228,95.976,110.360,86.739,95.139,84.177,78.478,84.560,80.203,69.114,76.300,68.624,72.359,68.158,74.604,75.405,62.909,56.630,55.928,63.777,65.661,58.569,75.055,57.960,60.177,63.597,73.582,70.397,63.624,64.470,79.971,75.364,73.171,70.172,74.217,76.977,68.490,68.648,71.089,64.316,56.586,51.136,65.908,62.953,55.455,49.204,48.491,46.465,50.912,44.196,39.143,39.042,41.289,35.977,36.300,27.929,28.670,26.507,28.069,26.510,28.609,19.686,18.129,16.816,13.685,16.653,23.307,8.509,3.624,7.460,5.141,9.236,7.892,7.239,4.237,5.899,6.029,1.678,1.033,0.957,1.659,1.382,0.525,0.001,0.000,0.052,0.353,0.594,0.001,0.236,1.764
278,-0.141,1.632,32.583,158.516,444.205,716.753,760.098,697.748,753.869,905.040,1184.940,1583.615,2310.530,3442.478,5400.044,10278.098,21163.131,40954.316,67168.102,98707.047,132701.750,152123.000,77109.141,22904.988,19424.793,19151.215,19367.883,19710.535,19697.389,19606.438,19674.617,19700.180,19645.852,19687.461,20074.072,20032.627,20367.922,20261.402,20214.266,20215.041,20193.301,19940.766,19999.051,20100.191,20228.527,20058.723,20002.227,19521.717,19180.344,19179.879,18710.582,18544.512,18430.793,17994.328,17668.643,17293.646,17107.523,16774.871,16579.375,16000.201,15543.425,15306.127,14561.076,14447.259,13920.559,13694.297,13091.895,12565.600,11830.729,11394.402,10918.679,10644.084,10226.037,9861.268,9438.229,9138.666,8644.606,8259.400,7884.586,7608.035,7547.071,7228.989,6949.060,6725.336,6593.848,6381.408,6161.738,5956.996,5765.994,5587.061,5405.017,5085.464,4907.907,4655.985,4509.371,4454.195,4174.213,4089.524,4017.319,3826.074,3597.746,3340.205,3172.176,2915.868,2797.250,2677.642,2479.494,2333.244,2135.877,2016.278,1865.491,1710.264,1671.683,1526.074,1409.734,1302.726,1201.151,1116.790,1006.043,907.702,837.319,819.922,750.310,626.923,630.692,599.568,579.434,489.042,466.822,421.252,397.707,350.669,315.617,257.557,239.866,219.943,238.085,212.722,183.028,177.829,161.258,162.969,149.470,148.941,152.647,140.524,122.100,122.898,115.267,128.709,119.134,111.995,106.774,108.586,107.342,107.874,110.283,110.140,111.148,116.945,103.299,100.960,94.551,84.414,90.379,82.622,86.622,93.228,95.976,110.360,86.739,95.139,84.177,78.478,84.560,80.203,69.114,76.300,68.624,72.359,68.158,74.604,75.405,62.909,56.630,55.928,63.777,65.661,58.569,75.055,57.960,60.177,63.597,73.582,70.397,63.624,64.470,79.971,75.364,73.171,70.172,74.217,76.977,68.490,68.648,71.089,64.316,56.586,51.136,65.908,62.953,55.455,49.204,48.491,46.465,50.912,44.196,39.143,39.042,41.289,35.977,36.300,27.929,28.670,26.507,28.069,26.510,28.609,19.686,18.129,16.816,13.685,16.653,23.307,8.509,3.624,7.460,5.141,9.236,7.892,7.239,4.237,5.899,6.029,1.678,1.033,0.957,1.659,1.382,0.525,0.001,0.000,0.052,0.353,0.594,0.001,0.236,1.764
279,-0.141,1.632,32.583,158.516,444.205,716.753,760.098,697.748,753.869,905.040,1184.940,1583.615,2310.530,3442.478,5400.044,10278.098,21163.131,40954.316,67168.102,98707.047,132701.750,152123.000,77109.141,22904.988,19424.793,19151.215,19367.883,19710.535,19697.389,19606.438,19674.617,19700.180,19645.852,19687.461,20074.072,20032.627,20367.922,20261.402,20214.266,20215.041,20193.301,19940.766,19999.051,20100.191,20228.527,20058.723,20002.227,19521.717,19180.344,19179.879,18710.582,18544.512,18430.793,17994.328,17668.643,17293.646,17107.523,16774.871,16579.375,16000.201,15543.425,15306.127,14561.076,14447.259,13920.559,13694.297,13091.895,12565.600,11830.729,11394.402,10918.679,10644.084,10226.037,9861.268,9438.229,9138.666,8644.606,8259.400,7884.586,7608.035,7547.071,7228.989,6949.060,6725.336,6593.848,6381.408,6161.738,5956.996,5765.994,5587.061,5405.017,5085.464,4907.907,4655.985,4509.371,4454.195,4174.213,4089.524,4017.319,3826.074,3597.746,3340.205,3172.176,2915.868,2797.250,2677.642,2479.494,2333.244,2135.877,2016.278,1865.491,1710.264,1671.683,1526.074,1409.734,1302.726,1201.151,1116.790,1006.043,907.702,837.319,819.922,750.310,626.923,630.692,599.568,579.434,489.042,466.822,421.252,397.707,350.669,315.617,257.557,239.866,219.943,238.085,212.722,183.028,177.829,161.258,162.969,149.470,148.941,152.647,140.524,122.100,122.898,115.267,128.709,119.134,111.995,106.774,108.586,107.342,107.874,110.283,110.140,111.148,116.945,103.299,100.960,94.551,84.414,90.379,82.622,86.622,93.228,95.976,110.360,86.739,95.139,84.177,78.478,84.560,80.203,69.114,76.300,68.624,72.359,68.158,74.604,75.405,62.909,56.630,55.928,63.777,65.661,58.569,75.055,57.960,60.177,63.597,73.582,70.397,63.624,64.470,79.971,75.364,73.171,70.172,74.217,76.977,68.490,68.648,71.089,64.316,56.586,51.136,65.908,62.953,55.455,49.204,48.491,46.465,50.912,44.196,39.143,39.042,41.289,35.977,36.300,27.929,28.670,26.507,28.069,26.510,28.609,19.686,18.129,16.816,13.685,16.653,23.307,8.509,3.624,7.460,5.141,9.236,7.892,7.239,4.237,5.899,6.029,1.678,1.033,0.957,1.659,1.382,0.525,0.001,0.000,0.052,0.353,0.594,0.001,0.236,1.764
280,-0.089,1.632,4.492,12.848,49.716,157.953,537.081,1409.464,3564.995,7893.902,14741.031,23750.984,34536.203,47311.484,58183.391,32471.633,9196.080,8258.080,8285.563,8388.537,8614.980,8825.590,8841.959,8819.279,8918.697,8888.793,9183.553,9382.801,9604.461,9907.880,10107.236,10350.742,10705.658,10903.201,11008.485,11115.321,11450.743,11440.566,11532.100,11743.121,11570.099,11393.842,11234.251,11185.861,10900.623,10907.747,10725.607,10573.702,10401.308,10349.088,10407.358,10154.190,10127.221,9746.057,9510.987,9425.998,8990.479,8814.742,8626.232,8506.924,8257.658,7964.131,7486.795,7195.011,6689.594,6557.593,6405.557,6157.504,5850.207,5587.859,5382.500,5142.932,5037.293,4871.844,4751.004,4645.773,4592.553,4487.636,4199.996,4247.739,4090.724,3914.564,3824.566,3643.467,3569.160,3542.033,3265.424,3236.894,3005.458,2930.033,2804.222,2728.327,2550.639,2521.156,2440.462,2316.048,2242.243,2026.059,1934.022,1815.748,1752.341,1668.398,1512.791,1408.750,1268.554,1159.855,1087.490,956.731,892.530,860.223,791.422,682.748,626.984,575.257,471.775,442.715,421.536,407.186,352.419,300.127,314.685,280.458,266.858,215.157,201.783,188.154,169.943,151.601,145.113,132.982,119.882,93.258,114.028,119.756,89.288,78.525,87.227,88.962,69.626,68.982,88.033,84.730,68.686,70.951,72.705,67.267,75.636,69.019,73.041,74.126,63.519,66.919,76.621,73.856,75.925,81.938,85.571,89.007,80.679,74.178,76.599,71.834,75.532,71.814,85.270,86.532,91.534,89.519,88.078,84.604,78.329,74.611,89.550,67.015,64.355,73.931,67.082,75.244,63.367,72.287,69.718,59.430,54.422,54.468,62.129,63.936,59.245,71.100,54.567,60.764,62.268,67.428,71.027,58.260,70.282,67.599,79.841,69.324,62.335,73.452,75.066,70.653,67.101,65.441,66.370,56.813,51.838,60.718,65.006,59.361,50.198,43.259,50.423,43.127,45.921,46.306,33.438,39.604,41.153,31.531,36.760,27.514,27.985,25.473,25.121,29.302,28.383,21.197,14.591,16.191,15.663,15.925,21.475,10.917,5.271,3.579,7.023,6.397,9.584,8.197,5.119,3.135,9.205,2.144,1.337,1.049,1.450,0.577,1.443,0.372,0.000,0.000,0.077,0.407,0.516,0.000,0.243,1.757
281,-0.089,1.632,4.492,12.848,49.716,157.953,537.081,1409.464,3564.995,7893.902,14741.031,23750.984,34536.203,47311.484,58183.391,32471.633,9196.080,8258.080,8285.563,8388.537,8614.980,8825.590,8841.959,8819.279,8918.697,8888.793,9183.553,9382.801,9604.461,9907.880,10107.236,10350.742,10705.658,10903.201,11008.485,11115.321,11450.743,11440.566,11532.100,11743.121,11570.099,11393.842,11234.251,11185.861,10900.623,10907.747,10725.607,10573.702,10401.308,10349.088,10407.358,10154.190,10127.221,9746.057,9510.987,9425.998,8990.479,8814.742,8626.232,8506.924,8257.658,7964.131,7486.795,7195.011,6689.594,6557.593,6405.557,6157.504,5850.207,5587.859,5382.500,5142.932,5037.293,4871.844,4751.004,4645.773,4592.553,4487.636,4199.996,4247.739,4090.724,3914.564,3824.566,3643.467,3569.160,3542.033,3265.424,3236.894,3005.458,2930.033,2804.222,2728.327,2550.639,2521.156,2440.462,2316.048,2242.243,2026.059,1934.022,1815.748,1752.341,1668.398,1512.791,1408.750,1268.554,1159.855,1087.490,956.731,892.530,860.223,791.422,682.748,626.984,575.257,471.775,442.715,421.536,407.186,352.419,300.127,314.685,280.458,266.858,215.157,201.783,188.154,169.943,151.601,145.113,132.982,119.882,93.258,114.028,119.756,89.288,78.525,87.227,88.962,69.626,68.982,88.033,84.730,68.686,70.951,72.705,67.267,75.636,69.019,73.041,74.126,63.519,66.919,76.621,73.856,75.925,81.938,85.571,89.007,80.679,74.178,76.599,71.834,75.532,71.814,85.270,86.532,91.534,89.519,88.078,84.604,78.329,74.611,89.550,67.015,64.355,73.931,67.082,75.244,63.367,72.287,69.718,59.430,54.422,54.468,62.129,63.936,59.245,71.100,54.567,60.764,62.268,67.428,71.027,58.260,70.282,67.599,79.841,69.324,62.335,73.452,75.066,70.653,67.101,65.441,66.370,56.813,51.838,60.718,65.006,59.361,50.198,43.259,50.423,43.127,45.921,46.306,33.438,39.604,41.153,31.531,36.760,27.514,27.985,25.473,25.121,29.302,28.383,21.197,14.591,16.191,15.663,15.925,21.475,10.917,5.271,3.579,7.023,6.397,9.584,8.197,5.119,3.135,9.205,2.144,1.337,1.049,1.450,0.577,1.443,0.372,0.000,0.000,0.077,0.407,0.516,0.000,0.243,1.757
282,-0.141,1.299,28.443,90.366,250.855,444.033,589.741,615.785,568.063,591.028,628.191,784.826,947.684,1192.849,1554.196,2101.907,2669.236,3522.811,5449.455,9269.473,16194.378,26032.463,37461.953,51264.953,65527.906,75917.844,72514.016,19878.811,10265.592,8918.007,8744.470,8653.239,8737.328,8775.771,8662.291,8505.742,8526.090,8639.036,8534.334,8439.480,8294.042,8363.801,8327.433,8165.438,8101.534,7929.508,7812.977,7490.752,7233.189,7272.445,7077.086,6743.261,6798.254,6744.984,6678.250,6527.151,6443.550,6438.261,6296.999,6176.200,6100.695,6112.321,6047.157,5939.280,5903.232,5754.354,5626.869,5503.838,5359.458,5104.270,5126.213,5022.692,4904.465,4745.800,4661.477,4586.613,4336.599,4428.982,4194.260,4122.494,4009.542,3770.905,3696.343,3502.130,3414.472,3368.793,3262.191,3228.148,3130.603,2992.259,2961.305,2873.626,2875.332,2665.971,2518.605,2422.409,2284.954,2178.993,2186.544,2044.877,1986.991,1887.361,1874.125,1835.233,1754.111,1716.776,1696.297,1612.821,1621.775,1578.149,1498.242,1402.435,1376.364,1290.547,1290.612,1238.530,1241.399,1216.428,1172.890,1202.145,1156.488,1102.883,1071.346,1020.079,929.048,905.669,841.175,770.537,755.589,732.849,705.536,690.562,631.309,634.158,622.257,578.996,575.285,579.640,570.040,480.966,471.628,467.707,449.329,456.501,422.867,395.940,364.154,322.508,324.494,324.078,320.504,258.421,245.276,268.784,247.290,235.750,221.164,221.830,196.088,182.962,178.452,154.512,128.343,124.955,94.270,99.911,103.508,93.920,87.583,83.716,69.862,77.487,60.665,59.728,62.245,64.580,51.628,52.585,49.103,43.051,39.130,44.267,38.808,40.301,36.741,35.076,27.682,30.845,32.529,27.356,33.936,23.230,27.692,22.673,21.179,20.179,19.815,11.794,15.119,12.830,12.418,8.532,6.770,4.976,6.333,6.352,8.555,6.160,3.681,2.300,2.364,1.973,1.251,0.510,0.039,0.481,0.438,0.063,0.001,0.000,0.000,0.000,0.000,0.000,0.000,0.000,0.000,0.000,0.000,0.000,0.000,0.000,0.000,0.517,0.456,0.027,0.000,0.000,0.958,0.042,0.000,0.000,0.000,0.000,0.000,0.000,0.000,0.000,0.000,0.000,0.000,0.000,0.000,0.000,0.000,0.000,0.000,1.000
283,-0.141,1.299,28.443,90.366,250.855,444.033,589.741,615.785,568.063,591.028,628.191,784.826,947.684,1192.849,1554.196,2101.907,2669.236,3522.811,5449.455,9269.473,16194.378,26032.463,37461.953,51264.953,65527.906,75917.844,72514.016,19878.811,10265.592,8918.007,8744.470,8653.239,8737.328,8775.771,8662.291,8505.742,8526.090,8639.036,8534.334,8439.480,8294.042,8363.801,8327.433,8165.438,8101.534,7929.508,7812.977,7490.752,7233.189,7272.445,7077.086,6743.261,6798.254,6744.984,6678.250,6527.151,6443.550,6438.261,6296.999,6176.200,6100.695,6112.321,6047.157,5939.280,5903.232,5754.354,5626.869,5503.838,5359.458,5104.270,5126.213,5022.692,4904.465,4745.800,4661.477,4586.613,4336.599,4428.982,4194.260,4122.494,4009.542,3770.905,3696.343,3502.130,3414.472,3368.793,3262.191,3228.148,3130.603,2992.259,2961.305,2873.626,2875.332,2665.971,2518.605,2422.409,2284.954,2178.993,2186.544,2044.877,1986.991,1887.361,1874.125,1835.233,1754.111,1716.776,1696.297,1612.821,1621.775,1578.149,1498.242,1402.435,1376.364,1290.547,1290.612,1238.530,1241.399,1216.428,1172.890,1202.145,1156.488,1102.883,1071.346,1020.079,929.048,905.669,841.175,770.537,755.589,732.849,705.536,690.562,631.309,634.158,622.257,578.996,575.285,579.640,570.040,480.966,471.628,467.707,449.329,456.501,422.867,395.940,364.154,322.508,324.494,324.078,320.504,258.421,245.276,268.784,247.290,235.750,221.164,221.830,196.088,182.962,178.452,154.512,128.343,124.955,94.270,99.911,103.508,93.920,87.583,83.716,69.862,77.487,60.665,59.728,62.245,64.580,51.628,52.585,49.103,43.051,39.130,44.267,38.808,40.301,36.741,35.076,27.682,30.845,32.529,27.356,33.936,23.230,27.692,22.673,21.179,20.179,19.815,11.794,15.119,12.830,12.418,8.532,6.770,4.976,6.333,6.352,8.555,6.160,3.681,2.300,2.364,1.973,1.251,0.510,0.039,0.481,0.438,0.063,0.001,0.000,0.000,0.000,0.000,0.000,0.000,0.000,0.000,0.000,0.000,0.000,0.000,0.000,0.000,0.517,0.456,0.027,0.000,0.000,0.958,0.042,0.000,0.000,0.000,0.000,0.000,0.000,0.000,0.000,0.000,0.000,0.000,0.000,0.000,0.000,0.000,0.000,0.000,1.000
284,-0.706,0.728,1.000,0.000,0.000,0.000,0.000,0.000,0.000,0.000,0.000,0.000,0.000,0.000,0.000,0.000,0.000,0.000,0.000,0.000,0.018,0.257,0.725,0.070,0.401,0.945,2.022,3.733,3.445,3.882,3.565,2.977,4.710,3.821,6.445,8.677,3.903,14.255,15.396,23.066,13.429,17.964,27.058,31.916,33.462,28.539,34.404,47.921,62.488,71.763,87.944,98.224,100.919,100.433,127.984,144.527,152.076,179.618,223.379,254.707,284.818,303.887,315.810,356.854,409.135,419.215,483.209,470.698,543.308,577.083,639.880,712.939,785.496,832.701,891.489,908.023,1011.908,1047.126,1173.204,1252.046,1392.487,1530.121,1651.662,1799.387,1921.339,2120.225,2302.102,2414.360,2621.728,2799.799,3128.586,3240.359,3427.724,3529.419,3725.084,3916.963,4178.155,4353.309,4737.828,4985.919,5151.091,5430.477,5717.364,5837.859,5946.952,6477.500,6719.149,6991.651,7142.959,7224.499,7499.439,7710.455,7776.431,7746.441,8082.139,8315.779,8460.434,8632.229,8751.571,8971.961,9336.982,9332.545,9447.031,9588.064,9714.229,9778.770,9904.768,10075.657,10244.882,10069.385,10246.879,10319.674,10211.562,10414.141,10517.608,10684.215,10880.365,11006.863,11205.832,11587.265,11825.992,11870.609,12075.223,12266.805,12433.311,12429.686,12273.318,12277.061,12386.162,12444.456,12321.194,12341.216,12371.137,12365.525,12391.382,12445.832,12179.237,12011.746,11599.404,11316.854,11058.785,10974.811,10789.563,10419.126,9980.694,9422.861,8933.822,8435.947,8090.009,7534.605,7037.727,6655.665,6313.094,5890.351,5444.014,5123.002,4761.340,4391.735,4019.501,3748.194,3583.063,3353.626,3205.612,2979.826,2871.460,2718.092,2478.272,2286.127,2071.610,1910.397,1706.552,1484.057,1331.166,1231.385,1123.793,1074.858,987.825,983.013,922.367,885.662,765.343,610.482,561.943,511.493,520.935,477.214,400.216,372.484,331.030,309.400,308.645,273.045,255.363,208.278,197.307,179.090,154.361,146.515,132.204,111.106,99.167,84.385,74.372,73.887,68.496,61.417,50.281,54.884,45.379,37.863,41.580,36.984,37.610,30.181,27.892,34.265,32.656,23.974,24.383,15.669,14.205,13.261,10.668,7.305,5.337,6.432,5.301,5.260,2.488,1.959,5.089,3.549,1.358,1.733,1.547,0.550,0.000,1.000
285,-0.071,0.728,1.000,0.000,0.111,2.756,14.047,29.262,91.506,190.027,425.175,836.079,1603.978,2613.324,4127.414,6312.069,9856.768,14782.359,20709.617,27427.457,34712.887,41299.504,46050.219,47915.766,33867.570,11208.469,6592.429,5778.653,5702.227,5754.767,5785.423,5710.652,5655.748,5772.105,5774.753,5828.917,5849.430,5931.968,5968.191,6026.868,6065.368,6154.777,6163.623,6212.588,6366.332,6456.803,6599.225,6648.776,6600.460,6638.707,6716.772,6786.264,6833.141,6894.056,6915.997,6971.476,6903.326,6826.005,6791.043,6912.458,6910.358,6813.025,6931.143,6942.799,6864.486,6828.156,6888.271,6857.424,6903.112,6845.504,6871.589,6938.125,6844.464,6951.402,6961.363,6846.170,6725.895,6675.521,6576.568,6487.932,6351.348,6191.165,6194.622,6133.924,6091.820,6081.830,6059.166,5894.208,5817.093,5629.672,5521.544,5339.011,5144.784,5002.403,4828.119,4693.126,4582.347,4432.497,4296.388,4124.093,3962.954,3824.427,3737.685,3623.421,3476.383,3399.985,3256.844,3084.135,3025.590,2918.599,2739.200,2690.232,2526.975,2492.338,2243.159,2221.270,2127.983,2047.332,1981.939,1984.137,1871.115,1786.308,1780.220,1733.631,1637.214,1599.356,1573.691,1557.281,1474.226,1393.327,1302.496,1281.059,1186.372,1144.977,1084.763,1043.637,962.609,881.796,819.867,803.089,734.984,679.576,681.862,629.896,618.161,605.815,549.049,560.926,561.291,557.225,530.237,503.937,488.780,498.747,442.366,367.979,341.338,314.899,315.244,283.600,291.192,281.798,288.571,256.184,267.907,211.071,199.187,217.166,214.415,163.324,173.872,177.664,179.039,152.000,156.574,155.665,134.201,122.611,115.076,108.971,106.484,101.691,92.850,89.368,76.451,81.809,79.141,68.762,61.353,63.560,54.836,50.428,42.599,44.814,36.821,41.638,45.522,38.830,40.410,35.494,29.520,27.756,26.459,27.412,26.984,25.097,20.546,25.305,22.334,22.847,18.751,17.973,21.983,21.932,16.634,12.507,18.275,17.997,18.722,19.709,16.187,14.252,14.928,8.999,5.997,9.161,8.329,7.263,6.941,7.030,5.891,4.723,3.201,2.740,2.288,5.259,3.381,2.708,3.929,2.106,1.377,0.655,1.106,1.699,2.126,3.604,2.268,0.259,0.513,1.110,1.585,0.548,0.503,0.514,0.000,0.000,0.000,1.000
286,-1.293,1.186,1.000,0.000,0.000,0.000,0.197,0.803,0.000,0.000,0.000,0.000,0.000,0.000,0.000,0.000,0.585,1.039,0.376,0.000,0.000,0.000,0.000,0.000,0.000,0.000,0.000,0.006,0.329,1.927,0.807,2.169,2.850,5.658,3.853,3.984,5.067,6.265,9.958,8.216,8.996,12.317,15.974,20.252,24.050,27.533,32.263,38.724,40.720,30.099,59.777,54.368,56.945,65.519,59.545,68.179,76.855,83.797,87.963,103.604,101.722,108.660,124.337,145.786,164.985,188.024,246.114,287.397,304.827,337.594,368.940,416.413,445.133,457.034,508.448,607.616,590.725,631.481,709.929,728.435,773.491,861.236,953.984,1019.430,1148.561,1225.831,1329.305,1373.616,1440.102,1546.228,1673.930,1797.069,1939.011,2126.175,2276.405,2363.965,2482.018,2580.099,2750.253,2906.150,3121.449,3315.700,3582.789,3698.371,3950.453,4154.805,4542.546,4748.342,5008.456,5483.654,5926.161,6230.655,6555.834,6773.968,7084.101,7442.617,7841.136,8363.480,8991.020,9533.685,10288.189,11147.609,12290.746,13150.147,14029.866,15029.894,16639.359,17903.104,18651.881,19967.488,20975.311,21099.312,20899.660,21548.582,22331.857,22146.518,20681.980,19569.574,18923.707,18062.666,17448.205,17460.883,17084.242,16491.732,16603.926,16831.832,17309.533,17452.502,15585.258,13674.504,12046.799,10806.313,10092.150,9268.199,8788.348,8015.470,7801.137,7133.444,6396.903,6079.493,5746.253,5450.051,5121.119,4971.843,4631.977,4366.402,3980.752,3913.409,3675.582,3581.893,3412.369,3150.207,3009.813,2775.681,2622.408,2538.074,2422.128,2233.926,2033.465,1936.909,1700.771,1692.278,1534.770,1414.854,1304.975,1266.129,1130.534,1136.543,1026.417,963.375,918.615,883.794,809.461,796.650,765.992,740.485,717.876,603.286,510.202,434.847,383.838,407.571,353.305,309.970,318.809,290.430,239.869,236.229,223.595,216.674,196.784,182.097,162.497,140.580,131.709,125.726,116.009,106.520,82.815,72.255,74.409,59.118,65.148,53.767,43.544,46.220,35.157,31.273,29.584,22.099,29.401,21.198,20.801,21.467,20.735,14.857,13.246,8.933,5.060,7.049,6.213,6.262,6.402,3.720,1.129,1.000,2.071,2.171,1.758,1.000,0.000,0.000,0.000,0.000,0.000,0.000,0.000,1.000
287,-1.329,1.042,1.000,0.000,0.000,0.000,0.000,0.000,1.000,0.000,1.000,0.000,0.000,1.000,0.000,0.000,0.000,0.000,0.000,3.000,0.000,1.000,1.000,1.000,1.000,0.000,2.131,2.371,9.852,2.269,5.026,4.490,5.285,2.748,5.806,7.442,9.621,9.616,12.027,11.392,11.363,27.597,11.802,24.810,26.787,28.592,33.474,38.704,52.535,43.339,50.989,61.375,54.660,71.401,90.086,80.922,102.325,105.007,95.711,105.391,127.304,124.450,154.025,159.302,174.197,187.629,203.466,263.386,254.661,300.246,262.820,310.623,351.386,361.020,411.725,427.232,461.518,484.108,526.079,558.386,566.082,657.802,675.914,746.697,786.871,881.983,1017.582,1069.358,1185.596,1308.179,1384.307,1463.312,1544.512,1645.731,1753.193,1803.418,2089.846,2191.264,2252.860,2452.760,2593.090,2653.824,2946.147,3107.646,3060.315,3362.543,3559.772,3802.300,3927.574,4293.183,4606.673,4614.962,5055.228,5069.000,5276.520,5447.404,5889.610,6016.664,6345.799,6693.619,6966.462,7344.269,7526.948,7870.892,8190.857,8557.143,8840.965,9062.520,9364.771,9678.393,9843.037,10062.747,10353.697,10524.447,10579.447,10993.882,11174.586,11321.474,11592.526,11502.627,11701.146,11884.262,11826.728,12064.721,12136.115,12298.344,12615.635,12580.141,12529.889,12797.426,12796.035,12834.730,12513.280,12363.170,12445.274,12340.048,12406.061,12285.508,12348.027,12367.488,11969.399,11892.568,11779.734,11386.078,11339.178,11093.897,10992.842,10631.583,10450.296,10097.225,9769.836,9380.275,9102.268,8758.265,8368.641,7883.771,7707.524,7228.606,6986.511,6798.418,6553.771,6234.346,6045.798,5672.350,5309.711,4901.007,4756.946,4532.195,4300.924,4218.303,3890.146,3689.602,3508.583,3337.185,3180.259,2899.638,2761.888,2529.652,2394.686,2163.431,2175.495,2020.584,1802.921,1721.486,1619.652,1503.849,1477.850,1309.776,1233.577,1127.157,1093.840,989.634,881.126,792.323,718.896,665.594,564.154,552.165,475.972,434.129,370.019,310.759,295.483,265.209,230.951,190.528,175.569,136.964,108.244,90.580,101.986,72.806,63.291,47.704,38.035,34.159,35.001,30.395,19.610,23.165,20.019,15.807,11.277,6.420,5.894,7.199,5.787,9.683,2.804,3.060,2.018,0.489,2.547,1.453,0.000,0.000,0.000,1.000
288,-0.133,1.042,1.000,2.000,1.000,4.000,4.808,24.176,28.302,67.312,118.480,240.069,380.300,534.251,851.738,1317.957,1908.862,2655.544,3871.021,5932.620,8292.094,11570.919,15042.719,20088.766,25294.803,31494.822,38870.344,46234.980,51703.410,56318.781,55243.289,8283.424,6437.855,6304.945,6194.854,6252.651,6139.224,6288.171,6350.351,6361.088,6362.908,6328.764,6397.140,6318.329,6231.122,6151.187,6166.450,6104.502,6185.588,6117.884,6009.673,6201.334,6142.296,6145.243,6125.574,6093.153,6161.096,6029.504,6147.314,6163.553,6039.957,5835.139,5919.955,5894.803,5848.572,5819.235,5752.403,5607.430,5669.625,5550.835,5544.723,5491.621,5557.934,5439.984,5240.704,5275.479,5225.712,5188.721,5069.709,5009.995,4921.001,4901.217,4699.331,4640.957,4515.139,4574.024,4406.362,4331.557,4229.956,4110.496,3982.846,3907.723,3902.229,3885.534,3634.831,3605.544,3525.545,3429.183,3464.649,3391.921,3328.338,3206.483,3158.246,3092.362,3108.569,3014.897,2886.551,2783.118,2738.547,2648.391,2558.164,2445.298,2326.529,2474.486,2257.393,2314.279,2186.716,2105.172,2146.531,2060.426,2085.775,1904.732,1903.872,1867.795,1751.409,1763.055,1694.531,1657.618,1636.615,1622.584,1509.481,1417.096,1453.908,1376.811,1349.813,1266.932,1234.518,1179.417,1178.748,1018.448,1101.519,1109.496,1063.108,1038.951,974.965,917.554,858.829,853.637,845.053,822.091,785.969,750.493,754.587,731.317,719.352,672.092,632.809,627.548,602.135,590.841,525.419,554.001,566.211,518.948,458.255,445.703,414.044,422.724,373.942,379.092,349.003,320.246,343.680,287.049,282.427,272.908,262.726,251.715,245.699,217.208,212.062,185.812,197.579,137.333,169.437,153.668,142.187,137.654,137.691,116.242,110.326,112.353,93.392,85.019,92.727,77.697,62.605,52.180,60.377,47.698,38.244,46.691,61.713,28.134,43.628,38.863,29.243,26.821,21.263,19.598,19.840,17.637,17.190,18.995,12.098,20.100,16.655,9.394,13.356,12.262,9.011,11.874,7.368,9.958,11.420,3.095,7.211,3.705,1.674,3.584,3.687,2.875,5.330,2.100,4.374,1.452,5.256,4.592,1.333,0.867,2.037,1.098,1.000,1.000,0.000,0.000,2.000,1.162,0.838,0.000,0.000,0.000,0.000,0.000,0.000,0.000,0.000,1.000
289,-0.133,1.632,2.069,1.972,6.783,24.632,62.240,170.288,420.664,803.160,1544.508,2860.283,5099.637,9678.049,17326.559,29397.219,47031.461,69334.422,96195.664,123341.367,138158.141,68608.547,20404.559,17963.594,17860.711,18013.465,18424.156,18547.789,18549.248,18650.934,18510.910,18411.604,18682.695,18961.504,18987.230,19613.797,19658.066,19912.863,20248.934,20417.898,20510.598,20443.340,20665.930,20627.379,20614.521,20470.549,20133.264,19882.611,19764.379,19460.270,19084.605,18893.336,18582.256,18214.387,18043.121,17790.375,17304.588,17157.762,16602.488,16154.345,15748.118,15148.850,14851.484,14295.838,14076.301,13685.090,13234.656,12643.108,11996.246,11540.850,11243.371,10892.214,10388.188,9865.406,9427.475,9003.238,8780.318,8486.104,8164.519,8054.009,7840.710,7577.809,7342.689,6894.149,6909.401,6552.972,6343.638,6100.217,5881.893,5756.046,5368.964,5142.768,4922.999,4586.493,4543.969,4427.440,4121.684,3986.581,3811.813,3649.063,3482.060,3219.847,3056.869,2963.344,2761.122,2603.632,2445.943,2257.223,2080.708,1944.069,1749.267,1588.667,1546.071,1410.177,1251.180,1164.812,1052.582,965.220,852.750,813.622,728.919,673.219,583.804,556.193,535.864,484.056,430.096,374.700,354.794,309.237,282.928,239.326,225.893,202.747,162.522,188.950,178.304,148.755,124.597,119.586,121.347,97.329,99.956,116.220,112.353,86.431,91.086,88.532,85.626,81.524,90.208,85.106,70.917,78.254,74.120,80.688,87.319,78.455,99.696,100.839,81.096,74.679,77.892,83.708,76.457,75.355,84.109,90.233,89.389,91.666,89.389,91.512,79.521,76.237,88.029,74.295,64.847,76.151,69.395,77.730,64.977,73.903,73.134,55.182,55.024,62.814,64.539,61.022,62.806,70.788,58.622,67.490,59.625,75.789,64.077,62.890,64.127,78.712,76.633,69.595,72.704,76.229,73.450,70.686,70.429,69.385,56.313,54.996,53.424,70.264,62.064,51.081,48.341,52.529,42.250,46.395,47.202,33.781,42.494,42.281,35.250,32.794,28.170,28.704,25.979,30.585,23.911,27.293,21.169,16.129,16.578,14.726,19.043,19.565,8.198,4.676,7.374,4.396,9.153,8.764,6.230,4.323,6.837,5.017,1.704,1.029,0.947,1.645,1.392,0.503,0.000,0.000,0.056,0.361,0.583,0.000,0.237,1.763
290,-0.133,1.632,2.069,1.972,6.783,24.632,62.240,170.288,420.664,803.160,1544.508,2860.283,5099.637,9678.049,17326.559,29397.219,47031.461,69334.422,96195.664,123341.367,138158.141,68608.547,20404.559,17963.594,17860.711,18013.465,18424.156,18547.789,18549.248,18650.934,18510.910,18411.604,18682.695,18961.504,18987.230,19613.797,19658.066,19912.863,20248.934,20417.898,20510.598,20443.340,20665.930,20627.379,20614.521,20470.549,20133.264,19882.611,19764.379,19460.270,19084.605,18893.336,18582.256,18214.387,18043.121,17790.375,17304.588,17157.762,16602.488,16154.345,15748.118,15148.850,14851.484,14295.838,14076.301,13685.090,13234.656,12643.108,11996.246,11540.850,11243.371,10892.214,10388.188,9865.406,9427.475,9003.238,8780.318,8486.104,8164.519,8054.009,7840.710,7577.809,7342.689,6894.149,6909.401,6552.972,6343.638,6100.217,5881.893,5756.046,5368.964,5142.768,4922.999,4586.493,4543.969,4427.440,4121.684,3986.581,3811.813,3649.063,3482.060,3219.847,3056.869,2963.344,2761.122,2603.632,2445.943,2257.223,2080.708,1944.069,1749.267,1588.667,1546.071,1410.177,1251.180,1164.812,1052.582,965.220,852.750,813.622,728.919,673.219,583.804,556.193,535.864,484.056,430.096,374.700,354.794,309.237,282.928,239.326,225.893,202.747,162.522,188.950,178.304,148.755,124.597,119.586,121.347,97.329,99.956,116.220,112.353,86.431,91.086,88.532,85.626,81.524,90.208,85.106,70.917,78.254,74.120,80.688,87.319,78.455,99.696,100.839,81.096,74.679,77.892,83.708,76.457,75.355,84.109,90.233,89.389,91.666,89.389,91.512,79.521,76.237,88.029,74.295,64.847,76.151,69.395,77.730,64.977,73.903,73.134,55.182,55.024,62.814,64.539,61.022,62.806,70.788,58.622,67.490,59.625,75.789,64.077,62.890,64.127,78.712,76.633,69.595,72.704,76.229,73.450,70.686,70.429,69.385,56.313,54.996,53.424,70.264,62.064,51.081,48.341,52.529,42.250,46.395,47.202,33.781,42.494,42.281,35.250,32.794,28.170,28.704,25.979,30.585,23.911,27.293,21.169,16.129,16.578,14.726,19.043,19.565,8.198,4.676,7.374,4.396,9.153,8.764,6.230,4.323,6.837,5.017,1.704,1.029,0.947,1.645,1.392,0.503,0.000,0.000,0.056,0.361,0.583,0.000,0.237,1.763
291,-0.133,1.632,2.069,1.972,6.783,24.632,62.240,170.288,420.664,803.160,1544.508,2860.283,5099.637,9678.049,17326.559,29397.219,47031.461,69334.422,96195.664,123341.367,138158.141,68608.547,20404.559,17963.594,17860.711,18013.465,18424.156,18547.789,18549.248,18650.934,18510.910,18411.604,18682.695,18961.504,18987.230,19613.797,19658.066,19912.863,20248.934,20417.898,20510.598,20443.340,20665.930,20627.379,20614.521,20470.549,20133.264,19882.611,19764.379,19460.270,19084.605,18893.336,18582.256,18214.387,18043.121,17790.375,17304.588,17157.762,16602.488,16154.345,15748.118,15148.850,14851.484,14295.838,14076.301,13685.090,13234.656,12643.108,11996.246,11540.850,11243.371,10892.214,10388.188,9865.406,9427.475,9003.238,8780.318,8486.104,8164.519,8054.009,7840.710,7577.809,7342.689,6894.149,6909.401,6552.972,6343.638,6100.217,5881.893,5756.046,5368.964,5142.768,4922.999,4586.493,4543.969,4427.440,4121.684,3986.581,3811.813,3649.063,3482.060,3219.847,3056.869,2963.344,2761.122,2603.632,2445.943,2257.223,2080.708,1944.069,1749.267,1588.667,1546.071,1410.177,1251.180,1164.812,1052.582,965.220,852.750,813.622,728.919,673.219,583.804,556.193,535.864,484.056,430.096,374.700,354.794,309.237,282.928,239.326,225.893,202.747,162.522,188.950,178.304,148.755,124.597,119.586,121.347,97.329,99.956,116.220,112.353,86.431,91.086,88.532,85.626,81.524,90.208,85.106,70.917,78.254,74.120,80.688,87.319,78.455,99.696,100.839,81.096,74.679,77.892,83.708,76.457,75.355,84.109,90.233,89.389,91.666,89.389,91.512,79.521,76.237,88.029,74.295,64.847,76.151,69.395,77.730,64.977,73.903,73.134,55.182,55.024,62.814,64.539,61.022,62.806,70.788,58.622,67.490,59.625,75.789,64.077,62.890,64.127,78.712,76.633,69.595,72.704,76.229,73.450,70.686,70.429,69.385,56.313,54.996,53.424,70.264,62.064,51.081,48.341,52.529,42.250,46.395,47.202,33.781,42.494,42.281,35.250,32.794,28.170,28.704,25.979,30.585,23.911,27.293,21.169,16.129,16.578,14.726,19.043,19.565,8.198,4.676,7.374,4.396,9.153,8.764,6.230,4.323,6.837,5.017,1.704,1.029,0.947,1.645,1.392,0.503,0.000,0.000,0.056,0.361,0.583,0.000,0.237,1.763
292,-0.133,1.632,2.069,1.972,6.783,24.632,62.240,170.288,420.664,803.160,1544.508,2860.283,5099.637,9678.049,17326.559,29397.219,47031.461,69334.422,96195.664,123341.367,138158.141,68608.547,20404.559,17963.594,17860.711,18013.465,18424.156,18547.789,18549.248,18650.934,18510.910,18411.604,18682.695,18961.504,18987.230,19613.797,19658.066,19912.863,20248.934,20417.898,20510.598,20443.340,20665.930,20627.379,20614.521,20470.549,20133.264,19882.611,19764.379,19460.270,19084.605,18893.336,18582.256,18214.387,18043.121,17790.375,17304.588,17157.762,16602.488,16154.345,15748.118,15148.850,14851.484,14295.838,14076.301,13685.090,13234.656,12643.108,11996.246,11540.850,11243.371,10892.214,10388.188,9865.406,9427.475,9003.238,8780.318,8486.104,8164.519,8054.009,7840.710,7577.809,7342.689,6894.149,6909.401,6552.972,6343.638,6100.217,5881.893,5756.046,5368.964,5142.768,4922.999,4586.493,4543.969,4427.440,4121.684,3986.581,3811.813,3649.063,3482.060,3219.847,3056.869,2963.344,2761.122,2603.632,2445.943,2257.223,2080.708,1944.069,1749.267,1588.667,1546.071,1410.177,1251.180,1164.812,1052.582,965.220,852.750,813.622,728.919,673.219,583.804,556.193,535.864,484.056,430.096,374.700,354.794,309.237,282.928,239.326,225.893,202.747,162.522,188.950,178.304,148.755,124.597,119.586,121.347,97.329,99.956,116.220,112.353,86.431,91.086,88.532,85.626,81.524,90.208,85.106,70.917,78.254,74.120,80.688,87.319,78.455,99.696,100.839,81.096,74.679,77.892,83.708,76.457,75.355,84.109,90.233,89.389,91.666,89.389,91.512,79.521,76.237,88.029,74.295,64.847,76.151,69.395,77.730,64.977,73.903,73.134,55.182,55.024,62.814,64.539,61.022,62.806,70.788,58.622,67.490,59.625,75.789,64.077,62.890,64.127,78.712,76.633,69.595,72.704,76.229,73.450,70.686,70.429,69.385,56.313,54.996,53.424,70.264,62.064,51.081,48.341,52.529,42.250,46.395,47.202,33.781,42.494,42.281,35.250,32.794,28.170,28.704,25.979,30.585,23.911,27.293,21.169,16.129,16.578,14.726,19.043,19.565,8.198,4.676,7.374,4.396,9.153,8.764,6.230,4.323,6.837,5.017,1.704,1.029,0.947,1.645,1.392,0.503,0.000,0.000,0.056,0.361,0.583,0.000,0.237,1.763
293,-0.133,1.632,2.069,1.972,6.783,24.632,62.240,170.288,420.664,803.160,1544.508,2860.283,5099.637,9678.049,17326.559,29397.219,47031.461,69334.422,96195.664,123341.367,138158.141,68608.547,20404.559,17963.594,17860.711,18013.465,18424.156,18547.789,18549.248,18650.934,18510.910,18411.604,18682.695,18961.504,18987.230,19613.797,19658.066,19912.863,20248.934,20417.898,20510.598,20443.340,20665.930,20627.379,20614.521,20470.549,20133.264,19882.611,19764.379,19460.270,19084.605,18893.336,18582.256,18214.387,18043.121,17790.375,17304.588,17157.762,16602.488,16154.345,15748.118,15148.850,14851.484,14295.838,14076.301,13685.090,13234.656,12643.108,11996.246,11540.850,11243.371,10892.214,10388.188,9865.406,9427.475,9003.238,8780.318,8486.104,8164.519,8054.009,7840.710,7577.809,7342.689,6894.149,6909.401,6552.972,6343.638,6100.217,5881.893,5756.046,5368.964,5142.768,4922.999,4586.493,4543.969,4427.440,4121.684,3986.581,3811.813,3649.063,3482.060,3219.847,3056.869,2963.344,2761.122,2603.632,2445.943,2257.223,2080.708,1944.069,1749.267,1588.667,1546.071,1410.177,1251.180,1164.812,1052.582,965.220,852.750,813.622,728.919,673.219,583.804,556.193,535.864,484.056,430.096,374.700,354.794,309.237,282.928,239.326,225.893,202.747,162.522,188.950,178.304,148.755,124.597,119.586,121.347,97.329,99.956,116.220,112.353,86.431,91.086,88.532,85.626,81.524,90.208,85.106,70.917,78.254,74.120,80.688,87.319,78.455,99.696,100.839,81.096,74.679,77.892,83.708,76.457,75.355,84.109,90.233,89.389,91.666,89.389,91.512,79.521,76.237,88.029,74.295,64.847,76.151,69.395,77.730,64.977,73.903,73.134,55.182,55.024,62.814,64.539,61.022,62.806,70.788,58.622,67.490,59.625,75.789,64.077,62.890,64.127,78.712,76.633,69.595,72.704,76.229,73.450,70.686,70.429,69.385,56.313,54.996,53.424,70.264,62.064,51.081,48.341,52.529,42.250,46.395,47.202,33.781,42.494,42.281,35.250,32.794,28.170,28.704,25.979,30.585,23.911,27.293,21.169,16.129,16.578,14.726,19.043,19.565,8.198,4.676,7.374,4.396,9.153,8.764,6.230,4.323,6.837,5.017,1.704,1.029,0.947,1.645,1.392,0.503,0.000,0.000,0.056,0.361,0.583,0.000,0.237,1.763
294,-0.096,1.042,15.348,34.240,71.612,98.685,170.465,284.749,361.280,590.425,890.942,1606.482,2607.029,4077.497,5755.248,7656.568,10203.088,13008.512,16751.668,20992.402,25768.914,31196.064,37510.398,24727.582,5589.421,4905.552,4903.296,4973.377,4991.345,5073.272,5199.808,5311.350,5375.865,5468.160,5629.206,5732.337,5653.821,5783.738,5738.991,5676.044,5973.092,6039.759,6122.020,6244.142,6352.021,6541.604,6593.495,6689.072,6703.560,6967.983,7005.453,7315.557,7187.681,7318.428,7354.786,7374.547,7498.031,7676.141,7692.088,7742.494,7720.333,7648.833,7628.809,7830.839,7630.278,7819.452,7714.600,7685.062,7481.601,7633.843,7527.430,7549.261,7476.250,7434.845,7485.453,7451.878,7478.560,7208.560,7326.557,7269.725,6974.319,7041.801,6865.704,6739.962,6733.478,6388.802,6268.846,6270.878,6182.545,5923.421,6039.333,5899.947,5791.955,5676.338,5494.471,5368.823,5159.794,5054.665,4953.488,4946.000,4852.003,4676.831,4507.647,4397.934,4289.685,4020.735,3962.770,3926.452,3863.299,3757.897,3703.728,3633.929,3556.281,3584.243,3517.413,3456.563,3377.923,3270.530,3220.128,3033.140,3082.601,3045.379,2880.182,2881.737,2814.416,2782.042,2597.401,2634.518,2593.085,2537.033,2340.766,2335.192,2300.295,2184.993,2131.246,2004.283,2095.377,1950.288,1975.061,1862.124,1797.896,1775.416,1701.908,1648.691,1597.202,1521.914,1469.510,1417.972,1366.192,1323.194,1236.627,1268.376,1149.918,1100.478,1089.950,1045.411,953.363,929.998,853.473,827.203,832.504,738.986,680.216,622.466,607.001,583.508,562.879,527.804,474.140,503.329,429.797,408.747,395.166,357.436,343.480,346.826,280.932,300.730,291.489,256.274,248.391,197.288,224.765,200.512,193.776,197.751,169.440,145.698,139.821,122.922,102.617,105.851,113.764,93.189,82.053,71.659,65.060,63.341,42.887,47.987,60.521,43.064,47.801,37.326,34.434,23.232,23.559,22.860,22.540,18.582,8.541,17.941,20.937,17.710,16.989,15.936,11.289,8.042,9.305,11.009,13.458,7.998,7.464,7.716,3.505,6.823,2.986,1.747,1.307,3.953,3.066,3.939,2.002,4.059,1.913,3.047,2.944,1.202,0.854,1.178,2.829,0.995,0.038,1.000,0.000,0.000,1.974,0.512,0.503,0.011,0.000,0.000,0.000,0.000,0.000,0.000,0.000,1.000
295,-0.096,1.042,15.348,34.240,71.612,98.685,170.465,284.749,361.280,590.425,890.942,1606.482,2607.029,4077.497,5755.248,7656.568,10203.088,13008.512,16751.668,20992.402,25768.914,31196.064,37510.398,24727.582,5589.421,4905.552,4903.296,4973.377,4991.345,5073.272,5199.808,5311.350,5375.865,5468.160,5629.206,5732.337,5653.821,5783.738,5738.991,5676.044,5973.092,6039.759,6122.020,6244.142,6352.021,6541.604,6593.495,6689.072,6703.560,6967.983,7005.453,7315.557,7187.681,7318.428,7354.786,7374.547,7498.031,7676.141,7692.088,7742.494,7720.333,7648.833,7628.809,7830.839,7630.278,7819.452,7714.600,7685.062,7481.601,7633.843,7527.430,7549.261,7476.250,7434.845,7485.453,7451.878,7478.560,7208.560,7326.557,7269.725,6974.319,7041.801,6865.704,6739.962,6733.478,6388.802,6268.846,6270.878,6182.545,5923.421,6039.333,5899.947,5791.955,5676.338,5494.471,5368.823,5159.794,5054.665,4953.488,4946.000,4852.003,4676.831,4507.647,4397.934,4289.685,4020.735,3962.770,3926.452,3863.299,3757.897,3703.728,3633.929,3556.281,3584.243,3517.413,3456.563,3377.923,3270.530,3220.128,3033.140,3082.601,3045.379,2880.182,2881.737,2814.416,2782.042,2597.401,2634.518,2593.085,2537.033,2340.766,2335.192,2300.295,2184.993,2131.246,2004.283,2095.377,1950.288,1975.061,1862.124,1797.896,1775.416,1701.908,1648.691,1597.202,1521.914,1469.510,1417.972,1366.192,1323.194,1236.627,1268.376,1149.918,1100.478,1089.950,1045.411,953.363,929.998,853.473,827.203,832.504,738.986,680.216,622.466,607.001,583.508,562.879,527.804,474.140,503.329,429.797,408.747,395.166,357.436,343.480,346.826,280.932,300.730,291.489,256.274,248.391,197.288,224.765,200.512,193.776,197.751,169.440,145.698,139.821,122.922,102.617,105.851,113.764,93.189,82.053,71.659,65.060,63.341,42.887,47.987,60.521,43.064,47.801,37.326,34.434,23.232,23.559,22.860,22.540,18.582,8.541,17.941,20.937,17.710,16.989,15.936,11.289,8.042,9.305,11.009,13.458,7.998,7.464,7.716,3.505,6.823,2.986,1.747,1.307,3.953,3.066,3.939,2.002,4.059,1.913,3.047,2.944,1.202,0.854,1.178,2.829,0.995,0.038,1.000,0.000,0.000,1.974,0.512,0.503,0.011,0.000,0.000,0.000,0.000,0.000,0.000,0.000,1.000
296,-0.133,1.632,2.069,1.972,6.781,24.533,60.873,155.451,359.500,649.189,1218.122,2268.260,3968.203,7125.384,12106.920,20193.338,32616.193,48005.492,65475.148,81528.422,86276.938,40968.680,11758.608,10255.164,10104.256,10030.730,10178.584,10076.702,9804.949,9837.505,9552.894,9516.450,9380.918,9470.979,9183.753,9460.481,9399.561,9416.375,9372.361,9146.008,9216.701,9072.529,8996.889,8684.994,8642.564,8553.285,8199.794,7914.797,7731.662,7524.984,7352.047,7209.185,6935.965,6643.517,6474.590,6262.803,5988.337,6078.663,5758.251,5545.258,5418.064,5258.379,5075.320,4971.961,4814.444,4568.234,4474.069,4287.016,4014.255,3829.138,3695.637,3565.314,3442.395,3307.364,3209.418,2932.388,2871.036,2773.397,2602.117,2535.749,2465.930,2370.814,2390.002,2213.910,2216.271,2064.631,2029.509,1941.111,1825.220,1813.839,1716.209,1641.670,1534.608,1421.379,1432.830,1398.768,1318.227,1284.303,1223.473,1198.958,1170.169,1066.931,1039.482,1018.789,956.321,933.237,850.770,823.636,754.940,696.676,631.641,617.307,602.507,544.917,495.142,417.278,409.737,364.166,322.036,310.823,269.650,256.818,219.491,214.266,229.765,180.350,172.788,159.474,174.014,138.634,126.171,117.145,119.625,106.229,92.941,99.154,111.405,92.192,85.020,78.374,92.587,73.306,73.036,86.110,90.238,64.781,78.166,71.211,68.834,70.018,80.644,76.488,67.753,73.563,68.397,76.383,81.402,75.470,95.413,99.114,79.448,71.724,77.378,82.486,75.375,74.124,83.773,90.126,89.378,91.666,89.371,91.328,78.990,75.971,88.029,74.295,64.847,76.151,69.395,77.730,64.977,73.903,73.134,55.182,55.024,62.814,64.539,61.022,62.806,70.788,58.622,67.490,59.625,75.789,64.077,62.890,64.127,78.712,76.633,69.595,72.704,76.229,73.450,70.686,70.429,69.385,56.313,54.996,53.424,70.264,62.064,51.081,48.341,52.529,42.250,46.395,47.202,33.781,42.494,42.281,35.250,32.794,28.170,28.704,25.979,30.585,23.911,27.293,21.169,16.129,16.578,14.726,19.043,19.565,8.198,4.676,7.374,4.396,9.153,8.764,6.230,4.323,6.837,5.017,1.704,1.029,0.947,1.645,1.392,0.503,0.000,0.000,0.056,0.361,0.583,0.000,0.237,1.763
297,-0.133,1.632,2.069,1.972,6.781,24.533,60.873,155.451,359.500,649.189,1218.122,2268.260,3968.203,7125.384,12106.920,20193.338,32616.193,48005.492,65475.148,81528.422,86276.938,40968.680,11758.608,10255.164,10104.256,10030.730,10178.584,10076.702,9804.949,9837.505,9552.894,9516.450,9380.918,9470.979,9183.753,9460.481,9399.561,9416.375,9372.361,9146.008,9216.701,9072.529,8996.889,8684.994,8642.564,8553.285,8199.794,7914.797,7731.662,7524.984,7352.047,7209.185,6935.965,6643.517,6474.590,6262.803,5988.337,6078.663,5758.251,5545.258,5418.064,5258.379,5075.320,4971.961,4814.444,4568.234,4474.069,4287.016,4014.255,3829.138,3695.637,3565.314,3442.395,3307.364,3209.418,2932.388,2871.036,2773.397,2602.117,2535.749,2465.930,2370.814,2390.002,2213.910,2216.271,2064.631,2029.509,1941.111,1825.220,1813.839,1716.209,1641.670,1534.608,1421.379,1432.830,1398.768,1318.227,1284.303,1223.473,1198.958,1170.169,1066.931,1039.482,1018.789,956.321,933.237,850.770,823.636,754.940,696.676,631.641,617.307,602.507,544.917,495.142,417.278,409.737,364.166,322.036,310.823,269.650,256.818,219.491,214.266,229.765,180.350,172.788,159.474,174.014,138.634,126.171,117.145,119.625,106.229,92.941,99.154,111.405,92.192,85.020,78.374,92.587,73.306,73.036,86.110,90.238,64.781,78.166,71.211,68.834,70.018,80.644,76.488,67.753,73.563,68.397,76.383,81.402,75.470,95.413,99.114,79.448,71.724,77.378,82.486,75.375,74.124,83.773,90.126,89.378,91.666,89.371,91.328,78.990,75.971,88.029,74.295,64.847,76.151,69.395,77.730,64.977,73.903,73.134,55.182,55.024,62.814,64.539,61.022,62.806,70.788,58.622,67.490,59.625,75.789,64.077,62.890,64.127,78.712,76.633,69.595,72.704,76.229,73.450,70.686,70.429,69.385,56.313,54.996,53.424,70.264,62.064,51.081,48.341,52.529,42.250,46.395,47.202,33.781,42.494,42.281,35.250,32.794,28.170,28.704,25.979,30.585,23.911,27.293,21.169,16.129,16.578,14.726,19.043,19.565,8.198,4.676,7.374,4.396,9.153,8.764,6.230,4.323,6.837,5.017,1.704,1.029,0.947,1.645,1.392,0.503,0.000,0.000,0.056,0.361,0.583,0.000,0.237,1.763
298,-0.822,1.055,1.000,0.000,0.000,0.000,1.001,4.144,3.328,4.286,4.802,8.633,7.585,8.593,7.090,18.837,16.659,25.097,19.780,30.568,28.348,22.310,42.132,57.575,48.901,47.511,55.310,47.473,69.158,88.517,82.789,104.991,93.967,94.883,115.412,105.732,112.656,127.454,117.125,136.379,147.347,140.974,159.802,147.590,147.302,142.387,174.838,159.105,167.505,204.357,203.813,228.827,255.913,260.852,250.772,308.715,338.467,391.643,428.979,491.238,501.041,514.681,629.706,709.809,769.528,822.411,1017.147,1090.401,1116.936,1255.532,1388.674,1540.969,1720.238,1891.268,1992.158,2164.481,2445.323,2630.676,2869.677,3150.711,3352.351,3629.542,3910.585,4323.994,4370.227,4825.766,5201.325,5405.588,5788.645,6084.793,6307.290,6772.211,6939.932,7258.241,7557.682,7810.668,8079.314,8276.811,8536.436,8700.650,8984.604,9149.176,9428.936,9782.258,9913.917,10202.227,10240.010,10737.775,11064.031,11257.475,11457.947,11701.951,12255.346,12475.656,12657.577,13093.185,13318.597,13691.871,13863.033,14045.908,14362.086,14442.543,14247.080,14201.315,14333.041,14508.941,14499.170,14644.685,14972.641,15209.705,15295.450,15702.659,15732.053,15352.022,15087.464,14983.611,14690.666,14304.939,14264.557,14146.066,13948.083,13369.490,13122.871,12957.719,12090.615,11329.184,10735.721,10045.231,9024.168,7905.024,6856.257,5941.785,5112.413,4565.354,3942.014,3460.853,3016.965,2650.042,2290.391,2099.242,1944.357,1855.308,1667.463,1506.989,1321.045,1270.613,1106.513,1039.266,1007.942,976.640,890.959,817.871,693.426,664.052,547.178,479.032,398.617,308.725,289.202,242.751,209.925,191.926,197.273,153.737,147.927,149.702,150.353,159.152,145.507,150.770,154.243,128.929,141.869,118.727,121.110,138.674,143.374,131.130,119.965,115.576,120.015,116.316,113.425,113.210,96.643,88.781,92.195,80.010,79.130,89.965,90.638,87.545,111.229,106.355,105.714,107.104,115.160,107.670,118.285,101.018,100.696,103.248,97.834,94.312,98.584,80.810,69.481,69.667,67.287,67.558,44.005,52.453,44.572,41.133,38.529,33.891,32.381,26.710,30.676,20.240,23.575,17.104,15.249,11.569,13.958,10.570,3.663,4.277,4.198,3.630,1.354,4.000,0.976,0.000,1.025,0.975,0.025,1.975
299,-0.082,1.055,6.017,45.961,120.040,260.041,459.404,666.483,868.092,1042.905,1665.131,2921.795,5454.198,9723.347,16540.355,26254.971,37326.797,47831.332,56480.984,63614.895,41282.992,8543.529,7923.738,8005.411,8052.096,8207.817,8361.150,8301.619,8533.573,8531.605,8533.461,8760.010,8847.550,8607.045,8650.828,8633.887,8640.514,8658.385,8753.167,8706.607,8837.041,8716.648,8888.426,8962.651,9112.877,9124.650,9297.262,9324.261,9265.748,9664.510,9658.904,9370.792,9294.781,9260.111,9117.465,9039.602,9015.951,8900.146,8772.449,8591.809,8768.344,8567.464,8624.165,8460.206,8369.330,8171.280,7919.776,7997.951,7986.910,7702.799,7337.815,7159.497,6784.793,6581.257,6466.665,6073.691,5730.934,5467.012,5021.136,4549.761,4105.741,3873.519,3513.273,3241.743,2895.400,2802.035,2538.388,2327.232,2114.637,2040.834,1809.051,1712.814,1521.359,1421.155,1354.363,1261.885,1218.866,1152.976,1116.028,1107.411,980.636,948.696,845.904,828.087,803.105,776.705,679.972,655.005,626.409,604.408,635.885,594.089,574.854,524.914,502.111,517.554,431.131,433.457,381.869,369.200,310.930,307.945,262.719,255.492,196.034,183.728,173.104,166.200,143.034,129.220,131.408,124.206,114.171,113.635,98.518,94.444,90.865,88.440,91.815,90.091,90.364,99.540,94.825,83.993,91.447,93.318,90.469,81.043,78.241,92.286,76.746,73.022,72.893,74.934,74.328,85.711,87.542,86.495,81.034,70.641,73.070,70.533,73.965,69.713,70.724,73.446,69.200,72.011,59.720,64.937,55.857,47.040,61.924,51.221,45.441,50.519,44.810,56.452,57.609,56.283,49.848,55.542,74.090,64.865,65.147,53.156,65.423,62.514,69.982,68.959,68.487,65.851,74.644,64.316,58.301,68.810,52.707,71.272,61.207,53.692,57.935,56.828,48.222,67.826,45.726,44.413,43.167,40.963,39.496,49.765,34.930,38.576,29.765,24.277,36.362,26.065,25.761,24.552,25.460,19.573,20.540,25.652,17.727,14.612,15.847,19.886,17.612,10.464,16.539,11.521,9.852,15.096,7.019,4.519,7.916,3.785,11.883,6.190,3.847,2.998,2.155,1.988,3.012,0.954,2.966,1.043,1.039,3.000,0.961,0.000,0.000,1.000,0.040,0.960,0.000,0.000,0.041,1.959
300,-2.460,2.130,1.000,1.006,1.376,1.617,1.001,1.093,3.355,2.070,5.190,1.457,2.852,4.473,2.509,3.159,2.457,6.122,6.361,5.512,5.722,8.366,4.947,7.640,5.307,5.304,9.491,5.537,5.877,8.616,7.176,3.813,6.562,9.245,7.982,8.830,12.523,7.340,6.035,11.971,14.735,13.944,11.862,22.033,18.172,17.626,18.578,13.207,17.116,23.291,20.862,25.232,29.060,28.844,22.153,23.828,28.123,33.418,32.086,25.573,27.193,29.479,31.340,30.032,31.236,28.122,26.490,34.877,34.378,30.868,35.082,45.626,41.616,47.730,54.360,51.306,62.512,68.179,67.726,96.318,90.429,94.226,108.708,115.322,126.594,129.228,134.359,166.986,195.453,189.178,195.336,198.646,231.370,308.619,389.157,398.855,433.146,408.178,486.517,525.221,576.709,693.295,821.974,907.074,1044.199,1158.393,1305.751,1519.515,1690.184,1951.905,2169.643,2373.968,2613.550,2916.653,3140.077,3464.574,3883.746,4349.094,4771.167,5359.248,5858.529,6402.449,7183.820,8133.896,9234.933,10846.782,12475.861,13822.557,15298.938,16144.859,17501.863,19902.832,24648.475,29086.746,29669.447,29849.098,29806.273,29681.035,31060.652,31114.389,30107.604,30888.203,33514.547,37732.508,40692.562,35900.336,28790.990,23110.414,19153.852,16379.165,14457.992,12753.302,11128.311,9938.403,8844.541,8406.028,7586.902,6608.660,5938.414,5196.175,4831.010,4588.481,3906.093,3524.437,3256.858,2850.440,2664.195,2182.964,1799.647,1621.120,1483.756,1315.441,1180.470,1050.771,938.896,848.292,789.808,676.954,591.969,555.610,452.757,399.882,374.810,318.104,270.478,241.449,200.367,183.123,179.330,168.159,146.244,137.768,115.508,120.710,106.647,103.862,108.678,84.302,84.647,95.250,102.097,99.241,80.792,73.899,66.743,63.890,45.722,44.851,42.766,27.917,27.326,31.370,32.239,30.135,25.585,20.421,25.403,19.213,16.965,23.164,24.803,23.890,24.826,18.568,19.635,24.077,23.502,21.694,21.983,21.264,13.784,21.821,20.512,23.176,19.210,16.092,23.222,24.510,24.662,14.362,14.121,23.049,12.659,12.798,11.890,8.967,4.288,4.840,6.938,3.649,2.765,5.176,4.219,2.212,1.434,1.579,0.000,1.000
301,-1.674,1.949,1.000,0.000,1.000,2.021,1.005,0.969,1.087,7.019,5.132,1.767,5.127,5.209,6.757,9.209,7.049,13.365,15.508,9.311,11.368,15.314,11.689,17.948,15.320,13.154,24.199,28.094,27.621,23.212,17.056,22.041,16.031,19.024,17.519,18.917,17.474,18.831,27.120,21.285,14.668,17.742,16.774,27.548,38.004,31.799,33.181,50.137,29.423,40.572,48.868,35.405,36.254,65.470,62.286,43.161,46.938,65.142,71.024,75.702,68.091,113.330,85.368,121.369,122.407,155.605,163.427,203.215,231.267,264.512,328.527,362.321,382.942,466.460,551.612,606.759,681.153,754.661,903.983,1038.777,1158.059,1375.830,1454.556,1685.589,1855.989,1998.026,2190.341,2356.479,2603.853,2943.829,3218.547,3538.005,3960.848,4292.456,4734.704,5216.095,5590.453,6172.191,6623.775,7334.228,8040.772,8836.014,9642.293,10342.121,11343.424,12185.739,12870.933,13901.837,14835.088,15320.380,15992.525,16470.672,16882.098,17476.641,17506.652,17808.109,18185.500,18266.320,18599.336,18708.262,19460.492,20125.973,20610.729,20971.092,21113.953,20467.141,20224.064,19182.414,18531.746,18240.887,17776.969,16868.211,16693.107,16126.064,15787.706,15055.313,14362.814,13726.504,13004.785,12338.812,11568.479,10979.229,9966.766,9447.306,8645.257,7999.695,7401.704,6820.759,6028.857,5508.915,5137.633,4612.422,4232.787,3860.766,3501.061,3153.572,2987.471,2725.508,2435.525,2166.094,1972.857,1720.195,1547.166,1446.782,1289.384,1156.709,1106.342,1023.253,949.539,883.305,796.190,742.960,628.776,529.516,500.098,457.568,389.959,372.072,353.977,335.282,295.514,302.919,263.594,285.374,226.327,198.432,211.013,159.433,166.445,124.238,127.013,102.389,76.014,73.149,45.049,55.233,46.620,36.094,39.915,41.382,36.605,22.696,27.971,24.983,34.730,31.788,30.222,25.510,17.906,15.826,11.560,17.313,19.213,17.095,18.579,16.734,15.663,12.996,14.192,12.290,10.971,13.791,4.448,4.842,8.364,3.465,2.966,15.031,9.882,5.728,7.907,8.843,4.879,9.182,2.711,8.904,1.818,2.348,6.205,6.900,2.389,5.709,4.783,4.924,7.300,3.615,2.236,4.088,3.330,5.466,3.373,4.942,1.728,0.055,2.000,1.664,1.336,1.000
302,-0.167,1.949,5.405,25.834,57.706,79.588,131.529,109.511,121.046,196.605,273.419,370.126,697.918,1602.738,3460.943,7389.314,13382.010,23506.801,39821.848,64724.531,90239.375,100195.922,39343.375,12014.401,11809.500,12074.542,12081.157,12310.045,12242.850,12296.614,12228.743,11880.932,11920.242,11638.721,11196.725,11005.746,10763.264,10783.025,10539.262,10513.579,10081.915,9888.183,9794.229,9688.745,9489.492,9320.776,9334.904,8961.404,8771.555,8498.380,8290.046,7984.612,7853.342,7603.302,7348.095,7092.057,6860.042,6681.755,6470.718,5984.071,5756.645,5622.486,5391.407,5168.820,4887.575,4623.392,4488.698,4214.561,4092.184,3786.390,3515.377,3296.148,3199.887,3075.212,2928.750,2704.294,2588.258,2457.482,2340.630,2215.569,2048.922,2024.665,1803.367,1782.448,1742.656,1646.964,1524.583,1437.678,1374.755,1233.026,1175.010,1138.500,986.299,1000.469,906.297,893.073,794.483,784.773,720.209,684.520,666.841,641.899,615.672,581.245,578.508,514.662,496.077,539.036,447.662,419.371,418.109,385.055,348.514,288.888,301.169,275.666,268.497,268.154,217.913,226.229,216.036,208.573,198.018,195.344,199.966,165.542,171.140,173.771,157.755,159.964,155.801,143.540,133.302,112.629,121.511,120.940,115.621,94.050,89.712,95.571,76.695,71.152,76.599,65.157,53.052,43.889,44.052,44.418,34.099,23.147,36.279,32.253,26.192,24.251,21.546,25.979,19.250,19.183,27.184,24.025,13.324,15.722,14.578,18.555,15.648,11.029,20.736,25.522,16.196,16.055,16.980,16.032,10.479,11.403,12.355,5.186,9.602,4.173,11.838,15.647,8.544,10.078,10.219,11.434,8.914,9.517,9.601,8.533,6.066,10.310,8.611,5.535,6.899,5.358,7.267,8.173,5.872,2.479,1.674,6.968,3.572,2.478,1.277,3.072,1.837,7.462,6.836,8.385,3.331,2.157,5.883,4.592,5.384,2.140,3.711,4.896,5.312,1.905,3.006,3.941,4.226,0.834,2.163,0.006,4.008,4.892,3.148,3.737,1.211,4.003,1.000,3.067,2.902,1.565,4.519,4.084,1.709,3.268,0.946,2.893,1.193,3.132,1.686,4.036,0.000,3.192,3.985,1.801,1.021,0.000,0.000,2.000,0.000,1.000,0.559,1.441,0.000,1.000
303,-0.167,1.949,5.405,25.834,57.706,79.588,131.529,109.511,121.055,196.905,282.063,436.634,890.562,2072.033,4406.134,9668.775,19163.844,34988.984,59038.160,95446.594,135902.875,163305.453,68612.578,21461.355,21068.018,21536.855,21957.734,22516.613,22762.697,22920.723,22904.000,22939.977,23320.879,23484.637,23419.523,23537.711,23767.146,24337.287,24047.887,24413.824,24244.703,24226.414,24099.090,24007.793,23943.939,23588.684,23460.582,22944.373,22794.475,22317.904,22196.012,21520.453,21135.115,20539.070,19893.822,19230.633,18574.621,17889.627,17546.834,16688.828,15934.582,15305.702,14633.399,14244.589,13379.452,12682.740,11954.318,11476.752,11100.132,10594.228,10139.952,9753.579,9400.895,8910.663,8609.693,8156.977,7770.130,7480.288,7179.078,6738.893,6376.244,6073.126,5634.543,5512.104,5234.915,4942.531,4626.176,4364.456,4075.214,3782.379,3522.565,3314.752,3014.172,2856.392,2570.076,2454.862,2164.864,1967.234,1778.535,1716.689,1558.337,1421.429,1319.073,1227.580,1151.117,1048.384,935.229,935.261,818.406,777.093,674.995,610.764,553.534,470.884,444.676,392.420,354.670,370.199,296.626,288.945,259.340,249.212,223.498,231.286,229.439,193.084,187.351,196.203,177.929,173.745,164.378,148.525,139.138,117.818,127.364,125.645,120.900,96.309,93.122,97.877,77.695,71.550,78.838,65.479,53.092,43.889,44.052,44.734,34.784,23.147,36.279,32.253,26.192,24.251,21.546,25.979,19.250,19.183,27.184,24.025,13.324,15.722,14.578,18.555,15.648,11.029,20.736,25.522,16.196,16.055,16.980,16.032,10.479,11.403,12.355,5.186,9.602,4.173,11.838,15.647,8.544,10.078,10.219,11.434,8.914,9.517,9.601,8.533,6.066,10.310,8.611,5.535,6.899,5.358,7.267,8.173,5.872,2.479,1.674,6.968,3.572,2.478,1.277,3.072,1.837,7.462,6.836,8.385,3.331,2.157,5.883,4.592,5.384,2.140,3.711,4.896,5.312,1.905,3.006,3.941,4.226,0.834,2.163,0.006,4.008,4.892,3.148,3.737,1.211,4.003,1.000,3.067,2.902,1.565,4.519,4.084,1.709,3.268,0.946,2.893,1.193,3.132,1.686,4.036,0.000,3.192,3.985,1.801,1.021,0.000,0.000,2.000,0.000,1.000,0.559,1.441,0.000,1.000
304,-0.167,1.949,5.405,25.834,57.706,79.588,131.529,109.511,121.055,196.905,282.063,436.634,890.562,2072.033,4406.134,9668.775,19163.844,34988.984,59038.160,95446.594,135902.875,163305.453,68612.578,21461.355,21068.018,21536.855,21957.734,22516.613,22762.697,22920.723,22904.000,22939.977,23320.879,23484.637,23419.523,23537.711,23767.146,24337.287,24047.887,24413.824,24244.703,24226.414,24099.090,24007.793,23943.939,23588.684,23460.582,22944.373,22794.475,22317.904,22196.012,21520.453,21135.115,20539.070,19893.822,19230.633,18574.621,17889.627,17546.834,16688.828,15934.582,15305.702,14633.399,14244.589,13379.452,12682.740,11954.318,11476.752,11100.132,10594.228,10139.952,9753.579,9400.895,8910.663,8609.693,8156.977,7770.130,7480.288,7179.078,6738.893,6376.244,6073.126,5634.543,5512.104,5234.915,4942.531,4626.176,4364.456,4075.214,3782.379,3522.565,3314.752,3014.172,2856.392,2570.076,2454.862,2164.864,1967.234,1778.535,1716.689,1558.337,1421.429,1319.073,1227.580,1151.117,1048.384,935.229,935.261,818.406,777.093,674.995,610.764,553.534,470.884,444.676,392.420,354.670,370.199,296.626,288.945,259.340,249.212,223.498,231.286,229.439,193.084,187.351,196.203,177.929,173.745,164.378,148.525,139.138,117.818,127.364,125.645,120.900,96.309,93.122,97.877,77.695,71.550,78.838,65.479,53.092,43.889,44.052,44.734,34.784,23.147,36.279,32.253,26.192,24.251,21.546,25.979,19.250,19.183,27.184,24.025,13.324,15.722,14.578,18.555,15.648,11.029,20.736,25.522,16.196,16.055,16.980,16.032,10.479,11.403,12.355,5.186,9.602,4.173,11.838,15.647,8.544,10.078,10.219,11.434,8.914,9.517,9.601,8.533,6.066,10.310,8.611,5.535,6.899,5.358,7.267,8.173,5.872,2.479,1.674,6.968,3.572,2.478,1.277,3.072,1.837,7.462,6.836,8.385,3.331,2.157,5.883,4.592,5.384,2.140,3.711,4.896,5.312,1.905,3.006,3.941,4.226,0.834,2.163,0.006,4.008,4.892,3.148,3.737,1.211,4.003,1.000,3.067,2.902,1.565,4.519,4.084,1.709,3.268,0.946,2.893,1.193,3.132,1.686,4.036,0.000,3.192,3.985,1.801,1.021,0.000,0.000,2.000,0.000,1.000,0.559,1.441,0.000,1.000
305,-0.167,1.949,5.405,25.834,57.706,79.588,131.529,109.511,121.055,196.905,282.063,436.634,890.562,2072.033,4406.134,9668.775,19163.844,34988.984,59038.160,95446.594,135902.875,163305.453,68612.578,21461.355,21068.018,21536.855,21957.734,22516.613,22762.697,22920.723,22904.000,22939.977,23320.879,23484.637,23419.523,23537.711,23767.146,24337.287,24047.887,24413.824,24244.703,24226.414,24099.090,24007.793,23943.939,23588.684,23460.582,22944.373,22794.475,22317.904,22196.012,21520.453,21135.115,20539.070,19893.822,19230.633,18574.621,17889.627,17546.834,16688.828,15934.582,15305.702,14633.399,14244.589,13379.452,12682.740,11954.318,11476.752,11100.132,10594.228,10139.952,9753.579,9400.895,8910.663,8609.693,8156.977,7770.130,7480.288,7179.078,6738.893,6376.244,6073.126,5634.543,5512.104,5234.915,4942.531,4626.176,4364.456,4075.214,3782.379,3522.565,3314.752,3014.172,2856.392,2570.076,2454.862,2164.864,1967.234,1778.535,1716.689,1558.337,1421.429,1319.073,1227.580,1151.117,1048.384,935.229,935.261,818.406,777.093,674.995,610.764,553.534,470.884,444.676,392.420,354.670,370.199,296.626,288.945,259.340,249.212,223.498,231.286,229.439,193.084,187.351,196.203,177.929,173.745,164.378,148.525,139.138,117.818,127.364,125.645,120.900,96.309,93.122,97.877,77.695,71.550,78.838,65.479,53.092,43.889,44.052,44.734,34.784,23.147,36.279,32.253,26.192,24.251,21.546,25.979,19.250,19.183,27.184,24.025,13.324,15.722,14.578,18.555,15.648,11.029,20.736,25.522,16.196,16.055,16.980,16.032,10.479,11.403,12.355,5.186,9.602,4.173,11.838,15.647,8.544,10.078,10.219,11.434,8.914,9.517,9.601,8.533,6.066,10.310,8.611,5.535,6.899,5.358,7.267,8.173,5.872,2.479,1.674,6.968,3.572,2.478,1.277,3.072,1.837,7.462,6.836,8.385,3.331,2.157,5.883,4.592,5.384,2.140,3.711,4.896,5.312,1.905,3.006,3.941,4.226,0.834,2.163,0.006,4.008,4.892,3.148,3.737,1.211,4.003,1.000,3.067,2.902,1.565,4.519,4.084,1.709,3.268,0.946,2.893,1.193,3.132,1.686,4.036,0.000,3.192,3.985,1.801,1.021,0.000,0.000,2.000,0.000,1.000,0.559,1.441,0.000,1.000
306,-0.167,1.949,5.405,25.834,57.706,79.588,131.529,109.511,121.055,196.905,282.063,436.634,890.562,2072.033,4406.134,9668.775,19163.844,34988.984,59038.160,95446.594,135902.875,163305.453,68612.578,21461.355,21068.018,21536.855,21957.734,22516.613,22762.697,22920.723,22904.000,22939.977,23320.879,23484.637,23419.523,23537.711,23767.146,24337.287,24047.887,24413.824,24244.703,24226.414,24099.090,24007.793,23943.939,23588.684,23460.582,22944.373,22794.475,22317.904,22196.012,21520.453,21135.115,20539.070,19893.822,19230.633,18574.621,17889.627,17546.834,16688.828,15934.582,15305.702,14633.399,14244.589,13379.452,12682.740,11954.318,11476.752,11100.132,10594.228,10139.952,9753.579,9400.895,8910.663,8609.693,8156.977,7770.130,7480.288,7179.078,6738.893,6376.244,6073.126,5634.543,5512.104,5234.915,4942.531,4626.176,4364.456,4075.214,3782.379,3522.565,3314.752,3014.172,2856.392,2570.076,2454.862,2164.864,1967.234,1778.535,1716.689,1558.337,1421.429,1319.073,1227.580,1151.117,1048.384,935.229,935.261,818.406,777.093,674.995,610.764,553.534,470.884,444.676,392.420,354.670,370.199,296.626,288.945,259.340,249.212,223.498,231.286,229.439,193.084,187.351,196.203,177.929,173.745,164.378,148.525,139.138,117.818,127.364,125.645,120.900,96.309,93.122,97.877,77.695,71.550,78.838,65.479,53.092,43.889,44.052,44.734,34.784,23.147,36.279,32.253,26.192,24.251,21.546,25.979,19.250,19.183,27.184,24.025,13.324,15.722,14.578,18.555,15.648,11.029,20.736,25.522,16.196,16.055,16.980,16.032,10.479,11.403,12.355,5.186,9.602,4.173,11.838,15.647,8.544,10.078,10.219,11.434,8.914,9.517,9.601,8.533,6.066,10.310,8.611,5.535,6.899,5.358,7.267,8.173,5.872,2.479,1.674,6.968,3.572,2.478,1.277,3.072,1.837,7.462,6.836,8.385,3.331,2.157,5.883,4.592,5.384,2.140,3.711,4.896,5.312,1.905,3.006,3.941,4.226,0.834,2.163,0.006,4.008,4.892,3.148,3.737,1.211,4.003,1.000,3.067,2.902,1.565,4.519,4.084,1.709,3.268,0.946,2.893,1.193,3.132,1.686,4.036,0.000,3.192,3.985,1.801,1.021,0.000,0.000,2.000,0.000,1.000,0.559,1.441,0.000,1.000
307,-0.167,1.949,5.405,25.834,57.706,79.588,131.529,109.511,121.055,196.905,282.063,436.634,890.562,2072.033,4406.134,9668.775,19163.844,34988.984,59038.160,95446.594,135902.875,163305.453,68612.578,21461.355,21068.018,21536.855,21957.734,22516.613,22762.697,22920.723,22904.000,22939.977,23320.879,23484.637,23419.523,23537.711,23767.146,24337.287,24047.887,24413.824,24244.703,24226.414,24099.090,24007.793,23943.939,23588.684,23460.582,22944.373,22794.475,22317.904,22196.012,21520.453,21135.115,20539.070,19893.822,19230.633,18574.621,17889.627,17546.834,16688.828,15934.582,15305.702,14633.399,14244.589,13379.452,12682.740,11954.318,11476.752,11100.132,10594.228,10139.952,9753.579,9400.895,8910.663,8609.693,8156.977,7770.130,7480.288,7179.078,6738.893,6376.244,6073.126,5634.543,5512.104,5234.915,4942.531,4626.176,4364.456,4075.214,3782.379,3522.565,3314.752,3014.172,2856.392,2570.076,2454.862,2164.864,1967.234,1778.535,1716.689,1558.337,1421.429,1319.073,1227.580,1151.117,1048.384,935.229,935.261,818.406,777.093,674.995,610.764,553.534,470.884,444.676,392.420,354.670,370.199,296.626,288.945,259.340,249.212,223.498,231.286,229.439,193.084,187.351,196.203,177.929,173.745,164.378,148.525,139.138,117.818,127.364,125.645,120.900,96.309,93.122,97.877,77.695,71.550,78.838,65.479,53.092,43.889,44.052,44.734,34.784,23.147,36.279,32.253,26.192,24.251,21.546,25.979,19.250,19.183,27.184,24.025,13.324,15.722,14.578,18.555,15.648,11.029,20.736,25.522,16.196,16.055,16.980,16.032,10.479,11.403,12.355,5.186,9.602,4.173,11.838,15.647,8.544,10.078,10.219,11.434,8.914,9.517,9.601,8.533,6.066,10.310,8.611,5.535,6.899,5.358,7.267,8.173,5.872,2.479,1.674,6.968,3.572,2.478,1.277,3.072,1.837,7.462,6.836,8.385,3.331,2.157,5.883,4.592,5.384,2.140,3.711,4.896,5.312,1.905,3.006,3.941,4.226,0.834,2.163,0.006,4.008,4.892,3.148,3.737,1.211,4.003,1.000,3.067,2.902,1.565,4.519,4.084,1.709,3.268,0.946,2.893,1.193,3.132,1.686,4.036,0.000,3.192,3.985,1.801,1.021,0.000,0.000,2.000,0.000,1.000,0.559,1.441,0.000,1.000
308,-0.101,1.134,1.000,3.612,10.884,38.501,92.401,164.610,298.141,531.180,773.626,1137.156,1755.086,2528.684,3603.250,5073.189,7316.881,11609.670,18317.547,25385.729,31450.287,37982.992,38529.820,7641.579,5541.675,5709.395,6035.496,6107.534,6234.893,6440.504,6772.221,6819.257,6878.125,7109.719,7162.895,7298.096,7357.380,7291.767,7498.227,7571.182,7663.804,7624.206,7751.919,7732.268,7749.493,7765.854,7832.348,7848.703,8155.180,8121.436,8093.801,8046.934,7982.945,7945.259,8019.416,7998.914,7962.109,7969.769,8102.771,8096.769,7859.271,8183.033,7969.456,7985.397,8110.706,7881.600,7985.298,7964.635,7826.258,7896.671,7798.517,7801.278,7690.540,7658.236,7712.474,7356.684,7582.638,7357.668,7168.330,7086.917,6869.933,6925.423,6619.001,6628.217,6553.041,6468.157,6217.869,6051.259,5891.419,5839.381,5553.355,5494.463,5483.301,5375.616,5171.654,5027.575,4855.208,4741.470,4616.417,4495.895,4301.240,4354.082,4168.366,4184.125,3940.569,4021.267,3845.227,3841.099,3760.670,3660.989,3562.815,3285.333,3471.697,3310.868,3206.938,3117.198,2945.197,3017.201,2868.810,2865.262,2820.829,2553.264,2574.576,2464.399,2440.018,2253.159,2253.009,2145.274,2061.733,2017.490,1965.281,1920.302,1804.185,1760.564,1664.623,1632.282,1516.890,1418.935,1365.260,1291.748,1259.374,1196.430,1108.486,1090.920,1072.457,919.769,911.783,882.098,829.452,764.636,732.254,659.305,678.517,630.831,543.620,557.435,511.520,512.610,457.840,415.833,410.882,354.024,360.337,338.958,330.074,310.369,269.386,270.435,224.683,226.109,211.569,203.742,202.202,171.017,170.111,149.710,145.383,118.724,122.448,109.969,103.022,90.685,82.374,79.771,87.801,68.627,76.786,62.968,40.072,59.493,57.419,63.494,46.444,42.524,39.664,32.244,31.917,31.118,37.870,22.705,20.200,30.622,31.909,28.347,25.914,32.600,21.550,30.365,20.359,24.702,14.843,13.270,8.230,10.266,9.730,13.939,22.542,8.061,11.328,7.908,7.208,7.566,5.113,6.173,5.256,8.216,3.000,4.000,4.810,1.561,3.384,4.806,1.358,1.075,1.006,1.000,0.000,1.000,1.875,0.125,2.800,0.187,0.012,1.000,1.000,0.921,0.079,0.000,0.000,0.000,0.000,0.000,0.000,0.000,0.000,0.000,0.000,1.000
309,-0.101,1.134,1.000,3.612,10.884,38.501,92.401,164.610,298.141,531.180,773.626,1137.156,1755.086,2528.684,3603.250,5073.189,7316.881,11609.670,18317.547,25385.729,31450.287,37982.992,38529.820,7641.579,5541.675,5709.395,6035.496,6107.534,6234.893,6440.504,6772.221,6819.257,6878.125,7109.719,7162.895,7298.096,7357.380,7291.767,7498.227,7571.182,7663.804,7624.206,7751.919,7732.268,7749.493,7765.854,7832.348,7848.703,8155.180,8121.436,8093.801,8046.934,7982.945,7945.259,8019.416,7998.914,7962.109,7969.769,8102.771,8096.769,7859.271,8183.033,7969.456,7985.397,8110.706,7881.600,7985.298,7964.635,7826.258,7896.671,7798.517,7801.278,7690.540,7658.236,7712.474,7356.684,7582.638,7357.668,7168.330,7086.917,6869.933,6925.423,6619.001,6628.217,6553.041,6468.157,6217.869,6051.259,5891.419,5839.381,5553.355,5494.463,5483.301,5375.616,5171.654,5027.575,4855.208,4741.470,4616.417,4495.895,4301.240,4354.082,4168.366,4184.125,3940.569,4021.267,3845.227,3841.099,3760.670,3660.989,3562.815,3285.333,3471.697,3310.868,3206.938,3117.198,2945.197,3017.201,2868.810,2865.262,2820.829,2553.264,2574.576,2464.399,2440.018,2253.159,2253.009,2145.274,2061.733,2017.490,1965.281,1920.302,1804.185,1760.564,1664.623,1632.282,1516.890,1418.935,1365.260,1291.748,1259.374,1196.430,1108.486,1090.920,1072.457,919.769,911.783,882.098,829.452,764.636,732.254,659.305,678.517,630.831,543.620,557.435,511.520,512.610,457.840,415.833,410.882,354.024,360.337,338.958,330.074,310.369,269.386,270.435,224.683,226.109,211.569,203.742,202.202,171.017,170.111,149.710,145.383,118.724,122.448,109.969,103.022,90.685,82.374,79.771,87.801,68.627,76.786,62.968,40.072,59.493,57.419,63.494,46.444,42.524,39.664,32.244,31.917,31.118,37.870,22.705,20.200,30.622,31.909,28.347,25.914,32.600,21.550,30.365,20.359,24.702,14.843,13.270,8.230,10.266,9.730,13.939,22.542,8.061,11.328,7.908,7.208,7.566,5.113,6.173,5.256,8.216,3.000,4.000,4.810,1.561,3.384,4.806,1.358,1.075,1.006,1.000,0.000,1.000,1.875,0.125,2.800,0.187,0.012,1.000,1.000,0.921,0.079,0.000,0.000,0.000,0.000,0.000,0.000,0.000,0.000,0.000,0.000,1.000
310,-0.167,1.949,5.405,25.834,57.706,79.588,131.529,109.511,121.055,196.782,278.630,413.381,759.040,1700.570,3488.218,7794.935,15451.250,28142.598,46221.977,68156.664,88977.422,99791.453,38384.656,11445.449,10790.651,10807.919,10555.066,10757.383,10677.091,10491.623,10301.154,10152.141,10178.033,10326.031,10200.210,10142.154,10347.485,10338.371,10281.584,10613.297,10563.884,10529.274,10343.367,10167.528,10210.569,9966.322,9700.785,9324.592,9190.965,8882.159,8807.072,8410.283,8115.227,7779.287,7396.679,7197.163,6855.876,6565.733,6407.264,6022.588,5802.542,5573.985,5204.467,5067.097,4737.396,4432.585,4124.021,3957.861,3873.286,3548.258,3370.270,3199.922,3030.617,2963.334,2768.339,2593.404,2527.601,2387.766,2290.629,2106.608,2010.050,1915.700,1832.396,1852.311,1743.043,1677.613,1568.703,1518.498,1477.902,1359.199,1349.431,1288.614,1128.939,1133.088,1020.423,1009.107,894.549,810.995,746.499,742.424,691.052,647.400,623.848,613.611,571.743,522.983,491.505,531.808,467.658,426.721,393.767,354.688,336.121,284.084,269.848,249.544,221.000,240.955,197.624,199.058,155.633,174.359,159.935,173.672,172.027,152.294,140.083,146.574,127.169,129.394,122.071,117.767,119.994,100.458,105.781,97.088,103.714,85.170,82.244,86.466,67.779,63.014,74.895,59.043,50.281,41.644,43.023,42.418,33.921,20.642,34.995,30.993,25.644,24.026,21.546,25.979,19.250,19.183,26.941,23.523,13.092,15.699,14.578,18.555,15.648,11.029,20.736,25.522,16.196,16.055,16.980,16.032,10.479,11.403,12.355,5.186,9.602,4.173,11.838,15.647,8.544,10.078,10.219,11.434,8.914,9.517,9.601,8.533,6.066,10.310,8.611,5.535,6.899,5.358,7.267,8.173,5.872,2.479,1.674,6.968,3.572,2.478,1.277,3.072,1.837,7.462,6.836,8.385,3.331,2.157,5.883,4.592,5.384,2.140,3.711,4.896,5.312,1.905,3.006,3.941,4.226,0.834,2.163,0.006,4.008,4.892,3.148,3.737,1.211,4.003,1.000,3.067,2.902,1.565,4.519,4.084,1.709,3.268,0.946,2.893,1.193,3.132,1.686,4.036,0.000,3.192,3.985,1.801,1.021,0.000,0.000,2.000,0.000,1.000,0.559,1.441,0.000,1.000
311,-0.167,1.949,5.405,25.834,57.706,79.588,131.529,109.511,121.055,196.782,278.630,413.381,759.040,1700.570,3488.218,7794.935,15451.250,28142.598,46221.977,68156.664,88977.422,99791.453,38384.656,11445.449,10790.651,10807.919,10555.066,10757.383,10677.091,10491.623,10301.154,10152.141,10178.033,10326.031,10200.210,10142.154,10347.485,10338.371,10281.584,10613.297,10563.884,10529.274,10343.367,10167.528,10210.569,9966.322,9700.785,9324.592,9190.965,8882.159,8807.072,8410.283,8115.227,7779.287,7396.679,7197.163,6855.876,6565.733,6407.264,6022.588,5802.542,5573.985,5204.467,5067.097,4737.396,4432.585,4124.021,3957.861,3873.286,3548.258,3370.270,3199.922,3030.617,2963.334,2768.339,2593.404,2527.601,2387.766,2290.629,2106.608,2010.050,1915.700,1832.396,1852.311,1743.043,1677.613,1568.703,1518.498,1477.902,1359.199,1349.431,1288.614,1128.939,1133.088,1020.423,1009.107,894.549,810.995,746.499,742.424,691.052,647.400,623.848,613.611,571.743,522.983,491.505,531.808,467.658,426.721,393.767,354.688,336.121,284.084,269.848,249.544,221.000,240.955,197.624,199.058,155.633,174.359,159.935,173.672,172.027,152.294,140.083,146.574,127.169,129.394,122.071,117.767,119.994,100.458,105.781,97.088,103.714,85.170,82.244,86.466,67.779,63.014,74.895,59.043,50.281,41.644,43.023,42.418,33.921,20.642,34.995,30.993,25.644,24.026,21.546,25.979,19.250,19.183,26.941,23.523,13.092,15.699,14.578,18.555,15.648,11.029,20.736,25.522,16.196,16.055,16.980,16.032,10.479,11.403,12.355,5.186,9.602,4.173,11.838,15.647,8.544,10.078,10.219,11.434,8.914,9.517,9.601,8.533,6.066,10.310,8.611,5.535,6.899,5.358,7.267,8.173,5.872,2.479,1.674,6.968,3.572,2.478,1.277,3.072,1.837,7.462,6.836,8.385,3.331,2.157,5.883,4.592,5.384,2.140,3.711,4.896,5.312,1.905,3.006,3.941,4.226,0.834,2.163,0.006,4.008,4.892,3.148,3.737,1.211,4.003,1.000,3.067,2.902,1.565,4.519,4.084,1.709,3.268,0.946,2.893,1.193,3.132,1.686,4.036,0.000,3.192,3.985,1.801,1.021,0.000,0.000,2.000,0.000,1.000,0.559,1.441,0.000,1.000
312,-0.662,0.972,1.000,0.000,1.000,1.000,1.000,1.000,1.674,0.910,4.251,2.166,3.059,3.941,2.000,1.044,9.040,8.199,8.991,7.238,5.809,12.626,18.137,16.394,21.512,22.931,34.315,33.700,50.761,42.677,45.356,67.533,72.592,79.243,101.186,114.596,142.807,165.200,176.134,217.086,220.208,237.781,263.333,338.580,306.929,403.125,386.242,492.007,552.494,611.228,690.062,791.913,796.962,938.779,1050.714,1103.253,1256.929,1426.540,1565.144,1655.205,1798.557,1925.447,2174.635,2290.621,2524.193,2788.201,2893.263,3160.336,3400.886,3581.884,3868.923,4068.008,4428.072,4621.926,5034.211,5307.460,5523.252,5760.576,6074.694,6103.303,6323.716,6638.549,6854.624,7009.667,7146.425,7481.813,7576.534,7813.519,8250.816,8167.904,8594.418,8864.447,8997.006,9437.667,9316.103,9685.154,9743.912,9875.295,10076.107,10522.389,10519.239,10517.761,10729.725,10881.569,10895.070,11146.771,11066.467,11071.250,11144.111,11287.549,11501.721,11732.151,11782.998,12533.088,12775.203,12973.196,13611.982,13781.980,13989.505,14191.655,14604.934,14669.683,15006.090,15221.914,15331.921,15605.227,15589.259,15335.354,15257.624,14770.420,14460.940,14071.054,13167.824,12865.415,11947.719,11197.738,10512.133,9962.867,8995.822,8645.508,7785.555,7355.922,6833.232,6323.551,6188.473,5666.350,5107.057,4716.875,4405.487,4169.575,3878.222,3694.411,3373.029,3180.648,2895.963,2623.146,2293.936,2041.770,1824.547,1553.500,1345.109,1198.618,998.855,918.369,853.338,726.161,609.566,607.446,515.228,440.037,376.464,325.875,259.003,229.593,212.556,178.636,129.701,126.962,96.165,58.231,61.612,33.580,27.743,29.070,10.925,9.546,5.615,5.482,3.570,5.508,5.795,4.140,3.803,1.045,2.954,3.466,1.252,0.034,1.969,4.031,0.000,0.000,2.354,0.646,1.000,0.000,0.739,0.261,1.931,1.069,0.000,0.220,0.780,1.000,0.000,0.000,0.000,0.000,1.000,0.000,0.000,0.000,0.000,0.000,0.000,0.000,0.000,0.761,0.239,0.000,0.000,2.000,1.000,0.000,0.435,0.565,0.000,0.000,0.000,1.000,1.000,0.000,0.000,0.000,0.000,0.000,0.000,0.000,0.000,0.000,0.000,0.000,0.000,0.000,0.000,0.000,0.000,1.000
313,-0.066,0.972,5.582,16.802,46.692,136.528,382.791,971.446,1959.167,4135.166,7833.578,13674.627,21803.660,32439.223,41812.207,50389.789,59378.766,64797.227,28539.617,7520.162,7195.406,6925.118,7090.561,7144.892,7171.719,7315.746,7314.174,7507.863,7446.218,7536.551,7977.312,8015.674,8219.021,8138.764,8572.584,8660.259,8653.515,8778.293,9000.025,8921.414,9226.830,9199.268,9309.087,9293.090,9564.152,9597.021,9674.596,9719.363,9740.882,9902.381,9995.065,9995.651,9710.682,9685.039,9697.539,9395.164,9246.211,9160.585,9057.648,8726.594,8365.695,8247.751,8049.410,7554.421,7396.238,6930.732,6677.010,6539.292,6308.750,5923.934,5586.214,5435.686,5091.626,4811.433,4725.019,4467.478,4335.820,4104.461,3975.389,3852.849,3655.109,3519.292,3219.146,3052.106,2915.367,2840.103,2670.108,2647.753,2520.504,2376.842,2352.876,2143.840,2127.562,2022.805,1950.023,1731.963,1736.272,1562.953,1369.073,1352.784,1221.185,1145.542,1025.650,934.102,842.850,816.820,741.114,637.072,576.658,586.669,554.845,517.490,455.913,387.982,388.869,386.070,335.151,331.916,282.991,260.665,228.463,205.178,200.862,168.385,152.898,126.508,136.914,134.433,96.663,82.166,83.616,82.127,63.180,62.189,34.008,33.301,34.307,19.768,18.239,19.761,24.418,7.200,6.190,6.186,6.528,3.339,4.634,1.778,2.253,3.054,4.502,3.510,2.442,3.192,1.281,2.778,0.297,1.609,1.950,3.042,1.312,0.082,0.006,0.000,1.152,2.473,2.375,0.000,0.000,0.000,1.115,1.885,0.000,0.000,1.000,0.000,0.077,0.923,0.000,1.000,0.719,0.281,1.000,0.000,0.000,0.521,0.479,1.000,0.000,0.000,0.000,0.000,0.000,0.000,0.000,1.000,0.000,0.000,0.000,0.000,0.000,0.000,0.000,0.000,0.000,0.000,0.000,0.000,0.000,0.000,0.532,0.468,0.000,0.000,0.000,1.000,1.000,1.000,0.000,0.000,0.000,0.297,0.703,0.000,0.000,0.000,0.000,0.000,1.000,0.000,0.000,1.000,0.000,0.000,0.000,0.000,0.000,0.000,0.000,0.000,0.000,0.000,0.000,0.000,0.000,0.000,0.000,0.000,0.000,0.000,0.000,0.000,0.000,0.000,0.000,0.000,0.000,1.000
314,-2.178,2.086,1.000,0.000,0.551,0.449,0.000,1.000,0.000,0.000,1.000,1.000,0.000,1.000,0.000,0.000,1.000,0.000,0.000,0.696,0.304,0.000,1.000,1.009,0.155,1.482,0.304,1.051,0.000,0.000,1.803,0.711,0.421,1.065,0.000,0.737,0.244,1.889,1.010,1.120,0.000,0.000,1.919,0.390,1.650,0.041,0.000,0.000,2.000,1.000,0.000,1.011,1.877,1.947,0.200,1.969,5.144,1.064,1.977,1.602,4.303,0.913,1.106,5.625,4.395,6.897,4.494,6.224,10.673,16.870,26.388,29.547,27.824,42.676,41.035,42.341,43.755,45.893,48.516,59.317,58.712,70.089,64.014,91.641,106.789,111.386,131.644,161.581,167.965,194.828,215.095,278.130,413.932,416.537,405.545,524.701,625.808,749.533,906.533,1030.953,1237.954,1485.997,1890.749,2308.935,2591.558,2963.037,3204.492,3540.202,3892.795,4569.438,5156.933,5788.217,6293.047,7222.516,8020.578,8871.250,9829.112,11956.883,14253.846,15382.264,17543.973,19918.971,22680.348,24009.867,24804.094,25958.344,28780.645,27170.922,26407.652,25338.143,24413.371,23525.625,23303.492,23581.990,24262.496,25051.953,27179.795,26616.609,27576.307,25869.785,24983.469,23859.158,20991.145,18567.176,17107.242,15337.695,13954.213,12229.566,11190.023,10564.767,9421.389,7656.370,6683.600,5559.182,4955.533,4367.006,3933.707,3396.170,3075.211,2774.285,2420.895,2244.468,1927.836,1785.532,1558.932,1408.297,1258.957,1061.662,942.531,822.121,735.896,629.266,572.629,488.325,449.328,410.419,380.036,329.750,303.823,253.886,219.039,219.000,180.170,171.237,149.661,118.534,97.613,87.399,73.946,66.488,47.307,41.833,40.004,36.404,21.671,25.474,17.801,12.085,10.869,8.475,10.069,8.961,1.061,3.944,4.852,4.135,1.165,1.000,1.000,1.535,2.010,1.010,2.445,0.207,1.527,2.266,3.926,2.894,0.180,1.000,0.000,0.251,0.500,0.229,0.701,0.361,0.676,0.282,0.000,0.000,1.000,0.000,0.000,0.000,0.455,0.457,0.088,0.000,0.000,0.000,0.000,1.000,0.899,0.973,0.129,0.000,1.000,0.000,0.000,0.000,0.000,0.000,1.000,2.000,0.000,0.000,0.000,2.000
315,-1.255,1.350,1.000,0.000,0.000,0.777,0.223,0.063,1.767,0.998,0.172,0.000,1.866,1.339,4.387,1.407,0.040,1.294,5.462,4.027,3.083,8.559,4.161,6.404,9.176,5.918,20.285,11.196,13.597,18.222,22.248,27.522,26.213,32.015,22.950,35.534,33.500,36.001,41.437,52.832,47.516,55.545,59.610,74.432,67.033,86.210,91.859,87.600,101.546,122.745,139.367,148.640,169.285,176.196,183.079,212.797,252.468,291.542,337.724,344.839,374.322,437.417,466.738,482.804,562.748,648.366,680.025,741.899,863.364,943.134,1009.474,1141.564,1289.715,1277.012,1385.412,1423.222,1578.650,1604.583,1774.555,1858.951,1962.852,2072.568,2183.469,2368.166,2472.476,2650.084,2782.152,2961.850,3138.065,3352.826,3617.528,3848.906,4078.321,4276.031,4878.200,5034.512,5294.126,5770.148,6062.103,6413.209,6780.771,6990.551,7372.386,7579.483,7850.215,8087.341,8391.812,8850.725,8980.901,9171.721,9521.424,9819.147,10138.860,10534.765,10888.420,11036.121,11574.377,11730.061,12074.806,12055.340,12331.154,12717.621,13033.739,13144.138,13422.014,13612.717,13835.248,13918.882,14043.896,14198.673,14249.854,14501.279,14560.512,14825.303,14911.959,15144.900,15064.521,14844.299,14764.361,14369.910,14022.840,13872.039,13553.432,13568.972,13388.674,13221.105,13104.667,12809.381,12411.648,11988.416,11554.881,11259.156,10864.952,10385.825,9778.427,9361.316,8824.030,8168.517,7655.417,7046.627,6421.381,5760.854,5245.503,4798.880,4389.344,4024.716,3715.114,3391.633,3162.647,2868.690,2607.357,2397.315,2123.370,1931.714,1804.237,1555.308,1432.203,1239.713,1077.414,928.565,843.247,700.913,573.004,493.372,445.804,360.274,327.973,293.909,291.204,207.772,169.049,135.273,150.418,136.939,100.605,94.954,93.497,88.043,68.826,57.302,41.934,42.455,50.113,38.198,33.891,38.517,27.884,18.869,18.555,12.778,13.564,12.608,15.379,5.859,4.771,9.984,7.722,3.673,3.503,4.038,1.531,4.026,4.351,2.680,3.026,1.844,2.000,1.000,1.000,1.642,1.667,1.691,3.401,2.292,2.013,1.013,1.281,0.744,1.013,4.783,3.026,2.026,2.026,0.384,0.000,1.847,0.153,0.000,0.000,0.000,0.426,0.533,0.041,0.000,0.000,0.974,0.026,1.000
316,-0.126,1.350,2.310,6.916,14.807,32.740,89.081,158.600,250.454,423.329,761.814,1392.312,2452.845,4367.037,7004.961,9977.401,13986.787,19926.762,28656.672,38837.984,48032.148,57518.336,66859.453,52541.664,14151.356,7878.141,7792.580,7849.765,7974.432,7939.089,8027.104,8055.465,8053.768,8015.400,8248.365,8309.585,8192.453,8354.395,8455.822,8482.573,8380.988,8578.197,8701.709,8522.582,8349.650,8431.151,8403.615,8321.968,8194.529,7953.122,7989.725,7869.127,7906.852,7723.130,7692.986,7628.986,7614.363,7618.302,7562.001,7501.758,7417.015,7440.335,7276.957,7135.551,7088.735,6961.503,6762.276,6622.104,6492.076,6438.093,6359.885,6080.381,6032.327,5859.944,5719.682,5504.399,5318.942,5276.178,5109.559,4825.372,4634.471,4483.676,4312.854,4082.168,3975.711,3693.704,3456.245,3278.278,3109.593,2923.349,2842.259,2674.116,2561.052,2422.785,2261.492,2191.279,2109.714,2004.790,1875.682,1807.573,1709.002,1665.932,1557.544,1483.852,1408.593,1345.051,1267.943,1177.902,1096.305,1067.653,999.631,965.902,879.311,818.575,783.624,750.832,690.265,593.712,524.577,524.086,518.925,459.243,431.852,354.607,323.387,296.437,282.899,270.989,248.828,217.807,195.046,188.631,169.266,166.200,180.422,161.066,124.557,109.685,99.952,96.365,71.758,81.062,81.686,83.432,64.308,59.114,58.487,61.620,50.668,46.883,55.218,49.730,42.947,35.010,37.617,23.971,22.140,21.816,23.759,35.463,25.458,17.920,18.144,21.378,23.107,23.430,18.822,8.788,11.816,12.687,8.010,8.015,10.294,4.867,7.021,9.722,8.925,8.270,7.115,1.850,1.257,3.172,5.268,6.904,2.726,4.359,2.487,2.317,1.692,2.004,2.154,1.002,0.147,2.714,3.946,0.330,1.873,2.868,1.268,1.741,0.259,2.000,1.000,0.000,1.000,0.000,1.000,0.000,1.890,1.002,2.002,0.105,0.899,2.806,2.103,0.192,1.908,0.092,0.913,1.087,0.000,0.000,0.922,1.002,2.076,1.857,2.143,1.866,0.134,0.937,2.882,0.181,0.000,0.000,0.000,1.951,0.049,0.000,0.000,0.000,0.000,0.000,0.000,0.000,0.000,0.285,0.698,0.017,0.000,0.000,0.000,0.000,0.000,0.991,0.009,0.000,0.000,1.000
317,-0.126,1.350,2.310,6.922,14.885,33.255,89.241,162.665,269.092,486.843,914.994,1700.780,3030.189,5335.084,8563.056,12544.835,17867.732,25792.281,37834.203,54609.160,73554.359,92340.914,111386.047,91160.922,25703.498,14586.173,14779.852,15114.911,15503.438,15775.791,16090.871,16321.371,16425.887,16556.367,16991.881,17090.674,16990.180,17342.156,17689.611,17631.484,17561.410,17817.715,17997.277,17869.535,17823.383,18151.393,18047.766,17984.947,17753.734,17490.438,17534.461,17371.648,17492.035,17317.145,17317.566,17200.242,17278.723,17148.902,17145.340,17010.168,16907.490,16925.006,16619.357,16489.656,16429.662,16179.523,15869.395,15622.129,15461.832,15237.312,15007.799,14392.887,14258.145,13894.491,13593.477,13304.758,12947.744,12638.791,12223.076,11735.080,11294.240,11089.441,10761.854,10311.809,10001.407,9489.721,9042.938,8757.812,8356.990,8036.009,7886.946,7559.183,7313.183,7120.829,6835.261,6657.155,6475.785,6117.931,5926.361,5771.460,5560.478,5349.923,5141.649,4965.559,4828.437,4682.575,4337.369,4199.616,4041.362,3810.413,3642.281,3514.657,3383.423,3177.923,3054.373,2944.081,2765.453,2595.181,2378.240,2248.130,2190.197,1961.470,1937.131,1723.958,1633.658,1556.194,1407.905,1338.300,1265.254,1181.898,1073.688,984.453,938.576,879.670,850.176,785.433,738.921,629.602,605.304,547.941,503.563,478.550,472.491,433.871,388.554,339.959,322.383,313.753,288.605,275.987,253.019,234.579,208.799,177.889,180.017,143.733,130.856,127.985,118.410,125.561,117.777,93.017,67.356,92.271,96.547,85.078,71.200,55.204,50.629,48.652,51.855,37.558,38.635,36.962,46.322,40.232,46.649,38.844,36.811,35.414,16.628,20.417,15.373,20.597,14.460,29.668,13.812,16.164,10.332,9.846,10.958,8.946,8.599,8.009,7.722,6.383,6.059,5.962,5.857,4.279,1.310,2.875,1.125,1.759,2.123,2.118,1.886,0.114,2.890,2.788,2.217,0.105,0.899,2.806,2.103,0.192,1.908,0.092,0.925,1.412,0.611,0.052,0.922,1.002,2.076,1.857,2.143,1.866,0.134,0.937,2.882,0.181,0.000,0.000,0.000,1.951,0.049,0.000,0.000,0.000,0.000,0.000,0.000,0.000,0.000,0.285,0.698,0.017,0.000,0.000,0.000,0.000,0.000,0.991,0.009,0.000,0.000,1.000
318,-0.126,1.350,2.310,6.922,14.885,33.255,89.241,162.665,269.092,486.843,914.994,1700.780,3030.189,5335.084,8563.056,12544.835,17867.732,25792.281,37834.203,54609.160,73554.359,92340.914,111386.047,91160.922,25703.498,14586.173,14779.852,15114.911,15503.438,15775.791,16090.871,16321.371,16425.887,16556.367,16991.881,17090.674,16990.180,17342.156,17689.611,17631.484,17561.410,17817.715,17997.277,17869.535,17823.383,18151.393,18047.766,17984.947,17753.734,17490.438,17534.461,17371.648,17492.035,17317.145,17317.566,17200.242,17278.723,17148.902,17145.340,17010.168,16907.490,16925.006,16619.357,16489.656,16429.662,16179.523,15869.395,15622.129,15461.832,15237.312,15007.799,14392.887,14258.145,13894.491,13593.477,13304.758,12947.744,12638.791,12223.076,11735.080,11294.240,11089.441,10761.854,10311.809,10001.407,9489.721,9042.938,8757.812,8356.990,8036.009,7886.946,7559.183,7313.183,7120.829,6835.261,6657.155,6475.785,6117.931,5926.361,5771.460,5560.478,5349.923,5141.649,4965.559,4828.437,4682.575,4337.369,4199.616,4041.362,3810.413,3642.281,3514.657,3383.423,3177.923,3054.373,2944.081,2765.453,2595.181,2378.240,2248.130,2190.197,1961.470,1937.131,1723.958,1633.658,1556.194,1407.905,1338.300,1265.254,1181.898,1073.688,984.453,938.576,879.670,850.176,785.433,738.921,629.602,605.304,547.941,503.563,478.550,472.491,433.871,388.554,339.959,322.383,313.753,288.605,275.987,253.019,234.579,208.799,177.889,180.017,143.733,130.856,127.985,118.410,125.561,117.777,93.017,67.356,92.271,96.547,85.078,71.200,55.204,50.629,48.652,51.855,37.558,38.635,36.962,46.322,40.232,46.649,38.844,36.811,35.414,16.628,20.417,15.373,20.597,14.460,29.668,13.812,16.164,10.332,9.846,10.958,8.946,8.599,8.009,7.722,6.383,6.059,5.962,5.857,4.279,1.310,2.875,1.125,1.759,2.123,2.118,1.886,0.114,2.890,2.788,2.217,0.105,0.899,2.806,2.103,0.192,1.908,0.092,0.925,1.412,0.611,0.052,0.922,1.002,2.076,1.857,2.143,1.866,0.134,0.937,2.882,0.181,0.000,0.000,0.000,1.951,0.049,0.000,0.000,0.000,0.000,0.000,0.000,0.000,0.000,0.285,0.698,0.017,0.000,0.000,0.000,0.000,0.000,0.991,0.009,0.000,0.000,1.000
319,-0.126,1.350,2.310,6.922,14.885,33.255,89.241,162.665,269.092,486.843,914.994,1700.780,3030.189,5335.084,8563.056,12544.835,17867.732,25792.281,37834.203,54609.160,73554.359,92340.914,111386.047,91160.922,25703.498,14586.173,14779.852,15114.911,15503.438,15775.791,16090.871,16321.371,16425.887,16556.367,16991.881,17090.674,16990.180,17342.156,17689.611,17631.484,17561.410,17817.715,17997.277,17869.535,17823.383,18151.393,18047.766,17984.947,17753.734,17490.438,17534.461,17371.648,17492.035,17317.145,17317.566,17200.242,17278.723,17148.902,17145.340,17010.168,16907.490,16925.006,16619.357,16489.656,16429.662,16179.523,15869.395,15622.129,15461.832,15237.312,15007.799,14392.887,14258.145,13894.491,13593.477,13304.758,12947.744,12638.791,12223.076,11735.080,11294.240,11089.441,10761.854,10311.809,10001.407,9489.721,9042.938,8757.812,8356.990,8036.009,7886.946,7559.183,7313.183,7120.829,6835.261,6657.155,6475.785,6117.931,5926.361,5771.460,5560.478,5349.923,5141.649,4965.559,4828.437,4682.575,4337.369,4199.616,4041.362,3810.413,3642.281,3514.657,3383.423,3177.923,3054.373,2944.081,2765.453,2595.181,2378.240,2248.130,2190.197,1961.470,1937.131,1723.958,1633.658,1556.194,1407.905,1338.300,1265.254,1181.898,1073.688,984.453,938.576,879.670,850.176,785.433,738.921,629.602,605.304,547.941,503.563,478.550,472.491,433.871,388.554,339.959,322.383,313.753,288.605,275.987,253.019,234.579,208.799,177.889,180.017,143.733,130.856,127.985,118.410,125.561,117.777,93.017,67.356,92.271,96.547,85.078,71.200,55.204,50.629,48.652,51.855,37.558,38.635,36.962,46.322,40.232,46.649,38.844,36.811,35.414,16.628,20.417,15.373,20.597,14.460,29.668,13.812,16.164,10.332,9.846,10.958,8.946,8.599,8.009,7.722,6.383,6.059,5.962,5.857,4.279,1.310,2.875,1.125,1.759,2.123,2.118,1.886,0.114,2.890,2.788,2.217,0.105,0.899,2.806,2.103,0.192,1.908,0.092,0.925,1.412,0.611,0.052,0.922,1.002,2.076,1.857,2.143,1.866,0.134,0.937,2.882,0.181,0.000,0.000,0.000,1.951,0.049,0.000,0.000,0.000,0.000,0.000,0.000,0.000,0.000,0.285,0.698,0.017,0.000,0.000,0.000,0.000,0.000,0.991,0.009,0.000,0.000,1.000
320,-0.126,1.350,2.310,6.922,14.885,33.255,89.241,162.665,269.092,486.843,914.994,1700.780,3030.189,5335.084,8563.056,12544.835,17867.732,25792.281,37834.203,54609.160,73554.359,92340.914,111386.047,91160.922,25703.498,14586.173,14779.852,15114.911,15503.438,15775.791,16090.871,16321.371,16425.887,16556.367,16991.881,17090.674,16990.180,17342.156,17689.611,17631.484,17561.410,17817.715,17997.277,17869.535,17823.383,18151.393,18047.766,17984.947,17753.734,17490.438,17534.461,17371.648,17492.035,17317.145,17317.566,17200.242,17278.723,17148.902,17145.340,17010.168,16907.490,16925.006,16619.357,16489.656,16429.662,16179.523,15869.395,15622.129,15461.832,15237.312,15007.799,14392.887,14258.145,13894.491,13593.477,13304.758,12947.744,12638.791,12223.076,11735.080,11294.240,11089.441,10761.854,10311.809,10001.407,9489.721,9042.938,8757.812,8356.990,8036.009,7886.946,7559.183,7313.183,7120.829,6835.261,6657.155,6475.785,6117.931,5926.361,5771.460,5560.478,5349.923,5141.649,4965.559,4828.437,4682.575,4337.369,4199.616,4041.362,3810.413,3642.281,3514.657,3383.423,3177.923,3054.373,2944.081,2765.453,2595.181,2378.240,2248.130,2190.197,1961.470,1937.131,1723.958,1633.658,1556.194,1407.905,1338.300,1265.254,1181.898,1073.688,984.453,938.576,879.670,850.176,785.433,738.921,629.602,605.304,547.941,503.563,478.550,472.491,433.871,388.554,339.959,322.383,313.753,288.605,275.987,253.019,234.579,208.799,177.889,180.017,143.733,130.856,127.985,118.410,125.561,117.777,93.017,67.356,92.271,96.547,85.078,71.200,55.204,50.629,48.652,51.855,37.558,38.635,36.962,46.322,40.232,46.649,38.844,36.811,35.414,16.628,20.417,15.373,20.597,14.460,29.668,13.812,16.164,10.332,9.846,10.958,8.946,8.599,8.009,7.722,6.383,6.059,5.962,5.857,4.279,1.310,2.875,1.125,1.759,2.123,2.118,1.886,0.114,2.890,2.788,2.217,0.105,0.899,2.806,2.103,0.192,1.908,0.092,0.925,1.412,0.611,0.052,0.922,1.002,2.076,1.857,2.143,1.866,0.134,0.937,2.882,0.181,0.000,0.000,0.000,1.951,0.049,0.000,0.000,0.000,0.000,0.000,0.000,0.000,0.000,0.285,0.698,0.017,0.000,0.000,0.000,0.000,0.000,0.991,0.009,0.000,0.000,1.000
321,-0.126,1.350,2.310,6.922,14.885,33.255,89.241,162.665,269.092,486.843,914.994,1700.780,3030.189,5335.084,8563.056,12544.835,17867.732,25792.281,37834.203,54609.160,73554.359,92340.914,111386.047,91160.922,25703.498,14586.173,14779.852,15114.911,15503.438,15775.791,16090.871,16321.371,16425.887,16556.367,16991.881,17090.674,16990.180,17342.156,17689.611,17631.484,17561.410,17817.715,17997.277,17869.535,17823.383,18151.393,18047.766,17984.947,17753.734,17490.438,17534.461,17371.648,17492.035,17317.145,17317.566,17200.242,17278.723,17148.902,17145.340,17010.168,16907.490,16925.006,16619.357,16489.656,16429.662,16179.523,15869.395,15622.129,15461.832,15237.312,15007.799,14392.887,14258.145,13894.491,13593.477,13304.758,12947.744,12638.791,12223.076,11735.080,11294.240,11089.441,10761.854,10311.809,10001.407,9489.721,9042.938,8757.812,8356.990,8036.009,7886.946,7559.183,7313.183,7120.829,6835.261,6657.155,6475.785,6117.931,5926.361,5771.460,5560.478,5349.923,5141.649,4965.559,4828.437,4682.575,4337.369,4199.616,4041.362,3810.413,3642.281,3514.657,3383.423,3177.923,3054.373,2944.081,2765.453,2595.181,2378.240,2248.130,2190.197,1961.470,1937.131,1723.958,1633.658,1556.194,1407.905,1338.300,1265.254,1181.898,1073.688,984.453,938.576,879.670,850.176,785.433,738.921,629.602,605.304,547.941,503.563,478.550,472.491,433.871,388.554,339.959,322.383,313.753,288.605,275.987,253.019,234.579,208.799,177.889,180.017,143.733,130.856,127.985,118.410,125.561,117.777,93.017,67.356,92.271,96.547,85.078,71.200,55.204,50.629,48.652,51.855,37.558,38.635,36.962,46.322,40.232,46.649,38.844,36.811,35.414,16.628,20.417,15.373,20.597,14.460,29.668,13.812,16.164,10.332,9.846,10.958,8.946,8.599,8.009,7.722,6.383,6.059,5.962,5.857,4.279,1.310,2.875,1.125,1.759,2.123,2.118,1.886,0.114,2.890,2.788,2.217,0.105,0.899,2.806,2.103,0.192,1.908,0.092,0.925,1.412,0.611,0.052,0.922,1.002,2.076,1.857,2.143,1.866,0.134,0.937,2.882,0.181,0.000,0.000,0.000,1.951,0.049,0.000,0.000,0.000,0.000,0.000,0.000,0.000,0.000,0.285,0.698,0.017,0.000,0.000,0.000,0.000,0.000,0.991,0.009,0.000,0.000,1.000
322,-0.068,1.164,10.642,57.219,154.901,342.442,801.883,1564.665,2755.659,4765.612,7813.546,12384.101,18838.717,27083.980,37085.586,41105.953,15326.446,6728.662,6239.952,6521.883,6687.465,6895.286,7050.715,7280.362,7445.888,7660.247,7684.197,7848.344,7983.471,8119.322,8225.687,8193.449,8309.955,8401.635,8518.444,8566.576,8495.521,8606.687,8724.789,8679.607,8635.490,8686.660,8806.977,8712.436,8681.586,8472.199,8355.701,8327.041,8284.608,8270.721,8339.787,8281.979,8314.799,8330.517,8350.250,8419.121,8272.285,8364.533,8258.271,8289.235,8417.982,8331.553,8333.904,8195.017,8126.512,7996.367,7919.092,7862.604,7798.270,7654.466,7531.809,7370.071,7469.188,7103.786,7098.636,6889.593,6823.104,6674.776,6656.677,6383.359,6361.162,6220.292,6112.845,5892.489,5732.578,5705.589,5557.529,5300.026,5177.196,5027.313,4844.822,4640.194,4514.408,4352.214,4239.955,4109.801,4054.458,3911.679,3792.434,3649.945,3544.018,3480.634,3407.753,3306.449,3168.343,3099.947,3098.145,2983.526,2927.128,2842.162,2729.501,2709.448,2613.567,2634.927,2543.657,2377.582,2325.562,2247.466,2159.853,2094.340,2108.876,1890.130,1910.567,1811.808,1762.726,1711.507,1612.550,1560.168,1445.227,1354.077,1273.481,1254.540,1198.277,1072.750,1054.153,1002.131,932.599,929.392,831.078,765.136,722.017,698.820,653.494,632.786,563.617,533.200,526.040,508.246,482.888,455.103,436.858,401.619,364.423,341.265,324.768,296.060,293.447,285.586,296.658,253.132,248.359,227.781,219.452,200.158,190.252,173.641,176.552,153.028,149.841,147.866,118.022,105.886,120.806,98.602,97.736,82.702,84.724,75.379,80.655,71.092,70.187,55.737,42.224,56.637,55.846,60.495,45.482,44.466,34.267,34.308,29.162,35.490,32.864,23.964,25.742,23.327,35.626,27.860,29.468,24.977,28.987,26.404,26.093,15.160,14.190,14.007,10.626,8.162,9.490,15.395,20.698,7.150,12.802,7.434,7.108,8.633,4.567,6.333,6.155,5.405,3.786,5.630,3.100,1.397,3.690,5.042,1.520,1.034,1.509,0.470,0.022,1.162,2.411,1.412,1.658,0.340,1.017,0.729,0.263,0.787,1.020,0.197,0.859,0.143,0.003,0.000,0.000,0.000,0.000,0.000,0.070,0.922,0.008,0.000,0.000,0.000,0.000,1.000
323,-0.068,1.164,10.642,57.219,154.901,342.442,801.883,1564.665,2755.659,4765.612,7813.546,12384.101,18838.717,27083.980,37085.586,41105.953,15326.446,6728.662,6239.952,6521.883,6687.465,6895.286,7050.715,7280.362,7445.888,7660.247,7684.197,7848.344,7983.471,8119.322,8225.687,8193.449,8309.955,8401.635,8518.444,8566.576,8495.521,8606.687,8724.789,8679.607,8635.490,8686.660,8806.977,8712.436,8681.586,8472.199,8355.701,8327.041,8284.608,8270.721,8339.787,8281.979,8314.799,8330.517,8350.250,8419.121,8272.285,8364.533,8258.271,8289.235,8417.982,8331.553,8333.904,8195.017,8126.512,7996.367,7919.092,7862.604,7798.270,7654.466,7531.809,7370.071,7469.188,7103.786,7098.636,6889.593,6823.104,6674.776,6656.677,6383.359,6361.162,6220.292,6112.845,5892.489,5732.578,5705.589,5557.529,5300.026,5177.196,5027.313,4844.822,4640.194,4514.408,4352.214,4239.955,4109.801,4054.458,3911.679,3792.434,3649.945,3544.018,3480.634,3407.753,3306.449,3168.343,3099.947,3098.145,2983.526,2927.128,2842.162,2729.501,2709.448,2613.567,2634.927,2543.657,2377.582,2325.562,2247.466,2159.853,2094.340,2108.876,1890.130,1910.567,1811.808,1762.726,1711.507,1612.550,1560.168,1445.227,1354.077,1273.481,1254.540,1198.277,1072.750,1054.153,1002.131,932.599,929.392,831.078,765.136,722.017,698.820,653.494,632.786,563.617,533.200,526.040,508.246,482.888,455.103,436.858,401.619,364.423,341.265,324.768,296.060,293.447,285.586,296.658,253.132,248.359,227.781,219.452,200.158,190.252,173.641,176.552,153.028,149.841,147.866,118.022,105.886,120.806,98.602,97.736,82.702,84.724,75.379,80.655,71.092,70.187,55.737,42.224,56.637,55.846,60.495,45.482,44.466,34.267,34.308,29.162,35.490,32.864,23.964,25.742,23.327,35.626,27.860,29.468,24.977,28.987,26.404,26.093,15.160,14.190,14.007,10.626,8.162,9.490,15.395,20.698,7.150,12.802,7.434,7.108,8.633,4.567,6.333,6.155,5.405,3.786,5.630,3.100,1.397,3.690,5.042,1.520,1.034,1.509,0.470,0.022,1.162,2.411,1.412,1.658,0.340,1.017,0.729,0.263,0.787,1.020,0.197,0.859,0.143,0.003,0.000,0.000,0.000,0.000,0.000,0.070,0.922,0.008,0.000,0.000,0.000,0.000,1.000
324,-0.126,1.350,2.310,6.916,14.807,33.177,89.645,162.880,267.866,485.313,913.028,1698.224,3017.983,5252.093,8276.957,11807.489,16123.296,22363.553,31386.486,43152.387,54131.312,61678.859,66285.953,49300.344,12990.201,7172.831,7108.474,7077.489,7156.572,7235.528,7185.314,7221.547,7202.045,7159.189,7346.958,7246.681,7203.149,7341.993,7559.806,7429.787,7350.377,7520.139,7503.739,7542.834,7460.266,7693.496,7541.520,7641.198,7571.360,7424.882,7593.470,7517.968,7460.064,7421.219,7321.325,7246.980,7176.566,7190.306,7135.757,7120.627,6916.913,6863.685,6666.175,6689.044,6772.137,6590.420,6442.523,6308.015,6305.099,6269.462,6078.881,5847.521,5761.645,5626.676,5474.840,5330.795,5231.686,5009.597,4710.787,4544.924,4351.124,4225.403,4122.505,3937.326,3843.954,3647.790,3422.574,3301.173,3149.609,3038.986,2976.922,2849.480,2762.390,2728.240,2630.781,2555.102,2448.517,2310.723,2231.956,2087.644,2007.680,1933.249,1822.360,1744.491,1653.632,1575.158,1470.394,1396.187,1329.230,1267.573,1172.692,1141.173,1069.785,1029.940,959.919,938.581,866.655,849.178,767.506,736.529,706.128,635.926,646.004,543.260,503.673,511.304,478.527,452.500,447.371,392.016,351.916,341.445,296.530,270.792,274.079,258.053,243.263,198.339,191.197,161.124,147.421,141.210,125.561,128.564,95.567,76.588,72.779,84.369,75.872,70.255,76.750,58.299,52.093,47.818,40.246,28.290,27.149,23.719,25.759,35.246,30.256,19.896,19.373,24.960,22.738,21.636,17.616,9.586,11.216,12.488,8.205,7.013,10.101,4.867,7.021,9.905,8.742,7.270,6.115,2.676,1.431,3.172,4.435,7.571,2.891,4.359,2.487,1.317,1.692,2.004,2.154,1.002,0.147,2.714,3.946,0.330,1.873,2.868,0.268,1.741,0.259,2.000,1.000,0.000,0.000,0.000,1.000,0.000,1.890,1.002,1.107,0.000,0.899,1.904,2.004,0.192,1.908,0.092,0.913,1.087,0.000,0.000,0.922,1.002,2.076,0.928,2.072,1.866,0.134,0.937,2.882,0.181,0.000,0.000,0.000,1.951,0.049,0.000,0.000,0.000,0.000,0.000,0.000,0.000,0.000,0.285,0.698,0.017,0.000,0.000,0.000,0.000,0.000,0.991,0.009,0.000,0.000,1.000
325,-0.126,1.350,2.310,6.916,14.807,33.177,89.645,162.880,267.866,485.313,913.028,1698.224,3017.983,5252.093,8276.957,11807.489,16123.296,22363.553,31386.486,43152.387,54131.312,61678.859,66285.953,49300.344,12990.201,7172.831,7108.474,7077.489,7156.572,7235.528,7185.314,7221.547,7202.045,7159.189,7346.958,7246.681,7203.149,7341.993,7559.806,7429.787,7350.377,7520.139,7503.739,7542.834,7460.266,7693.496,7541.520,7641.198,7571.360,7424.882,7593.470,7517.968,7460.064,7421.219,7321.325,7246.980,7176.566,7190.306,7135.757,7120.627,6916.913,6863.685,6666.175,6689.044,6772.137,6590.420,6442.523,6308.015,6305.099,6269.462,6078.881,5847.521,5761.645,5626.676,5474.840,5330.795,5231.686,5009.597,4710.787,4544.924,4351.124,4225.403,4122.505,3937.326,3843.954,3647.790,3422.574,3301.173,3149.609,3038.986,2976.922,2849.480,2762.390,2728.240,2630.781,2555.102,2448.517,2310.723,2231.956,2087.644,2007.680,1933.249,1822.360,1744.491,1653.632,1575.158,1470.394,1396.187,1329.230,1267.573,1172.692,1141.173,1069.785,1029.940,959.919,938.581,866.655,849.178,767.506,736.529,706.128,635.926,646.004,543.260,503.673,511.304,478.527,452.500,447.371,392.016,351.916,341.445,296.530,270.792,274.079,258.053,243.263,198.339,191.197,161.124,147.421,141.210,125.561,128.564,95.567,76.588,72.779,84.369,75.872,70.255,76.750,58.299,52.093,47.818,40.246,28.290,27.149,23.719,25.759,35.246,30.256,19.896,19.373,24.960,22.738,21.636,17.616,9.586,11.216,12.488,8.205,7.013,10.101,4.867,7.021,9.905,8.742,7.270,6.115,2.676,1.431,3.172,4.435,7.571,2.891,4.359,2.487,1.317,1.692,2.004,2.154,1.002,0.147,2.714,3.946,0.330,1.873,2.868,0.268,1.741,0.259,2.000,1.000,0.000,0.000,0.000,1.000,0.000,1.890,1.002,1.107,0.000,0.899,1.904,2.004,0.192,1.908,0.092,0.913,1.087,0.000,0.000,0.922,1.002,2.076,0.928,2.072,1.866,0.134,0.937,2.882,0.181,0.000,0.000,0.000,1.951,0.049,0.000,0.000,0.000,0.000,0.000,0.000,0.000,0.000,0.285,0.698,0.017,0.000,0.000,0.000,0.000,0.000,0.991,0.009,0.000,0.000,1.000
326,-0.666,0.824,1.030,1.038,2.059,3.292,2.581,0.197,4.930,2.420,2.912,5.459,2.026,3.422,5.165,7.886,8.724,8.847,7.985,12.977,10.137,11.814,15.685,14.478,18.801,24.044,26.527,37.602,30.791,37.969,32.132,32.323,42.171,65.538,64.266,68.148,67.479,67.926,74.978,88.074,103.536,100.687,97.380,112.872,135.154,133.009,149.543,188.072,185.604,205.592,218.364,251.641,319.682,335.388,374.431,466.720,557.847,662.737,768.033,924.174,1061.910,1178.242,1306.457,1546.731,1757.638,1987.268,2073.646,2318.696,2492.514,2650.398,2831.523,2977.501,3190.773,3436.130,3785.335,3942.521,4191.543,4499.848,4796.808,4998.859,5208.662,5552.582,5752.351,5949.015,6183.087,6327.799,6647.222,6890.143,7091.412,7551.805,7803.347,7924.596,8107.602,8315.088,8398.827,8546.648,8752.951,8942.235,9096.988,9318.247,9714.374,9690.638,9804.510,9860.207,9929.969,10004.967,9979.570,10117.115,10221.256,10305.962,10468.038,10475.438,10554.754,10463.033,10571.008,10634.473,10736.289,10833.730,10962.049,11131.764,11185.729,11059.463,10982.624,11226.363,11485.724,11668.332,11756.344,11661.793,11683.494,11720.931,11786.234,11647.119,11524.385,11362.493,11184.684,10874.792,10839.582,10812.219,10665.135,10516.674,10465.347,10332.450,10140.339,9950.452,9772.039,9673.882,9401.020,9101.992,8779.803,8529.822,8337.174,8010.726,7699.232,7434.568,7114.910,6648.303,6273.545,5896.634,5498.214,5153.021,4876.318,4488.638,4008.305,3717.543,3493.080,3135.020,2924.935,2653.729,2452.783,2171.218,2037.435,1825.280,1722.026,1526.310,1425.082,1325.792,1217.084,1108.172,987.133,904.447,817.058,758.535,695.530,598.211,529.919,485.512,416.874,363.470,304.107,290.288,238.718,210.441,194.308,173.045,153.369,118.258,103.742,93.925,79.322,61.130,57.947,43.586,30.426,34.582,23.991,16.229,18.615,15.988,16.227,13.132,10.336,16.587,11.399,7.381,11.775,8.255,3.900,3.855,4.863,5.726,4.304,7.142,4.520,3.465,2.757,4.272,2.171,2.894,2.122,2.901,2.114,0.205,1.000,0.909,1.004,0.087,0.000,1.000,0.000,1.000,0.935,0.065,1.738,1.201,1.012,0.049,0.000,0.861,0.135,0.004,0.973,0.027,0.000,0.000,0.989,0.011,0.000,1.000
327,-0.067,0.824,12.310,21.950,50.134,97.375,197.996,373.936,594.697,991.480,2029.459,5130.460,10817.777,17354.398,25648.895,34403.828,43212.570,50384.039,56746.891,60067.883,61374.723,15722.277,6631.565,6514.790,6578.346,6579.125,6761.541,6675.717,6567.993,6673.377,6585.166,6556.419,6622.215,6774.082,6843.658,6962.753,6998.485,7015.725,7020.137,6934.522,6964.433,7008.712,7016.663,6972.330,7029.564,7143.354,6911.799,6834.198,6897.917,6882.898,6719.576,6597.535,6654.195,6362.108,6465.284,6571.907,6399.491,6398.754,6407.864,6326.374,6166.772,6285.260,6282.583,6110.835,6096.448,5995.570,5898.548,5922.461,5842.942,5775.946,5708.385,5622.465,5537.619,5411.541,5261.612,5184.750,5157.457,4955.653,4964.701,4909.289,4654.464,4480.849,4618.379,4405.919,4273.621,4203.764,3974.147,3812.788,3693.582,3525.525,3494.719,3263.150,3152.116,3074.299,2946.153,2872.244,2660.803,2564.125,2335.988,2192.387,2190.153,2082.406,2024.651,1848.002,1773.833,1702.971,1585.200,1484.982,1480.737,1308.140,1253.461,1235.286,1151.823,1067.561,1047.945,1012.422,896.982,878.187,845.108,810.205,763.771,732.143,707.185,645.576,627.055,573.871,545.745,509.840,494.685,463.275,431.005,394.672,419.253,340.516,332.694,297.998,311.795,259.929,252.208,219.832,204.736,177.716,176.704,185.228,162.366,130.105,121.076,120.104,113.851,110.783,103.980,97.184,75.002,75.091,66.680,61.627,48.962,55.089,48.050,40.608,33.498,35.825,30.734,28.236,15.874,17.361,26.240,15.530,12.894,12.114,10.350,8.792,12.153,9.896,9.337,9.964,7.920,6.192,6.008,9.805,9.104,10.686,3.554,2.007,5.760,8.856,5.130,4.165,2.139,2.001,1.958,3.917,2.126,2.919,3.962,3.042,2.040,5.749,0.324,3.760,2.168,2.876,1.162,1.970,3.968,0.101,0.968,1.969,1.032,1.001,2.941,0.089,1.943,0.057,0.000,1.000,0.000,0.975,1.001,0.025,0.000,0.000,0.000,0.000,1.000,0.000,0.000,1.000,0.982,0.018,0.000,1.923,0.077,0.985,0.015,0.986,0.014,0.000,0.000,0.000,0.000,0.962,0.037,0.000,0.000,0.992,0.008,0.000,0.000,0.000,0.000,0.996,0.004,0.000,0.000,0.000,0.000,1.000
328,-4.043,2.335,1.000,0.000,0.000,0.000,0.000,1.000,0.000,1.306,0.694,0.000,0.000,0.000,0.000,1.662,0.338,0.890,0.110,0.000,0.979,0.021,0.000,0.000,0.000,0.000,0.157,0.843,0.000,0.000,1.000,0.000,0.000,0.000,0.394,2.030,1.030,1.030,0.517,0.000,0.000,0.601,0.399,0.000,0.000,0.000,1.000,0.000,0.000,0.838,1.030,0.132,2.781,0.219,0.000,0.000,0.000,0.000,0.000,0.000,0.164,2.030,0.806,0.000,0.283,0.717,1.000,0.371,1.629,0.000,0.000,0.490,1.030,1.030,1.030,0.421,1.000,0.668,2.332,0.000,1.000,0.000,0.000,0.000,0.875,0.575,0.517,0.033,0.000,2.023,0.977,0.000,0.000,0.000,0.000,0.000,0.000,0.260,2.319,1.740,0.681,1.000,1.816,2.621,2.030,1.030,2.083,4.089,1.331,2.847,5.444,2.384,2.030,2.764,8.114,11.178,6.532,8.676,3.796,4.883,10.884,6.295,7.185,19.118,19.338,24.908,23.618,37.127,47.524,72.430,100.757,150.892,197.607,259.229,338.953,492.582,602.278,704.423,832.466,1039.896,1237.749,1499.674,1761.622,2122.487,2619.223,3159.582,3870.201,4767.310,5476.659,6491.113,7627.646,8754.281,10009.564,11949.101,14314.370,18312.305,25948.902,37399.098,44919.398,48268.734,43536.109,40759.305,38683.484,38839.047,40896.812,42700.730,46276.469,46169.336,42184.789,36422.934,28824.414,22789.270,18799.264,17273.465,15864.108,12949.312,10707.729,9075.232,7644.228,6319.876,5502.551,4653.258,4060.106,3551.610,3022.815,2347.308,1868.823,1504.722,1083.105,892.814,664.385,531.422,416.424,351.835,240.657,212.008,155.099,129.538,109.673,80.770,45.061,25.750,18.017,14.173,14.042,7.192,7.173,8.175,12.822,7.057,6.098,4.991,5.030,5.422,3.089,7.868,7.095,6.303,3.934,4.370,7.771,2.414,3.030,4.015,4.089,3.141,4.955,4.171,3.089,5.748,2.630,4.659,2.059,2.059,3.741,2.030,2.030,0.622,0.437,1.563,0.000,1.578,1.978,0.444,0.000,1.000,0.000,0.704,0.296,0.763,0.237,0.000,0.000,0.000,0.000,0.000,0.000,1.000
329,-2.291,2.696,2.000,0.567,1.433,0.000,0.000,0.000,0.000,0.000,0.000,1.000,0.000,0.000,0.000,0.000,1.436,0.451,0.842,1.540,1.284,0.414,0.033,0.045,1.347,1.299,0.309,0.000,0.242,1.283,1.519,2.805,0.151,0.000,1.498,0.419,0.083,2.394,4.332,2.022,4.641,2.392,1.218,0.060,2.213,1.867,2.801,5.382,3.820,1.586,1.102,2.515,3.151,2.670,2.265,3.396,4.668,0.488,1.015,5.883,8.766,5.101,4.065,1.427,4.721,7.285,8.217,12.106,10.463,14.728,22.217,15.754,21.310,44.628,43.626,58.289,63.164,87.841,129.796,166.858,217.233,274.089,364.348,460.609,563.982,633.002,825.570,1023.972,1213.368,1422.620,1687.717,2049.192,2342.609,2764.748,3049.378,3573.248,4109.036,4756.455,5490.071,6340.887,7266.343,8429.252,9372.381,10592.533,11870.654,13047.858,14541.469,16027.207,17096.121,18431.547,19458.223,20928.953,22180.326,23615.676,24888.773,26140.809,27410.977,27963.344,28180.924,27719.590,27461.643,27089.951,26659.205,26281.584,25961.754,25627.984,24409.326,23781.482,23157.303,22318.566,21351.281,20160.113,18749.406,17416.061,15539.265,13856.260,12126.828,10491.106,9151.988,8083.918,7270.354,6480.647,5833.252,5218.183,4524.298,3694.179,3012.532,2382.061,1804.691,1343.224,982.233,694.983,467.789,347.746,239.293,172.939,124.079,83.191,59.081,46.495,35.549,21.387,20.292,19.584,13.364,12.781,16.832,10.559,16.534,12.158,12.390,11.485,11.298,9.070,7.554,5.590,4.453,10.676,7.856,8.748,8.806,7.837,6.888,9.273,9.052,4.687,6.051,6.918,6.765,2.779,1.827,2.636,2.474,5.952,3.956,3.047,4.465,1.997,4.982,1.977,2.468,1.552,0.625,1.757,1.995,1.095,1.948,0.248,1.000,0.000,0.000,0.000,0.391,0.926,1.818,1.304,1.258,0.922,0.337,0.758,0.267,0.019,0.862,1.769,0.370,0.000,0.242,0.638,0.120,0.000,0.000,0.486,1.313,0.202,0.000,0.000,0.000,1.000,0.000,0.000,0.000,1.910,0.090,0.000,1.000,1.000,0.000,0.000,0.000,0.000,0.000,0.000,1.000,0.000,0.000,0.000,0.000,1.000
330,-0.229,2.696,3.756,1.244,3.940,3.788,3.856,7.129,13.693,17.058,13.852,23.742,33.027,103.924,418.458,1835.375,6052.861,15702.040,35907.703,72093.375,115330.359,135178.719,39664.887,17324.764,16094.704,15729.583,15661.382,15636.908,15419.719,15264.256,15258.951,15159.396,15000.590,14377.611,14188.615,13857.378,13837.559,13403.480,13203.889,12997.338,12574.798,12222.320,11817.711,11198.925,10810.769,10326.964,9824.090,9059.689,8455.207,7939.222,7311.761,6737.739,6202.750,5633.052,5253.242,4919.231,4585.132,4319.146,4027.590,3750.521,3528.331,3323.480,3156.663,2881.783,2637.260,2351.723,2081.595,1847.637,1660.338,1436.529,1171.283,1031.995,844.972,722.637,575.218,506.434,406.539,317.234,267.084,206.946,170.820,135.797,120.792,102.824,69.616,61.273,56.144,37.732,38.130,28.582,23.230,22.218,14.054,12.748,9.238,12.776,11.348,14.430,6.263,7.064,8.384,9.576,9.893,5.825,4.657,9.772,11.362,6.137,9.047,5.603,6.090,6.414,7.900,5.384,4.578,1.689,6.714,3.841,2.899,1.577,5.706,7.402,4.993,3.978,5.167,3.890,4.419,6.452,1.686,4.822,3.658,7.106,8.594,1.984,3.616,2.385,3.757,5.087,3.922,4.287,2.008,1.112,0.000,3.531,0.465,0.896,1.895,2.244,3.787,1.112,4.050,1.873,1.051,3.124,1.860,3.087,2.687,0.400,0.810,2.122,0.782,0.445,1.485,0.279,0.013,2.075,1.854,0.072,0.000,0.916,1.289,0.732,1.064,0.000,0.000,0.000,0.000,0.000,0.000,0.000,0.289,0.661,0.356,0.646,1.301,1.034,0.669,0.977,0.425,0.602,0.040,0.000,0.393,0.571,0.036,0.000,0.000,1.380,0.590,0.975,0.056,0.000,0.000,0.000,0.500,0.477,0.024,0.000,0.000,0.000,0.000,0.000,0.000,0.000,1.549,0.435,0.015,0.000,0.000,0.000,0.000,0.000,0.000,1.000,0.000,0.000,0.000,0.000,0.000,1.973,0.027,0.000,0.000,0.000,0.000,1.000,1.000,0.000,0.000,0.000,0.000,0.000,0.000,0.000,0.000,0.000,0.000,0.000,1.000,0.000,0.000,0.000,0.000,0.000,0.000,0.000,0.000,1.000
331,-0.229,2.696,3.756,1.244,3.940,3.788,3.856,7.129,13.693,17.058,13.852,23.742,33.027,103.946,418.517,1838.433,6163.748,16615.254,40523.008,88202.844,160217.250,217335.375,68926.039,33581.660,32640.820,33277.652,34067.332,34772.785,34971.027,35331.648,35523.680,35770.633,35612.344,35019.477,34421.805,33596.102,33634.852,33103.531,33057.992,32810.508,32324.184,31934.572,31071.146,30015.639,28964.604,28034.738,26599.219,25193.238,23935.443,22896.854,21211.225,20076.129,18497.057,16948.621,15813.343,14711.008,13773.648,12824.180,12045.654,11209.736,10701.922,10000.034,9488.935,8834.802,8098.686,7316.061,6741.436,6082.014,5551.646,4838.638,4141.524,3639.719,3160.234,2754.402,2304.722,1995.891,1738.008,1487.290,1298.219,1090.473,922.315,823.144,720.806,628.623,535.158,455.157,392.517,316.260,275.465,227.479,198.767,168.878,139.287,138.949,94.184,99.741,77.856,78.022,74.781,73.295,61.149,44.745,36.434,40.785,30.497,26.282,24.625,20.677,20.724,12.089,12.495,8.253,10.108,9.938,6.119,3.304,8.057,4.661,3.216,1.610,6.104,7.821,5.150,4.875,5.297,3.890,4.419,6.452,1.686,4.822,3.658,7.106,8.594,1.984,3.616,2.385,3.757,5.087,3.922,4.287,2.008,1.112,0.000,3.531,0.465,0.896,1.895,2.244,3.787,1.112,4.050,1.873,1.051,3.124,1.860,3.087,2.687,0.400,0.810,2.122,0.782,0.445,1.485,0.279,0.013,2.075,1.854,0.072,0.000,0.916,1.289,0.732,1.064,0.000,0.000,0.000,0.000,0.000,0.000,0.000,0.289,0.661,0.356,0.646,1.301,1.034,0.669,0.977,0.425,0.602,0.040,0.000,0.393,0.571,0.036,0.000,0.000,1.380,0.590,0.975,0.056,0.000,0.000,0.000,0.500,0.477,0.024,0.000,0.000,0.000,0.000,0.000,0.000,0.000,1.549,0.435,0.015,0.000,0.000,0.000,0.000,0.000,0.000,1.000,0.000,0.000,0.000,0.000,0.000,1.973,0.027,0.000,0.000,0.000,0.000,1.000,1.000,0.000,0.000,0.000,0.000,0.000,0.000,0.000,0.000,0.000,0.000,0.000,1.000,0.000,0.000,0.000,0.000,0.000,0.000,0.000,0.000,1.000
332,-0.229,2.696,3.756,1.244,3.940,3.788,3.856,7.129,13.693,17.058,13.852,23.742,33.027,103.946,418.517,1838.433,6163.748,16615.254,40523.008,88202.844,160217.250,217335.375,68926.039,33581.660,32640.820,33277.652,34067.332,34772.785,34971.027,35331.648,35523.680,35770.633,35612.344,35019.477,34421.805,33596.102,33634.852,33103.531,33057.992,32810.508,32324.184,31934.572,31071.146,30015.639,28964.604,28034.738,26599.219,25193.238,23935.443,22896.854,21211.225,20076.129,18497.057,16948.621,15813.343,14711.008,13773.648,12824.180,12045.654,11209.736,10701.922,10000.034,9488.935,8834.802,8098.686,7316.061,6741.436,6082.014,5551.646,4838.638,4141.524,3639.719,3160.234,2754.402,2304.722,1995.891,1738.008,1487.290,1298.219,1090.473,922.315,823.144,720.806,628.623,535.158,455.157,392.517,316.260,275.465,227.479,198.767,168.878,139.287,138.949,94.184,99.741,77.856,78.022,74.781,73.295,61.149,44.745,36.434,40.785,30.497,26.282,24.625,20.677,20.724,12.089,12.495,8.253,10.108,9.938,6.119,3.304,8.057,4.661,3.216,1.610,6.104,7.821,5.150,4.875,5.297,3.890,4.419,6.452,1.686,4.822,3.658,7.106,8.594,1.984,3.616,2.385,3.757,5.087,3.922,4.287,2.008,1.112,0.000,3.531,0.465,0.896,1.895,2.244,3.787,1.112,4.050,1.873,1.051,3.124,1.860,3.087,2.687,0.400,0.810,2.122,0.782,0.445,1.485,0.279,0.013,2.075,1.854,0.072,0.000,0.916,1.289,0.732,1.064,0.000,0.000,0.000,0.000,0.000,0.000,0.000,0.289,0.661,0.356,0.646,1.301,1.034,0.669,0.977,0.425,0.602,0.040,0.000,0.393,0.571,0.036,0.000,0.000,1.380,0.590,0.975,0.056,0.000,0.000,0.000,0.500,0.477,0.024,0.000,0.000,0.000,0.000,0.000,0.000,0.000,1.549,0.435,0.015,0.000,0.000,0.000,0.000,0.000,0.000,1.000,0.000,0.000,0.000,0.000,0.000,1.973,0.027,0.000,0.000,0.000,0.000,1.000,1.000,0.000,0.000,0.000,0.000,0.000,0.000,0.000,0.000,0.000,0.000,0.000,1.000,0.000,0.000,0.000,0.000,0.000,0.000,0.000,0.000,1.000
333,-0.229,2.696,3.756,1.244,3.940,3.788,3.856,7.129,13.693,17.058,13.852,23.742,33.027,103.946,418.517,1838.433,6163.748,16615.254,40523.008,88202.844,160217.250,217335.375,68926.039,33581.660,32640.820,33277.652,34067.332,34772.785,34971.027,35331.648,35523.680,35770.633,35612.344,35019.477,34421.805,33596.102,33634.852,33103.531,33057.992,32810.508,32324.184,31934.572,31071.146,30015.639,28964.604,28034.738,26599.219,25193.238,23935.443,22896.854,21211.225,20076.129,18497.057,16948.621,15813.343,14711.008,13773.648,12824.180,12045.654,11209.736,10701.922,10000.034,9488.935,8834.802,8098.686,7316.061,6741.436,6082.014,5551.646,4838.638,4141.524,3639.719,3160.234,2754.402,2304.722,1995.891,1738.008,1487.290,1298.219,1090.473,922.315,823.144,720.806,628.623,535.158,455.157,392.517,316.260,275.465,227.479,198.767,168.878,139.287,138.949,94.184,99.741,77.856,78.022,74.781,73.295,61.149,44.745,36.434,40.785,30.497,26.282,24.625,20.677,20.724,12.089,12.495,8.253,10.108,9.938,6.119,3.304,8.057,4.661,3.216,1.610,6.104,7.821,5.150,4.875,5.297,3.890,4.419,6.452,1.686,4.822,3.658,7.106,8.594,1.984,3.616,2.385,3.757,5.087,3.922,4.287,2.008,1.112,0.000,3.531,0.465,0.896,1.895,2.244,3.787,1.112,4.050,1.873,1.051,3.124,1.860,3.087,2.687,0.400,0.810,2.122,0.782,0.445,1.485,0.279,0.013,2.075,1.854,0.072,0.000,0.916,1.289,0.732,1.064,0.000,0.000,0.000,0.000,0.000,0.000,0.000,0.289,0.661,0.356,0.646,1.301,1.034,0.669,0.977,0.425,0.602,0.040,0.000,0.393,0.571,0.036,0.000,0.000,1.380,0.590,0.975,0.056,0.000,0.000,0.000,0.500,0.477,0.024,0.000,0.000,0.000,0.000,0.000,0.000,0.000,1.549,0.435,0.015,0.000,0.000,0.000,0.000,0.000,0.000,1.000,0.000,0.000,0.000,0.000,0.000,1.973,0.027,0.000,0.000,0.000,0.000,1.000,1.000,0.000,0.000,0.000,0.000,0.000,0.000,0.000,0.000,0.000,0.000,0.000,1.000,0.000,0.000,0.000,0.000,0.000,0.000,0.000,0.000,1.000
334,-0.229,2.696,3.756,1.244,3.940,3.788,3.856,7.129,13.693,17.058,13.852,23.742,33.027,103.946,418.517,1838.433,6163.748,16615.254,40523.008,88202.844,160217.250,217335.375,68926.039,33581.660,32640.820,33277.652,34067.332,34772.785,34971.027,35331.648,35523.680,35770.633,35612.344,35019.477,34421.805,33596.102,33634.852,33103.531,33057.992,32810.508,32324.184,31934.572,31071.146,30015.639,28964.604,28034.738,26599.219,25193.238,23935.443,22896.854,21211.225,20076.129,18497.057,16948.621,15813.343,14711.008,13773.648,12824.180,12045.654,11209.736,10701.922,10000.034,9488.935,8834.802,8098.686,7316.061,6741.436,6082.014,5551.646,4838.638,4141.524,3639.719,3160.234,2754.402,2304.722,1995.891,1738.008,1487.290,1298.219,1090.473,922.315,823.144,720.806,628.623,535.158,455.157,392.517,316.260,275.465,227.479,198.767,168.878,139.287,138.949,94.184,99.741,77.856,78.022,74.781,73.295,61.149,44.745,36.434,40.785,30.497,26.282,24.625,20.677,20.724,12.089,12.495,8.253,10.108,9.938,6.119,3.304,8.057,4.661,3.216,1.610,6.104,7.821,5.150,4.875,5.297,3.890,4.419,6.452,1.686,4.822,3.658,7.106,8.594,1.984,3.616,2.385,3.757,5.087,3.922,4.287,2.008,1.112,0.000,3.531,0.465,0.896,1.895,2.244,3.787,1.112,4.050,1.873,1.051,3.124,1.860,3.087,2.687,0.400,0.810,2.122,0.782,0.445,1.485,0.279,0.013,2.075,1.854,0.072,0.000,0.916,1.289,0.732,1.064,0.000,0.000,0.000,0.000,0.000,0.000,0.000,0.289,0.661,0.356,0.646,1.301,1.034,0.669,0.977,0.425,0.602,0.040,0.000,0.393,0.571,0.036,0.000,0.000,1.380,0.590,0.975,0.056,0.000,0.000,0.000,0.500,0.477,0.024,0.000,0.000,0.000,0.000,0.000,0.000,0.000,1.549,0.435,0.015,0.000,0.000,0.000,0.000,0.000,0.000,1.000,0.000,0.000,0.000,0.000,0.000,1.973,0.027,0.000,0.000,0.000,0.000,1.000,1.000,0.000,0.000,0.000,0.000,0.000,0.000,0.000,0.000,0.000,0.000,0.000,1.000,0.000,0.000,0.000,0.000,0.000,0.000,0.000,0.000,1.000
335,-0.229,2.696,3.756,1.244,3.940,3.788,3.856,7.129,13.693,17.058,13.852,23.742,33.027,103.946,418.517,1838.433,6163.748,16615.254,40523.008,88202.844,160217.250,217335.375,68926.039,33581.660,32640.820,33277.652,34067.332,34772.785,34971.027,35331.648,35523.680,35770.633,35612.344,35019.477,34421.805,33596.102,33634.852,33103.531,33057.992,32810.508,32324.184,31934.572,31071.146,30015.639,28964.604,28034.738,26599.219,25193.238,23935.443,22896.854,21211.225,20076.129,18497.057,16948.621,15813.343,14711.008,13773.648,12824.180,12045.654,11209.736,10701.922,10000.034,9488.935,8834.802,8098.686,7316.061,6741.436,6082.014,5551.646,4838.638,4141.524,3639.719,3160.234,2754.402,2304.722,1995.891,1738.008,1487.290,1298.219,1090.473,922.315,823.144,720.806,628.623,535.158,455.157,392.517,316.260,275.465,227.479,198.767,168.878,139.287,138.949,94.184,99.741,77.856,78.022,74.781,73.295,61.149,44.745,36.434,40.785,30.497,26.282,24.625,20.677,20.724,12.089,12.495,8.253,10.108,9.938,6.119,3.304,8.057,4.661,3.216,1.610,6.104,7.821,5.150,4.875,5.297,3.890,4.419,6.452,1.686,4.822,3.658,7.106,8.594,1.984,3.616,2.385,3.757,5.087,3.922,4.287,2.008,1.112,0.000,3.531,0.465,0.896,1.895,2.244,3.787,1.112,4.050,1.873,1.051,3.124,1.860,3.087,2.687,0.400,0.810,2.122,0.782,0.445,1.485,0.279,0.013,2.075,1.854,0.072,0.000,0.916,1.289,0.732,1.064,0.000,0.000,0.000,0.000,0.000,0.000,0.000,0.289,0.661,0.356,0.646,1.301,1.034,0.669,0.977,0.425,0.602,0.040,0.000,0.393,0.571,0.036,0.000,0.000,1.380,0.590,0.975,0.056,0.000,0.000,0.000,0.500,0.477,0.024,0.000,0.000,0.000,0.000,0.000,0.000,0.000,1.549,0.435,0.015,0.000,0.000,0.000,0.000,0.000,0.000,1.000,0.000,0.000,0.000,0.000,0.000,1.973,0.027,0.000,0.000,0.000,0.000,1.000,1.000,0.000,0.000,0.000,0.000,0.000,0.000,0.000,0.000,0.000,0.000,0.000,1.000,0.000,0.000,0.000,0.000,0.000,0.000,0.000,0.000,1.000
336,-0.096,1.164,2.048,5.143,8.309,13.359,36.015,80.789,218.030,489.275,1006.917,1600.510,2777.214,4773.566,7372.637,10618.541,14702.262,19874.391,27088.521,37354.789,47926.887,31491.211,6366.922,6158.562,6225.039,6386.220,6535.746,6691.804,6749.218,6768.587,7092.035,7229.376,7135.386,7320.573,7344.444,7489.714,7491.030,7539.805,7717.382,7718.945,7730.305,7791.539,7932.600,7879.773,8040.369,8099.389,7996.793,8126.584,7909.144,7986.735,8071.267,8204.895,8008.904,7947.454,8232.983,8154.253,8261.807,8282.806,8164.452,8346.297,8513.490,8386.609,8422.578,8378.643,8447.223,8560.668,8459.634,8477.170,8322.588,8394.752,8247.216,8111.424,8160.189,8131.343,8014.219,7911.938,7795.523,7519.839,7574.715,7476.257,7198.736,6946.851,6868.608,6594.675,6647.720,6455.810,6244.922,6021.361,5834.597,5657.348,5604.657,5233.473,5170.952,4783.601,4695.625,4440.333,4285.886,4132.684,3986.452,3863.722,3734.193,3612.015,3563.830,3339.550,3277.392,3153.509,3099.904,2979.357,2841.600,2939.279,2828.303,2611.376,2690.998,2585.698,2479.317,2416.364,2419.981,2277.459,2170.248,2069.580,2090.497,2009.714,1840.043,1734.319,1717.063,1653.461,1635.471,1510.750,1463.703,1414.156,1288.659,1224.919,1178.852,1069.637,1032.623,935.192,898.823,834.009,795.190,759.286,701.131,649.549,603.655,537.115,538.483,529.694,437.538,419.786,428.140,373.646,356.399,341.321,288.317,298.374,265.160,258.219,252.950,208.870,205.165,195.548,207.063,178.486,160.242,164.438,159.956,140.225,114.093,114.888,125.332,114.444,105.493,110.417,79.318,79.037,80.831,79.175,73.163,55.407,63.567,63.198,70.320,61.751,55.081,46.334,38.005,49.739,54.024,53.908,35.643,38.756,27.906,33.414,24.278,36.926,26.222,20.938,29.869,28.415,29.945,27.433,29.775,24.387,30.610,23.507,22.601,13.392,14.580,9.841,11.946,8.578,15.172,21.590,6.227,13.110,8.385,7.076,8.666,4.339,6.797,7.702,5.024,3.024,5.024,3.584,2.464,5.870,1.521,2.305,1.000,0.423,0.577,0.940,1.554,1.506,2.000,0.565,0.435,1.000,0.637,1.024,1.024,0.316,0.000,0.756,0.244,0.000,0.000,0.000,0.000,0.000,0.000,0.946,0.054,0.000,0.000,0.000,0.000,1.000
337,-0.096,1.164,2.048,5.143,8.309,13.359,36.015,80.789,218.030,489.275,1006.917,1600.510,2777.214,4773.566,7372.637,10618.541,14702.262,19874.391,27088.521,37354.789,47926.887,31491.211,6366.922,6158.562,6225.039,6386.220,6535.746,6691.804,6749.218,6768.587,7092.035,7229.376,7135.386,7320.573,7344.444,7489.714,7491.030,7539.805,7717.382,7718.945,7730.305,7791.539,7932.600,7879.773,8040.369,8099.389,7996.793,8126.584,7909.144,7986.735,8071.267,8204.895,8008.904,7947.454,8232.983,8154.253,8261.807,8282.806,8164.452,8346.297,8513.490,8386.609,8422.578,8378.643,8447.223,8560.668,8459.634,8477.170,8322.588,8394.752,8247.216,8111.424,8160.189,8131.343,8014.219,7911.938,7795.523,7519.839,7574.715,7476.257,7198.736,6946.851,6868.608,6594.675,6647.720,6455.810,6244.922,6021.361,5834.597,5657.348,5604.657,5233.473,5170.952,4783.601,4695.625,4440.333,4285.886,4132.684,3986.452,3863.722,3734.193,3612.015,3563.830,3339.550,3277.392,3153.509,3099.904,2979.357,2841.600,2939.279,2828.303,2611.376,2690.998,2585.698,2479.317,2416.364,2419.981,2277.459,2170.248,2069.580,2090.497,2009.714,1840.043,1734.319,1717.063,1653.461,1635.471,1510.750,1463.703,1414.156,1288.659,1224.919,1178.852,1069.637,1032.623,935.192,898.823,834.009,795.190,759.286,701.131,649.549,603.655,537.115,538.483,529.694,437.538,419.786,428.140,373.646,356.399,341.321,288.317,298.374,265.160,258.219,252.950,208.870,205.165,195.548,207.063,178.486,160.242,164.438,159.956,140.225,114.093,114.888,125.332,114.444,105.493,110.417,79.318,79.037,80.831,79.175,73.163,55.407,63.567,63.198,70.320,61.751,55.081,46.334,38.005,49.739,54.024,53.908,35.643,38.756,27.906,33.414,24.278,36.926,26.222,20.938,29.869,28.415,29.945,27.433,29.775,24.387,30.610,23.507,22.601,13.392,14.580,9.841,11.946,8.578,15.172,21.590,6.227,13.110,8.385,7.076,8.666,4.339,6.797,7.702,5.024,3.024,5.024,3.584,2.464,5.870,1.521,2.305,1.000,0.423,0.577,0.940,1.554,1.506,2.000,0.565,0.435,1.000,0.637,1.024,1.024,0.316,0.000,0.756,0.244,0.000,0.000,0.000,0.000,0.000,0.000,0.946,0.054,0.000,0.000,0.000,0.000,1.000
338,-0.229,2.696,3.756,1.244,3.940,3.788,3.856,7.129,13.693,17.058,13.852,23.742,32.684,101.412,404.492,1745.052,5406.013,13369.756,29682.137,61650.953,105000.164,126946.422,38621.977,18107.172,17221.236,17332.852,17426.420,17640.449,17588.898,17500.203,17432.582,17352.117,16868.945,16432.742,15706.319,14939.309,14596.462,14004.570,13585.900,13282.351,12693.841,12272.375,11630.004,10988.811,10210.226,9812.917,9073.655,8614.593,8222.234,7811.003,7300.936,6978.376,6542.178,6191.926,5939.502,5663.349,5338.238,5082.080,4820.504,4435.712,4289.776,3957.545,3820.939,3584.903,3299.707,3009.770,2759.128,2449.789,2306.677,1985.662,1751.506,1507.486,1350.828,1175.971,992.646,835.597,758.750,664.570,578.676,469.772,393.747,358.400,320.514,269.350,237.942,179.133,155.464,126.534,102.318,83.744,49.006,45.637,28.477,30.271,17.758,21.261,15.070,14.898,9.459,7.874,8.269,8.681,9.744,5.825,4.657,9.772,11.362,6.137,9.047,5.603,6.090,6.414,7.900,5.384,4.578,1.689,6.714,3.841,2.899,1.577,5.706,7.402,4.993,3.978,5.167,3.890,4.419,6.452,1.686,4.822,3.658,7.106,8.594,1.984,3.616,2.385,3.757,5.087,3.922,4.287,2.008,1.112,0.000,3.531,0.465,0.896,1.895,2.244,3.787,1.112,4.050,1.873,1.051,3.124,1.860,3.087,2.687,0.400,0.810,2.122,0.782,0.445,1.485,0.279,0.013,2.075,1.854,0.072,0.000,0.916,1.289,0.732,1.064,0.000,0.000,0.000,0.000,0.000,0.000,0.000,0.289,0.661,0.356,0.646,1.301,1.034,0.669,0.977,0.425,0.602,0.040,0.000,0.393,0.571,0.036,0.000,0.000,1.380,0.590,0.975,0.056,0.000,0.000,0.000,0.500,0.477,0.024,0.000,0.000,0.000,0.000,0.000,0.000,0.000,1.549,0.435,0.015,0.000,0.000,0.000,0.000,0.000,0.000,1.000,0.000,0.000,0.000,0.000,0.000,1.973,0.027,0.000,0.000,0.000,0.000,1.000,1.000,0.000,0.000,0.000,0.000,0.000,0.000,0.000,0.000,0.000,0.000,0.000,1.000,0.000,0.000,0.000,0.000,0.000,0.000,0.000,0.000,1.000
339,-0.229,2.696,3.756,1.244,3.940,3.788,3.856,7.129,13.693,17.058,13.852,23.742,32.684,101.412,404.492,1745.052,5406.013,13369.756,29682.137,61650.953,105000.164,126946.422,38621.977,18107.172,17221.236,17332.852,17426.420,17640.449,17588.898,17500.203,17432.582,17352.117,16868.945,16432.742,15706.319,14939.309,14596.462,14004.570,13585.900,13282.351,12693.841,12272.375,11630.004,10988.811,10210.226,9812.917,9073.655,8614.593,8222.234,7811.003,7300.936,6978.376,6542.178,6191.926,5939.502,5663.349,5338.238,5082.080,4820.504,4435.712,4289.776,3957.545,3820.939,3584.903,3299.707,3009.770,2759.128,2449.789,2306.677,1985.662,1751.506,1507.486,1350.828,1175.971,992.646,835.597,758.750,664.570,578.676,469.772,393.747,358.400,320.514,269.350,237.942,179.133,155.464,126.534,102.318,83.744,49.006,45.637,28.477,30.271,17.758,21.261,15.070,14.898,9.459,7.874,8.269,8.681,9.744,5.825,4.657,9.772,11.362,6.137,9.047,5.603,6.090,6.414,7.900,5.384,4.578,1.689,6.714,3.841,2.899,1.577,5.706,7.402,4.993,3.978,5.167,3.890,4.419,6.452,1.686,4.822,3.658,7.106,8.594,1.984,3.616,2.385,3.757,5.087,3.922,4.287,2.008,1.112,0.000,3.531,0.465,0.896,1.895,2.244,3.787,1.112,4.050,1.873,1.051,3.124,1.860,3.087,2.687,0.400,0.810,2.122,0.782,0.445,1.485,0.279,0.013,2.075,1.854,0.072,0.000,0.916,1.289,0.732,1.064,0.000,0.000,0.000,0.000,0.000,0.000,0.000,0.289,0.661,0.356,0.646,1.301,1.034,0.669,0.977,0.425,0.602,0.040,0.000,0.393,0.571,0.036,0.000,0.000,1.380,0.590,0.975,0.056,0.000,0.000,0.000,0.500,0.477,0.024,0.000,0.000,0.000,0.000,0.000,0.000,0.000,1.549,0.435,0.015,0.000,0.000,0.000,0.000,0.000,0.000,1.000,0.000,0.000,0.000,0.000,0.000,1.973,0.027,0.000,0.000,0.000,0.000,1.000,1.000,0.000,0.000,0.000,0.000,0.000,0.000,0.000,0.000,0.000,0.000,0.000,1.000,0.000,0.000,0.000,0.000,0.000,0.000,0.000,0.000,1.000
340,-0.824,1.224,1.000,0.000,0.000,0.000,1.000,0.000,0.000,0.000,0.000,1.000,1.000,1.000,1.000,0.000,2.000,1.000,2.183,1.817,2.000,1.000,2.000,4.000,2.000,3.000,5.000,6.000,6.084,5.686,10.406,10.629,20.061,14.345,33.270,44.524,37.882,44.208,56.651,55.562,54.636,93.577,98.240,123.915,196.003,245.680,353.514,361.443,433.718,477.139,518.255,604.522,632.094,692.395,696.825,847.348,880.719,972.359,1049.181,1238.806,1362.989,1568.194,1696.850,1822.059,1963.147,2180.960,2467.999,2606.171,2860.698,3075.201,3260.702,3467.140,3652.234,3802.872,3997.357,4215.073,4571.859,4722.961,4973.450,5305.959,5341.450,5766.249,5779.368,6153.650,6501.598,6966.973,7350.605,7810.681,8116.793,8449.479,9222.762,9761.507,10100.972,10368.354,11024.525,11159.827,11495.182,11752.622,11934.953,12228.945,12152.334,12742.920,13007.891,13452.412,13753.938,13934.199,14361.707,14333.952,14774.502,14920.440,15313.495,15821.861,15911.367,16003.517,16569.438,17172.334,17247.631,17717.770,18342.213,18428.512,18442.195,18645.996,18322.082,18270.457,18081.324,17228.402,16525.844,15210.465,14385.784,13296.798,12553.071,11575.354,10803.608,9945.481,9221.376,8351.782,7832.476,7366.460,6629.569,6066.610,5545.362,4978.692,4372.712,3970.132,3640.477,3229.534,3002.076,2553.828,2152.278,2002.265,1688.154,1491.086,1248.198,1057.339,928.668,721.943,595.778,494.398,428.387,362.652,341.153,298.914,263.809,240.734,212.625,188.711,169.658,143.270,126.947,138.044,112.925,97.144,92.331,92.063,56.046,60.051,38.301,32.212,29.458,20.126,13.046,11.812,18.065,13.519,11.432,9.000,7.000,11.000,15.000,4.000,4.000,8.000,5.000,6.000,9.000,11.029,5.845,7.126,6.000,4.000,3.000,1.000,0.000,4.000,2.000,5.000,0.000,4.000,2.000,2.000,3.000,0.000,2.000,0.000,1.000,1.000,3.000,3.000,3.000,2.000,4.000,0.000,1.000,4.000,0.000,2.000,1.000,3.000,0.000,1.000,1.000,0.000,3.000,2.000,0.000,1.000,3.000,0.000,1.000,2.000,0.000,0.000,0.000,1.000,0.000,1.000,0.000,0.000,1.000,0.000,0.000,0.000,0.000,2.000,0.000,0.000,0.000,1.000
341,-0.082,1.224,2.000,3.000,10.555,21.750,69.670,292.680,1012.078,3207.095,5630.181,10887.451,18818.914,27023.881,36730.680,51345.430,68906.312,80022.062,20308.354,8969.824,9141.354,9309.698,9055.021,9333.735,9578.895,9571.016,9808.267,9836.736,10080.789,10227.723,10131.431,10233.032,10412.330,10662.011,10955.046,10948.865,11043.851,11289.709,11406.719,11750.425,11843.134,11781.266,11709.100,11821.677,11891.627,11721.597,11660.964,11666.541,11632.617,11130.625,10982.150,10751.629,10224.634,9649.188,9365.777,8954.936,8483.580,8193.068,7859.449,7413.341,7249.714,6736.749,6335.009,6297.089,5769.118,5520.171,5146.020,5097.213,4762.259,4645.411,4258.269,4009.142,3822.332,3655.971,3358.012,3128.951,2894.174,2651.242,2556.787,2396.040,2247.234,2105.887,1999.712,1846.628,1691.681,1492.409,1354.199,1302.864,1216.100,1076.796,965.598,913.796,838.949,701.633,659.795,615.162,521.684,448.785,390.407,348.490,322.620,277.270,269.206,242.112,215.562,212.218,201.636,166.114,176.993,163.503,133.101,137.904,127.432,113.441,108.874,94.681,92.082,78.648,85.401,85.481,74.350,69.149,58.983,49.618,71.470,58.983,36.178,43.176,34.678,37.701,21.175,19.397,19.422,15.452,16.000,13.057,8.818,6.721,9.388,13.016,9.000,7.511,8.489,4.000,8.000,4.000,5.000,7.000,8.000,10.000,3.000,2.000,2.000,6.000,3.000,3.000,6.000,1.000,5.000,9.000,7.004,3.737,4.258,5.000,2.000,5.000,2.000,0.105,2.895,0.000,1.000,0.000,3.000,1.000,2.000,3.000,2.000,0.000,4.000,0.000,2.000,0.000,2.000,1.000,2.000,1.000,0.000,1.000,0.000,0.000,2.000,0.000,2.000,1.000,3.000,1.000,3.000,1.000,0.000,4.000,0.000,0.000,1.000,1.000,3.000,0.000,1.000,1.000,1.000,1.000,2.000,0.000,0.000,1.000,1.000,0.000,0.000,2.000,2.000,1.000,0.000,0.000,1.000,2.000,0.000,1.000,0.000,1.000,1.000,1.000,0.000,0.000,0.000,0.000,1.000,0.000,0.000,1.000,0.000,0.000,0.000,0.000,0.000,1.000,0.000,0.000,0.000,0.000,0.000,0.000,1.000,1.000,0.000,0.000,0.000,0.000,0.000,1.000
342,-1.997,2.813,1.000,0.000,0.000,0.000,0.000,0.000,0.000,0.000,0.000,0.176,0.824,0.256,0.744,0.000,0.000,0.559,1.084,0.357,0.000,2.021,1.213,2.954,1.687,0.769,1.027,2.697,3.740,3.474,1.348,2.047,3.123,3.230,3.415,5.535,2.628,2.225,1.155,2.624,3.862,3.237,2.935,6.541,7.467,4.949,4.905,8.557,11.187,8.778,8.479,5.958,8.201,12.375,10.703,10.652,10.631,15.788,18.872,27.834,27.234,26.865,36.356,36.470,53.462,73.954,97.611,122.470,167.808,230.181,300.817,416.083,533.705,668.205,817.330,988.002,1190.781,1485.706,1701.235,1871.402,2107.824,2427.063,2650.681,2877.385,3149.350,3403.636,3741.230,4122.420,4560.309,5131.796,5738.274,6546.508,7947.143,9451.371,10436.234,11725.203,13191.400,14781.800,16710.295,18898.492,20863.898,23388.156,28935.801,34713.711,40777.445,40760.883,38158.328,35583.867,34244.633,32861.078,32598.090,31559.596,30960.510,29565.342,26865.066,23119.088,20423.371,19404.926,17804.074,15393.336,13132.139,11683.363,10791.570,10052.615,9194.895,7960.950,6735.851,5736.229,5020.382,4535.548,4153.731,3942.824,3640.565,3266.767,2957.345,2728.371,2421.440,2037.032,1675.940,1536.140,1342.486,1166.371,1023.435,884.879,795.097,702.064,623.620,549.551,511.762,440.301,384.935,354.512,343.214,321.262,297.839,269.217,250.341,223.991,187.281,177.804,156.885,144.669,113.050,107.710,91.952,75.439,68.744,64.966,53.902,44.663,35.938,26.241,22.023,19.950,17.357,10.798,15.434,13.842,11.195,6.806,8.637,6.878,9.010,4.583,4.460,8.577,8.944,7.846,5.183,3.956,2.928,2.390,2.020,4.572,4.633,3.025,5.028,4.800,3.816,4.584,4.073,3.293,1.575,2.553,2.946,3.517,3.547,1.089,0.714,0.405,3.524,1.768,2.480,1.766,2.384,0.876,1.095,3.424,2.933,1.110,1.562,1.022,1.185,0.748,0.000,0.233,1.368,0.569,0.905,1.066,1.722,0.136,0.342,1.482,2.275,1.296,1.374,0.231,0.000,0.000,1.000,0.214,0.943,0.843,0.000,0.000,0.404,0.932,1.213,0.451,0.000,0.000,0.000,0.000,0.000,0.000,0.000,1.000
343,-1.729,2.189,2.313,0.687,0.000,3.039,2.389,1.153,2.369,2.769,2.281,0.000,2.041,0.302,0.828,1.298,5.484,3.243,2.316,2.431,0.893,2.200,2.793,1.406,2.819,1.958,1.839,5.300,6.548,3.172,1.759,3.906,5.282,2.509,4.634,4.212,4.978,5.858,5.306,6.342,7.750,5.221,8.545,8.280,9.554,6.244,9.778,16.289,12.265,10.357,18.731,18.327,23.021,28.460,42.060,54.911,48.653,69.265,77.777,103.886,119.298,133.697,176.473,223.106,285.544,306.560,345.583,450.030,528.027,597.374,705.537,793.072,872.739,1098.719,1279.473,1586.357,1789.795,2136.023,2427.808,2887.760,3414.255,3891.273,4503.895,4935.657,5588.754,6191.121,6751.792,7315.462,8035.710,8727.109,9462.309,10396.129,11085.246,11903.881,12749.739,13436.611,14054.791,14732.196,15360.969,16041.329,16918.492,17586.271,18066.113,18996.629,19506.721,19781.871,19850.195,19697.791,20118.701,19865.457,19666.137,19315.004,18780.305,18194.037,17769.992,17644.945,17324.936,16995.396,16329.685,16010.472,15893.207,15682.436,15347.268,15069.282,14574.223,14386.957,13915.718,13412.176,12644.399,11885.887,11420.088,10918.584,10491.082,9778.635,9147.225,8675.777,8129.254,7813.820,7130.725,6585.266,6101.200,5604.086,5146.016,4577.087,4006.638,3261.873,2956.316,2739.427,2480.700,2124.785,1973.730,1748.392,1543.536,1326.412,1164.865,1063.685,960.728,826.855,675.845,664.798,536.818,457.901,392.507,300.152,279.088,261.671,205.679,174.809,143.297,115.873,106.215,76.229,85.619,73.244,55.784,44.583,45.156,45.068,31.619,38.077,21.170,21.476,11.589,15.869,11.892,13.914,12.983,8.762,9.679,10.355,4.704,6.910,2.181,5.536,3.953,6.427,5.952,6.516,5.641,5.145,2.461,1.749,3.641,5.910,6.632,1.826,4.858,2.330,1.033,1.000,1.000,1.186,3.552,1.121,1.364,1.433,2.216,1.129,0.000,0.000,0.000,1.000,1.331,0.512,3.147,0.010,1.000,0.000,0.000,1.000,0.000,0.000,0.000,0.000,1.000,0.541,1.339,0.118,1.674,0.929,0.357,0.042,0.001,0.000,0.000,0.733,1.248,0.019,0.000,1.000,0.000,0.000,0.000,0.000,0.000,0.000,0.000,1.000
344,-0.173,2.189,9.809,10.900,13.774,12.659,23.571,29.367,40.974,75.613,211.603,651.186,2023.055,5173.842,13422.768,30377.008,52975.430,79995.359,104851.953,116527.469,83044.297,15501.646,10903.467,10402.285,10334.736,9941.943,9977.830,9778.932,9581.912,9576.364,9630.010,9487.094,9285.172,9216.687,9117.712,8923.299,8880.338,8699.518,8581.610,8447.729,8253.343,8152.224,7733.831,7569.438,7292.460,7040.824,6817.188,6726.695,6494.705,6340.168,6194.339,5893.264,5673.034,5419.287,5265.429,5042.953,4895.668,4853.419,4593.927,4315.018,4189.548,3956.359,3814.614,3555.244,3392.072,3313.829,3066.791,2906.078,2631.734,2469.132,2153.138,1924.879,1849.485,1730.042,1642.753,1597.491,1482.834,1336.686,1252.426,1188.239,1113.320,1038.630,981.795,880.801,791.680,740.189,715.743,631.630,635.336,562.461,549.762,492.815,425.123,379.635,421.716,349.292,330.978,301.805,244.661,233.709,202.376,177.115,171.257,165.988,155.704,129.041,125.978,115.516,87.692,77.830,91.074,65.948,69.033,56.509,40.897,58.714,42.260,47.844,41.638,28.556,31.181,30.216,25.631,21.798,28.914,20.490,18.143,25.046,18.516,16.150,13.342,9.222,6.735,11.065,8.270,5.596,7.647,6.791,11.134,8.021,5.969,2.388,6.242,9.561,3.210,3.057,3.297,4.658,2.621,1.381,3.666,2.335,0.995,5.048,4.817,5.018,0.803,3.969,2.588,5.480,3.956,1.332,1.035,1.001,0.668,2.971,3.637,3.299,3.755,3.609,1.746,1.285,3.722,1.279,1.027,1.001,0.000,1.000,0.000,1.000,0.000,1.000,2.000,1.731,1.216,1.053,0.000,0.969,0.779,2.204,1.048,0.000,0.000,0.000,0.000,0.000,0.000,0.000,1.000,1.000,0.789,0.199,3.012,0.000,0.000,1.000,0.000,0.000,0.000,0.000,1.000,0.000,0.000,0.000,0.000,0.000,0.000,0.000,0.000,1.000,0.000,0.000,0.867,1.113,0.020,1.906,0.092,0.887,0.111,0.003,0.000,0.000,0.000,0.000,0.000,0.000,0.000,0.923,1.075,0.001,0.000,0.000,0.000,0.000,1.000,0.000,0.000,0.000,0.000,0.000,0.000,0.000,0.000,0.000,0.000,0.000,0.000,1.000
345,-0.173,2.189,9.809,10.900,13.774,12.659,23.571,29.367,40.974,76.109,215.423,665.699,2079.973,5482.103,14699.902,33998.328,62514.164,99900.953,140903.828,179429.812,153008.953,30816.357,22882.561,22670.113,22992.479,23166.795,23460.109,23569.555,23625.189,23848.820,24136.795,24138.586,24206.246,24274.691,24248.162,23909.680,23998.660,23754.008,23837.621,23962.893,23700.305,23930.461,23523.635,23368.820,23269.846,22836.320,22400.117,22054.771,21616.098,21139.574,20516.463,19933.641,18950.840,18039.336,17593.902,16662.023,15818.986,15232.387,14265.261,13151.029,12338.176,11610.368,10986.450,10351.055,9704.488,9234.719,8714.402,8345.537,7730.796,7371.960,6777.625,6402.187,5884.480,5639.377,5148.445,4837.147,4568.701,4137.512,3817.725,3471.037,3172.570,2798.958,2610.938,2292.295,2059.402,1811.911,1727.723,1470.386,1396.065,1224.376,1139.984,1011.100,903.359,769.122,799.111,677.875,647.242,552.757,461.951,463.384,398.970,335.802,308.822,297.761,265.871,264.391,228.664,202.657,181.226,160.044,155.994,120.628,131.153,97.967,99.580,107.699,95.445,96.726,78.761,54.800,47.972,57.647,52.958,36.812,44.773,29.452,31.861,32.250,24.313,25.235,16.257,11.357,6.808,14.527,11.327,7.020,9.284,8.157,11.773,8.383,6.020,2.389,6.430,10.086,3.465,3.090,4.298,4.658,2.621,1.381,3.666,2.335,0.995,5.048,4.817,5.018,0.803,3.969,2.588,5.480,3.956,1.332,1.035,1.001,0.668,2.971,3.637,3.299,3.755,3.609,1.746,1.285,3.722,1.279,1.027,1.001,0.000,1.000,0.000,1.000,0.000,1.000,2.000,1.731,1.216,1.053,0.000,0.969,0.779,2.204,1.048,0.000,0.000,0.000,0.000,0.000,0.000,0.000,1.000,1.000,0.789,0.199,3.012,0.000,0.000,1.000,0.000,0.000,0.000,0.000,1.000,0.000,0.000,0.000,0.000,0.000,0.000,0.000,0.000,1.000,0.000,0.000,0.867,1.113,0.020,1.906,0.092,0.887,0.111,0.003,0.000,0.000,0.000,0.000,0.000,0.000,0.000,0.923,1.075,0.001,0.000,0.000,0.000,0.000,1.000,0.000,0.000,0.000,0.000,0.000,0.000,0.000,0.000,0.000,0.000,0.000,0.000,1.000
346,-0.173,2.189,9.809,10.900,13.774,12.659,23.571,29.367,40.974,76.109,215.423,665.699,2079.973,5482.103,14699.902,33998.328,62514.164,99900.953,140903.828,179429.812,153008.953,30816.357,22882.561,22670.113,22992.479,23166.795,23460.109,23569.555,23625.189,23848.820,24136.795,24138.586,24206.246,24274.691,24248.162,23909.680,23998.660,23754.008,23837.621,23962.893,23700.305,23930.461,23523.635,23368.820,23269.846,22836.320,22400.117,22054.771,21616.098,21139.574,20516.463,19933.641,18950.840,18039.336,17593.902,16662.023,15818.986,15232.387,14265.261,13151.029,12338.176,11610.368,10986.450,10351.055,9704.488,9234.719,8714.402,8345.537,7730.796,7371.960,6777.625,6402.187,5884.480,5639.377,5148.445,4837.147,4568.701,4137.512,3817.725,3471.037,3172.570,2798.958,2610.938,2292.295,2059.402,1811.911,1727.723,1470.386,1396.065,1224.376,1139.984,1011.100,903.359,769.122,799.111,677.875,647.242,552.757,461.951,463.384,398.970,335.802,308.822,297.761,265.871,264.391,228.664,202.657,181.226,160.044,155.994,120.628,131.153,97.967,99.580,107.699,95.445,96.726,78.761,54.800,47.972,57.647,52.958,36.812,44.773,29.452,31.861,32.250,24.313,25.235,16.257,11.357,6.808,14.527,11.327,7.020,9.284,8.157,11.773,8.383,6.020,2.389,6.430,10.086,3.465,3.090,4.298,4.658,2.621,1.381,3.666,2.335,0.995,5.048,4.817,5.018,0.803,3.969,2.588,5.480,3.956,1.332,1.035,1.001,0.668,2.971,3.637,3.299,3.755,3.609,1.746,1.285,3.722,1.279,1.027,1.001,0.000,1.000,0.000,1.000,0.000,1.000,2.000,1.731,1.216,1.053,0.000,0.969,0.779,2.204,1.048,0.000,0.000,0.000,0.000,0.000,0.000,0.000,1.000,1.000,0.789,0.199,3.012,0.000,0.000,1.000,0.000,0.000,0.000,0.000,1.000,0.000,0.000,0.000,0.000,0.000,0.000,0.000,0.000,1.000,0.000,0.000,0.867,1.113,0.020,1.906,0.092,0.887,0.111,0.003,0.000,0.000,0.000,0.000,0.000,0.000,0.000,0.923,1.075,0.001,0.000,0.000,0.000,0.000,1.000,0.000,0.000,0.000,0.000,0.000,0.000,0.000,0.000,0.000,0.000,0.000,0.000,1.000
347,-0.173,2.189,9.809,10.900,13.774,12.659,23.571,29.367,40.974,76.109,215.423,665.699,2079.973,5482.103,14699.902,33998.328,62514.164,99900.953,140903.828,179429.812,153008.953,30816.357,22882.561,22670.113,22992.479,23166.795,23460.109,23569.555,23625.189,23848.820,24136.795,24138.586,24206.246,24274.691,24248.162,23909.680,23998.660,23754.008,23837.621,23962.893,23700.305,23930.461,23523.635,23368.820,23269.846,22836.320,22400.117,22054.771,21616.098,21139.574,20516.463,19933.641,18950.840,18039.336,17593.902,16662.023,15818.986,15232.387,14265.261,13151.029,12338.176,11610.368,10986.450,10351.055,9704.488,9234.719,8714.402,8345.537,7730.796,7371.960,6777.625,6402.187,5884.480,5639.377,5148.445,4837.147,4568.701,4137.512,3817.725,3471.037,3172.570,2798.958,2610.938,2292.295,2059.402,1811.911,1727.723,1470.386,1396.065,1224.376,1139.984,1011.100,903.359,769.122,799.111,677.875,647.242,552.757,461.951,463.384,398.970,335.802,308.822,297.761,265.871,264.391,228.664,202.657,181.226,160.044,155.994,120.628,131.153,97.967,99.580,107.699,95.445,96.726,78.761,54.800,47.972,57.647,52.958,36.812,44.773,29.452,31.861,32.250,24.313,25.235,16.257,11.357,6.808,14.527,11.327,7.020,9.284,8.157,11.773,8.383,6.020,2.389,6.430,10.086,3.465,3.090,4.298,4.658,2.621,1.381,3.666,2.335,0.995,5.048,4.817,5.018,0.803,3.969,2.588,5.480,3.956,1.332,1.035,1.001,0.668,2.971,3.637,3.299,3.755,3.609,1.746,1.285,3.722,1.279,1.027,1.001,0.000,1.000,0.000,1.000,0.000,1.000,2.000,1.731,1.216,1.053,0.000,0.969,0.779,2.204,1.048,0.000,0.000,0.000,0.000,0.000,0.000,0.000,1.000,1.000,0.789,0.199,3.012,0.000,0.000,1.000,0.000,0.000,0.000,0.000,1.000,0.000,0.000,0.000,0.000,0.000,0.000,0.000,0.000,1.000,0.000,0.000,0.867,1.113,0.020,1.906,0.092,0.887,0.111,0.003,0.000,0.000,0.000,0.000,0.000,0.000,0.000,0.923,1.075,0.001,0.000,0.000,0.000,0.000,1.000,0.000,0.000,0.000,0.000,0.000,0.000,0.000,0.000,0.000,0.000,0.000,0.000,1.000
348,-0.173,2.189,9.809,10.900,13.774,12.659,23.571,29.367,40.974,76.109,215.423,665.699,2079.973,5482.103,14699.902,33998.328,62514.164,99900.953,140903.828,179429.812,153008.953,30816.357,22882.561,22670.113,22992.479,23166.795,23460.109,23569.555,23625.189,23848.820,24136.795,24138.586,24206.246,24274.691,24248.162,23909.680,23998.660,23754.008,23837.621,23962.893,23700.305,23930.461,23523.635,23368.820,23269.846,22836.320,22400.117,22054.771,21616.098,21139.574,20516.463,19933.641,18950.840,18039.336,17593.902,16662.023,15818.986,15232.387,14265.261,13151.029,12338.176,11610.368,10986.450,10351.055,9704.488,9234.719,8714.402,8345.537,7730.796,7371.960,6777.625,6402.187,5884.480,5639.377,5148.445,4837.147,4568.701,4137.512,3817.725,3471.037,3172.570,2798.958,2610.938,2292.295,2059.402,1811.911,1727.723,1470.386,1396.065,1224.376,1139.984,1011.100,903.359,769.122,799.111,677.875,647.242,552.757,461.951,463.384,398.970,335.802,308.822,297.761,265.871,264.391,228.664,202.657,181.226,160.044,155.994,120.628,131.153,97.967,99.580,107.699,95.445,96.726,78.761,54.800,47.972,57.647,52.958,36.812,44.773,29.452,31.861,32.250,24.313,25.235,16.257,11.357,6.808,14.527,11.327,7.020,9.284,8.157,11.773,8.383,6.020,2.389,6.430,10.086,3.465,3.090,4.298,4.658,2.621,1.381,3.666,2.335,0.995,5.048,4.817,5.018,0.803,3.969,2.588,5.480,3.956,1.332,1.035,1.001,0.668,2.971,3.637,3.299,3.755,3.609,1.746,1.285,3.722,1.279,1.027,1.001,0.000,1.000,0.000,1.000,0.000,1.000,2.000,1.731,1.216,1.053,0.000,0.969,0.779,2.204,1.048,0.000,0.000,0.000,0.000,0.000,0.000,0.000,1.000,1.000,0.789,0.199,3.012,0.000,0.000,1.000,0.000,0.000,0.000,0.000,1.000,0.000,0.000,0.000,0.000,0.000,0.000,0.000,0.000,1.000,0.000,0.000,0.867,1.113,0.020,1.906,0.092,0.887,0.111,0.003,0.000,0.000,0.000,0.000,0.000,0.000,0.000,0.923,1.075,0.001,0.000,0.000,0.000,0.000,1.000,0.000,0.000,0.000,0.000,0.000,0.000,0.000,0.000,0.000,0.000,0.000,0.000,1.000
349,-0.173,2.189,9.809,10.900,13.774,12.659,23.571,29.367,40.974,76.109,215.423,665.699,2079.973,5482.103,14699.902,33998.328,62514.164,99900.953,140903.828,179429.812,153008.953,30816.357,22882.561,22670.113,22992.479,23166.795,23460.109,23569.555,23625.189,23848.820,24136.795,24138.586,24206.246,24274.691,24248.162,23909.680,23998.660,23754.008,23837.621,23962.893,23700.305,23930.461,23523.635,23368.820,23269.846,22836.320,22400.117,22054.771,21616.098,21139.574,20516.463,19933.641,18950.840,18039.336,17593.902,16662.023,15818.986,15232.387,14265.261,13151.029,12338.176,11610.368,10986.450,10351.055,9704.488,9234.719,8714.402,8345.537,7730.796,7371.960,6777.625,6402.187,5884.480,5639.377,5148.445,4837.147,4568.701,4137.512,3817.725,3471.037,3172.570,2798.958,2610.938,2292.295,2059.402,1811.911,1727.723,1470.386,1396.065,1224.376,1139.984,1011.100,903.359,769.122,799.111,677.875,647.242,552.757,461.951,463.384,398.970,335.802,308.822,297.761,265.871,264.391,228.664,202.657,181.226,160.044,155.994,120.628,131.153,97.967,99.580,107.699,95.445,96.726,78.761,54.800,47.972,57.647,52.958,36.812,44.773,29.452,31.861,32.250,24.313,25.235,16.257,11.357,6.808,14.527,11.327,7.020,9.284,8.157,11.773,8.383,6.020,2.389,6.430,10.086,3.465,3.090,4.298,4.658,2.621,1.381,3.666,2.335,0.995,5.048,4.817,5.018,0.803,3.969,2.588,5.480,3.956,1.332,1.035,1.001,0.668,2.971,3.637,3.299,3.755,3.609,1.746,1.285,3.722,1.279,1.027,1.001,0.000,1.000,0.000,1.000,0.000,1.000,2.000,1.731,1.216,1.053,0.000,0.969,0.779,2.204,1.048,0.000,0.000,0.000,0.000,0.000,0.000,0.000,1.000,1.000,0.789,0.199,3.012,0.000,0.000,1.000,0.000,0.000,0.000,0.000,1.000,0.000,0.000,0.000,0.000,0.000,0.000,0.000,0.000,1.000,0.000,0.000,0.867,1.113,0.020,1.906,0.092,0.887,0.111,0.003,0.000,0.000,0.000,0.000,0.000,0.000,0.000,0.923,1.075,0.001,0.000,0.000,0.000,0.000,1.000,0.000,0.000,0.000,0.000,0.000,0.000,0.000,0.000,0.000,0.000,0.000,0.000,1.000
350,-0.173,2.189,9.809,10.900,13.774,12.659,23.571,29.367,40.974,76.109,215.423,665.699,2079.973,5482.103,14699.902,33998.328,62514.164,99900.953,140903.828,179429.812,153008.953,30816.357,22882.561,22670.113,22992.479,23166.795,23460.109,23569.555,23625.189,23848.820,24136.795,24138.586,24206.246,24274.691,24248.162,23909.680,23998.660,23754.008,23837.621,23962.893,23700.305,23930.461,23523.635,23368.820,23269.846,22836.320,22400.117,22054.771,21616.098,21139.574,20516.463,19933.641,18950.840,18039.336,17593.902,16662.023,15818.986,15232.387,14265.261,13151.029,12338.176,11610.368,10986.450,10351.055,9704.488,9234.719,8714.402,8345.537,7730.796,7371.960,6777.625,6402.187,5884.480,5639.377,5148.445,4837.147,4568.701,4137.512,3817.725,3471.037,3172.570,2798.958,2610.938,2292.295,2059.402,1811.911,1727.723,1470.386,1396.065,1224.376,1139.984,1011.100,903.359,769.122,799.111,677.875,647.242,552.757,461.951,463.384,398.970,335.802,308.822,297.761,265.871,264.391,228.664,202.657,181.226,160.044,155.994,120.628,131.153,97.967,99.580,107.699,95.445,96.726,78.761,54.800,47.972,57.647,52.958,36.812,44.773,29.452,31.861,32.250,24.313,25.235,16.257,11.357,6.808,14.527,11.327,7.020,9.284,8.157,11.773,8.383,6.020,2.389,6.430,10.086,3.465,3.090,4.298,4.658,2.621,1.381,3.666,2.335,0.995,5.048,4.817,5.018,0.803,3.969,2.588,5.480,3.956,1.332,1.035,1.001,0.668,2.971,3.637,3.299,3.755,3.609,1.746,1.285,3.722,1.279,1.027,1.001,0.000,1.000,0.000,1.000,0.000,1.000,2.000,1.731,1.216,1.053,0.000,0.969,0.779,2.204,1.048,0.000,0.000,0.000,0.000,0.000,0.000,0.000,1.000,1.000,0.789,0.199,3.012,0.000,0.000,1.000,0.000,0.000,0.000,0.000,1.000,0.000,0.000,0.000,0.000,0.000,0.000,0.000,0.000,1.000,0.000,0.000,0.867,1.113,0.020,1.906,0.092,0.887,0.111,0.003,0.000,0.000,0.000,0.000,0.000,0.000,0.000,0.923,1.075,0.001,0.000,0.000,0.000,0.000,1.000,0.000,0.000,0.000,0.000,0.000,0.000,0.000,0.000,0.000,0.000,0.000,0.000,1.000
351,-0.173,2.189,9.809,10.900,13.774,12.659,23.571,29.367,40.974,76.109,215.423,665.699,2079.973,5482.103,14699.902,33998.328,62514.164,99900.953,140912.625,261081.469,1302900.250,128219.156,37198.852,23399.268,22992.479,23166.795,23460.109,23569.555,23625.189,23848.820,24136.795,24138.586,24206.246,24274.691,24248.162,23909.680,23998.660,23754.008,23837.621,23962.893,23700.305,23930.461,23523.635,23368.820,23269.846,22836.320,22400.117,22054.771,21616.098,21139.574,20516.463,19933.641,18950.840,18039.336,17593.902,16662.023,15818.986,15232.387,14265.261,13151.029,12338.176,11610.368,10986.450,10351.055,9704.488,9234.719,8714.402,8345.537,7730.796,7371.960,6777.625,6402.187,5884.480,5639.377,5148.445,4837.147,4568.701,4137.512,3817.725,3471.037,3172.570,2798.958,2610.938,2292.295,2059.402,1811.911,1727.723,1470.386,1396.065,1224.376,1139.984,1011.100,903.359,769.122,799.111,677.875,647.242,552.757,461.951,463.384,398.970,335.802,308.822,297.761,265.871,264.391,228.664,202.657,181.226,160.044,155.994,120.628,131.153,97.967,99.580,107.699,95.445,96.726,78.761,54.800,47.972,57.647,52.958,36.812,44.773,29.452,31.861,32.250,24.313,25.235,16.257,11.357,6.808,14.527,11.327,7.020,9.284,8.157,11.773,8.383,6.020,2.389,6.430,10.086,3.465,3.090,4.298,4.658,2.621,1.381,3.666,2.335,0.995,5.048,4.817,5.018,0.803,3.969,2.588,5.480,3.956,1.332,1.035,1.001,0.668,2.971,3.637,3.299,3.755,3.609,1.746,1.285,3.722,1.279,1.027,1.001,0.000,1.000,0.000,1.000,0.000,1.000,2.000,1.731,1.216,1.053,0.000,0.969,0.779,2.204,1.048,0.000,0.000,0.000,0.000,0.000,0.000,0.000,1.000,1.000,0.789,0.199,3.012,0.000,0.000,1.000,0.000,0.000,0.000,0.000,1.000,0.000,0.000,0.000,0.000,0.000,0.000,0.000,0.000,1.000,0.000,0.000,0.867,1.113,0.020,1.906,0.092,0.887,0.111,0.003,0.000,0.000,0.000,0.000,0.000,0.000,0.000,0.923,1.075,0.001,0.000,0.000,0.000,0.000,1.000,0.000,0.000,0.000,0.000,0.000,0.000,0.000,0.000,0.000,0.000,0.000,0.000,1.000
352,-2.300,1.430,1.000,0.000,0.000,0.000,0.000,0.000,0.000,0.002,0.098,0.900,0.000,0.000,0.000,0.000,0.000,0.000,0.000,0.000,0.000,1.000,0.000,0.000,0.000,0.000,0.000,0.000,0.000,0.049,0.324,0.520,1.107,0.000,0.000,0.000,0.000,0.000,0.000,0.000,0.000,0.000,0.000,0.000,1.309,0.691,0.000,0.000,0.337,1.663,0.000,0.000,2.000,0.000,0.000,1.000,0.000,2.000,2.000,0.010,1.247,0.489,0.239,0.015,1.452,1.553,1.573,0.904,1.389,0.122,0.138,0.501,1.876,2.627,0.732,2.270,2.538,1.198,3.510,3.569,2.223,1.506,2.062,0.787,2.069,2.049,0.801,2.622,2.260,1.227,3.406,1.679,2.031,3.826,4.125,1.947,2.594,6.553,6.104,5.250,7.023,4.859,4.366,5.995,7.530,3.839,4.306,7.757,11.937,10.458,16.027,14.374,19.101,21.398,38.206,37.650,50.865,57.683,59.737,87.144,85.901,109.355,156.203,168.681,255.860,269.340,327.466,372.352,417.186,416.785,485.805,578.217,641.011,645.593,858.805,1006.041,1240.815,1571.535,1956.903,2177.863,2365.375,2755.018,3169.048,3671.867,4774.557,6186.169,7091.456,7430.136,7701.094,8625.834,10551.586,12693.771,15043.610,17567.691,17215.145,16390.553,15645.285,14869.613,15145.675,15175.640,14479.461,14345.065,14341.807,14438.138,15552.430,16101.426,16433.236,14645.760,12990.943,12334.907,10264.858,8639.552,7155.905,5871.298,4834.292,4038.203,3556.685,3282.057,3206.601,2677.686,2149.724,1820.366,1482.081,1096.972,854.375,681.994,609.315,540.913,477.074,447.171,379.156,369.506,368.152,321.198,265.252,254.026,222.625,221.313,179.452,160.226,153.442,135.369,121.950,112.489,83.667,73.624,54.212,46.077,52.198,47.244,36.054,39.535,34.058,29.764,42.136,31.090,25.057,22.171,24.632,21.799,14.278,25.897,19.065,12.179,26.668,19.240,16.739,18.148,17.936,22.776,12.581,9.779,11.726,8.422,4.619,7.928,7.633,7.674,7.582,11.990,9.605,9.224,4.249,5.166,3.769,4.445,4.072,4.558,2.820,1.241,1.025,3.440,1.441,0.730,0.340,0.871,0.178,2.000
353,-1.758,1.226,1.000,0.000,0.000,0.000,0.638,1.362,0.000,0.000,0.000,0.000,0.000,0.000,0.000,0.000,0.000,0.000,0.000,0.000,0.000,0.000,0.000,0.000,0.000,0.000,0.000,0.003,0.986,0.084,1.429,0.499,1.000,0.000,0.000,0.000,0.000,0.000,0.000,0.000,1.000,0.000,1.000,0.034,0.215,0.772,1.177,0.442,0.284,0.072,0.004,0.000,2.000,1.000,0.000,1.000,0.000,2.000,0.000,1.000,0.055,3.186,3.743,2.760,5.285,1.564,2.407,1.558,2.564,2.600,3.861,5.339,4.339,8.596,5.644,6.430,9.068,17.936,12.756,20.141,16.335,16.481,24.598,15.054,23.711,26.832,37.405,43.647,33.797,47.083,58.977,66.991,89.815,79.200,96.636,107.920,127.746,158.194,172.427,194.872,251.608,277.101,280.433,313.379,358.687,417.613,440.259,429.047,441.382,504.201,588.304,647.755,669.353,787.065,833.101,939.099,1053.520,1135.051,1258.640,1423.136,1584.783,1753.264,1986.596,2164.361,2294.449,2580.161,2777.338,3148.922,3369.570,3715.535,4112.595,4467.411,4813.499,5276.248,5664.473,6072.380,6393.155,7021.915,7234.075,7576.134,7733.896,8054.661,8273.472,8643.775,8968.581,9331.586,9436.312,9630.594,9813.022,10056.944,10022.588,9883.958,9809.457,9641.023,9509.342,9267.718,9158.607,9102.429,8860.328,8628.160,8510.188,8384.408,8262.869,7931.348,7800.495,7429.439,7126.269,6696.222,6428.768,6094.683,5814.706,5586.582,5316.063,5007.285,4691.580,4417.411,4015.781,3783.098,3497.647,3242.738,3025.393,2766.646,2514.057,2326.903,2134.174,1925.394,1721.158,1552.303,1357.865,1213.171,1082.490,952.040,874.911,781.216,736.217,644.212,601.366,520.680,500.220,412.049,331.740,297.694,263.806,241.783,145.163,117.861,85.532,76.403,51.222,40.088,36.836,24.562,28.646,11.847,12.721,14.260,10.623,8.066,6.842,4.926,7.065,5.525,8.011,1.902,3.380,2.522,3.230,0.116,0.480,2.888,0.823,0.641,0.609,2.807,0.863,1.960,0.678,0.159,0.000,0.000,0.000,3.000,0.739,0.261,0.000,0.000,1.000,0.000,0.000,0.000,0.000,0.368,0.559,0.071,0.002,0.000,0.000,1.000
354,-0.176,1.226,1.069,1.931,0.000,0.000,0.061,0.779,3.164,0.093,2.625,1.777,2.518,5.039,8.938,13.382,17.225,35.081,82.929,119.301,232.074,446.184,823.761,1463.187,2159.794,3351.010,5350.894,8662.924,13476.291,20514.734,29121.734,36582.180,42170.605,41403.273,14129.920,5281.464,4446.042,4509.522,4391.306,4384.906,4353.624,4361.447,4242.989,4358.641,4199.097,4187.036,4162.847,4070.763,4018.171,4018.795,3977.526,3970.646,3981.795,3905.343,3909.883,3804.528,3685.570,3742.483,3711.697,3616.813,3492.501,3461.663,3385.011,3387.002,3169.130,3158.904,3040.894,3005.410,2947.238,2909.858,2762.110,2763.722,2679.403,2664.984,2542.763,2585.523,2431.558,2356.922,2371.465,2313.385,2101.170,2124.748,2065.869,1942.663,1881.283,1877.900,1753.941,1696.950,1703.687,1580.934,1520.610,1492.682,1443.586,1400.805,1293.110,1293.000,1238.987,1154.524,1134.406,1057.332,1083.034,1004.192,943.916,907.898,848.833,838.801,755.089,757.829,709.938,655.008,619.236,566.811,558.747,550.333,508.313,465.869,434.329,410.001,426.600,410.770,345.046,368.217,337.348,334.715,312.427,303.556,268.279,285.841,259.349,234.372,238.469,240.951,212.688,194.892,165.501,153.452,146.282,142.030,134.857,135.166,119.915,118.858,105.062,70.918,63.142,49.304,63.401,46.584,36.866,42.233,40.734,25.597,21.032,17.620,17.004,18.073,21.030,16.621,12.371,11.707,16.652,10.890,5.590,4.775,3.262,8.342,8.202,5.710,6.211,3.205,4.648,4.588,3.584,2.687,4.710,1.652,0.969,2.071,5.419,1.155,2.509,5.919,4.550,1.068,0.309,1.231,2.070,1.430,1.116,1.340,0.695,2.115,0.003,0.000,0.000,0.030,0.276,1.733,1.746,0.355,0.466,0.329,0.064,0.459,0.460,1.116,1.789,0.179,0.067,0.665,1.303,0.473,0.424,0.067,0.000,0.000,0.000,0.000,0.000,0.000,0.000,0.000,1.000,2.000,0.000,0.883,0.117,0.000,0.000,0.000,0.000,0.000,0.000,1.000,0.000,0.000,0.000,0.000,0.000,0.000,0.000,0.000,0.000,0.000,0.000,0.458,0.446,0.093,0.003,0.000,0.000,0.000,0.000,0.000,0.000,0.000,0.000,1.000
355,-1.148,0.856,1.000,0.000,0.000,0.000,0.000,0.000,0.000,0.000,0.000,1.003,0.203,0.833,0.371,0.592,0.135,0.906,1.634,1.583,1.384,1.535,1.473,1.245,1.711,1.831,2.171,2.601,2.801,4.169,4.145,4.069,3.947,6.004,4.865,5.584,3.168,1.669,0.966,3.626,6.025,10.503,8.452,7.164,5.378,5.664,9.470,10.734,11.626,14.068,17.929,16.577,14.578,19.590,28.005,33.463,35.860,38.554,43.547,51.057,55.830,70.043,70.983,74.597,106.566,110.605,124.593,133.744,151.562,186.268,214.835,249.538,282.835,306.963,336.367,400.910,470.934,523.651,602.376,720.627,816.021,935.365,1068.722,1226.366,1413.847,1621.996,1845.472,2063.976,2353.325,2680.370,3078.121,3478.509,4019.297,4472.703,5052.855,5710.415,6406.993,7207.126,8098.115,8895.934,9765.603,10746.855,11648.583,12675.594,13883.299,14961.583,16100.156,17214.305,18455.684,19560.652,20582.361,21720.400,22932.438,24146.715,25216.949,26601.191,27895.852,28962.535,30139.625,31178.121,32469.434,33586.965,34435.734,35143.727,35614.301,36129.203,36895.762,37233.816,37410.422,37657.008,37639.078,37427.297,37204.434,36998.906,36476.445,35979.617,35251.664,34434.504,33393.898,32399.781,31245.998,30050.143,28749.908,27390.293,26229.625,25175.957,24075.330,25415.568,31141.123,25036.076,19074.344,17909.803,16981.668,16053.072,15133.500,14163.834,13310.513,12695.814,11904.188,11048.781,10244.302,9473.059,8595.658,7858.228,7258.843,6678.108,6145.879,5674.247,5189.443,4694.674,4167.949,3773.602,3420.929,3080.868,2799.984,2493.234,2165.008,1933.302,1664.725,1448.070,1310.300,1175.182,1035.904,918.995,832.460,744.434,655.663,594.272,498.729,411.038,331.853,278.601,227.049,188.511,152.275,130.196,106.534,87.086,72.046,59.934,51.346,54.736,43.716,39.360,29.630,22.857,14.548,10.535,8.433,9.158,9.646,9.652,6.553,7.505,5.219,5.337,3.565,2.940,3.552,3.676,2.662,2.139,1.922,0.736,1.044,1.945,1.644,2.478,2.897,2.827,1.560,1.712,2.185,1.927,1.893,0.803,0.591,0.752,0.103,0.065,0.431,0.504,0.000,0.000,0.000,0.000,0.000,0.000,0.000,0.000,0.000,0.000,0.000,0.000,0.000,0.000,0.000,1.000
356,-0.115,0.856,1.000,0.368,3.002,5.272,9.177,15.570,20.566,21.854,36.234,61.862,116.354,221.239,418.835,751.460,1463.779,2939.431,5643.150,10530.794,19003.041,32496.992,52086.641,77131.719,103622.156,130233.219,154785.422,171764.812,177983.969,170514.172,149612.281,114446.367,63237.172,21395.293,10349.747,9319.646,9019.680,8794.188,8495.225,8318.047,8223.830,8022.522,7724.709,7472.464,7304.773,7060.115,6812.527,6575.768,6369.649,6279.833,6184.538,6004.741,5784.056,5616.746,5382.750,5154.636,5068.229,4859.755,4676.876,4408.869,4200.177,4003.386,3806.546,3746.562,3634.054,3419.418,3275.396,3131.696,3030.085,2946.181,2854.202,2720.793,2595.514,2479.086,2329.470,2229.972,2117.920,1989.550,1902.029,1830.195,1745.630,1650.832,1544.360,1476.359,1450.027,1362.744,1301.181,1210.833,1126.105,1061.256,1020.435,949.435,904.191,826.018,749.191,702.771,675.323,648.960,616.835,583.082,554.980,511.562,508.316,458.596,448.380,403.138,390.944,391.220,353.209,335.590,314.078,305.205,291.999,271.596,235.927,219.399,206.070,180.629,152.485,141.069,144.151,125.200,105.274,102.384,98.303,79.881,74.184,67.351,69.050,53.319,52.874,53.567,46.503,38.418,34.990,34.403,33.726,25.201,23.920,24.765,26.437,29.001,22.108,18.793,21.906,20.530,16.622,14.316,13.003,11.278,7.996,7.928,6.711,5.128,3.375,2.530,4.328,4.803,4.926,4.718,3.801,4.905,3.835,3.744,3.387,2.621,4.371,2.346,2.501,3.986,4.313,1.484,0.716,0.515,1.045,1.711,1.810,2.228,2.919,0.981,0.559,1.440,2.134,0.675,1.000,0.000,0.075,0.526,0.895,0.506,1.262,0.419,0.270,0.864,1.635,1.577,1.368,1.433,1.716,1.429,0.742,0.262,0.253,0.720,1.347,1.770,0.851,0.246,1.297,0.981,0.394,0.259,0.528,0.327,0.124,0.413,0.409,0.103,0.000,0.000,0.000,0.000,0.396,0.488,0.117,0.000,0.000,0.000,0.000,0.000,0.000,0.000,0.000,0.000,0.000,0.000,0.000,0.000,0.000,0.000,0.000,0.000,0.000,0.000,0.000,0.000,0.000,0.000,0.000,0.000,0.000,0.000,0.000,0.000,0.000,0.000,0.000,1.000
357,-0.115,0.856,1.000,0.368,3.002,5.272,9.177,15.570,20.566,21.854,36.234,61.862,116.354,221.239,418.835,751.460,1463.779,2939.431,5643.150,10530.794,19003.041,32496.992,52086.641,77131.719,103622.156,130233.219,154785.422,171764.812,178056.062,175845.438,229164.562,490678.062,674665.062,272971.812,29160.305,10312.050,9025.070,8794.188,8495.225,8318.047,8223.830,8022.522,7724.709,7472.464,7304.773,7060.115,6812.527,6575.768,6369.649,6279.833,6184.538,6004.741,5784.056,5616.746,5382.750,5154.636,5068.229,4859.755,4676.876,4408.869,4200.177,4003.386,3806.546,3746.562,3634.054,3419.418,3275.396,3131.696,3030.085,2946.181,2854.202,2720.793,2595.514,2479.086,2329.470,2229.972,2117.920,1989.550,1902.029,1830.195,1745.630,1650.832,1544.360,1476.359,1450.027,1362.744,1301.181,1210.833,1126.105,1061.256,1020.435,949.435,904.191,826.018,749.191,702.771,675.323,648.960,616.835,583.082,554.980,511.562,508.316,458.596,448.380,403.138,390.944,391.220,353.209,335.590,314.078,305.205,291.999,271.596,235.927,219.399,206.070,180.629,152.485,141.069,144.151,125.200,105.274,102.384,98.303,79.881,74.184,67.351,69.050,53.319,52.874,53.567,46.503,38.418,34.990,34.403,33.726,25.201,23.920,24.765,26.437,29.001,22.108,18.793,21.906,20.530,16.622,14.316,13.003,11.278,7.996,7.928,6.711,5.128,3.375,2.530,4.328,4.803,4.926,4.718,3.801,4.905,3.835,3.744,3.387,2.621,4.371,2.346,2.501,3.986,4.313,1.484,0.716,0.515,1.045,1.711,1.810,2.228,2.919,0.981,0.559,1.440,2.134,0.675,1.000,0.000,0.075,0.526,0.895,0.506,1.262,0.419,0.270,0.864,1.635,1.577,1.368,1.433,1.716,1.429,0.742,0.262,0.253,0.720,1.347,1.770,0.851,0.246,1.297,0.981,0.394,0.259,0.528,0.327,0.124,0.413,0.409,0.103,0.000,0.000,0.000,0.000,0.396,0.488,0.117,0.000,0.000,0.000,0.000,0.000,0.000,0.000,0.000,0.000,0.000,0.000,0.000,0.000,0.000,0.000,0.000,0.000,0.000,0.000,0.000,0.000,0.000,0.000,0.000,0.000,0.000,0.000,0.000,0.000,0.000,0.000,0.000,1.000
358,-3.236,4.785,1.000,0.000,0.000,0.000,0.000,0.000,0.000,0.000,0.000,0.000,0.000,0.000,0.000,0.000,0.030,0.341,0.980,0.645,0.004,1.000,0.000,0.161,1.734,0.105,0.000,0.000,0.000,0.000,0.107,0.474,1.520,0.419,0.608,0.945,0.818,0.419,0.930,2.983,1.306,1.489,1.238,0.696,0.773,2.433,0.687,1.313,1.254,3.840,1.454,2.602,1.235,1.198,2.066,2.608,3.188,3.056,3.769,2.413,2.416,3.561,5.529,7.829,8.950,10.471,12.604,10.775,15.998,13.856,20.913,21.580,28.273,31.108,39.597,53.974,60.736,70.479,85.013,117.799,158.092,180.053,227.809,292.679,362.520,433.581,530.667,608.204,723.773,830.879,958.717,1128.896,1460.432,1957.792,2978.939,4647.379,7168.293,9715.785,12856.567,17728.215,24790.605,31858.059,32819.109,29623.430,27926.660,28749.447,26872.326,27646.152,27937.898,25957.457,21938.953,16297.571,11293.883,7969.624,5764.441,4129.758,3014.383,2387.891,1831.064,1426.028,1133.123,947.158,804.240,630.005,533.301,424.075,338.676,266.528,223.132,161.473,120.451,95.666,72.759,61.207,49.046,42.652,23.492,31.421,21.536,15.996,10.203,13.076,12.293,5.724,5.507,6.538,4.041,5.658,4.777,4.550,3.729,3.339,3.826,2.762,3.255,0.535,0.713,1.721,2.819,1.616,0.453,2.904,3.429,1.371,1.498,2.149,2.636,2.176,0.591,0.464,0.314,1.042,0.439,0.599,0.313,0.471,0.363,0.728,0.930,1.160,0.890,1.106,0.327,0.492,0.199,0.515,0.555,0.568,0.345,0.000,1.000,0.000,0.643,0.930,0.923,0.453,0.052,1.000,0.000,0.176,0.628,0.581,0.470,0.144,0.000,0.000,0.000,0.671,1.049,0.280,0.000,0.000,0.000,0.000,0.000,0.000,0.000,0.000,0.046,1.163,0.620,0.157,0.015,0.000,0.000,0.000,0.000,0.163,0.535,1.282,0.020,0.000,0.000,0.000,1.000,0.186,0.796,0.018,0.000,0.003,0.997,0.000,0.000,0.000,0.000,0.000,1.000,0.000,0.000,0.000,0.000,0.000,0.000,0.000,0.129,0.871,0.000,1.000
359,-2.576,1.539,1.000,0.000,1.000,0.000,0.000,0.000,0.000,0.000,0.000,0.000,0.000,0.000,0.000,0.000,0.000,0.000,0.000,0.000,0.000,0.000,0.000,0.000,0.000,0.095,0.528,0.377,0.000,2.000,0.000,0.000,0.000,1.000,0.000,0.000,0.000,0.000,0.000,0.000,0.000,0.621,0.346,0.139,1.879,0.695,0.311,0.550,0.713,1.602,0.197,0.997,1.170,2.771,0.836,0.162,0.010,0.000,0.047,0.346,0.664,1.570,1.319,2.108,1.744,0.574,1.973,0.948,1.870,1.189,2.170,1.382,0.167,2.025,1.322,0.898,3.525,2.420,2.691,1.944,2.738,3.444,2.152,2.858,5.428,3.537,2.910,4.693,4.848,6.421,4.416,7.579,9.395,8.953,10.381,10.014,9.558,13.099,15.132,13.961,18.110,18.515,17.184,24.464,25.134,27.941,34.927,42.259,39.623,44.609,51.029,64.019,66.115,75.286,90.491,100.806,110.803,146.164,175.657,194.763,234.546,283.676,346.839,395.426,458.410,503.151,598.795,679.494,799.731,868.571,958.622,1121.202,1283.583,1489.925,1680.534,1908.422,2150.983,2470.397,2750.151,3147.409,3503.777,3854.839,4352.901,4851.548,5462.495,5957.785,6576.879,7428.430,8192.877,8990.761,9792.561,10462.963,11218.366,12103.742,12496.070,13136.204,13978.913,14705.185,15072.133,15207.859,15388.766,15411.102,15524.985,15433.727,15080.642,14620.801,14131.182,13453.128,12725.304,11840.404,10677.936,9457.353,8407.342,7481.169,6570.265,5669.268,4780.943,3954.930,3265.306,2834.809,2224.267,1733.466,1402.795,1139.183,901.167,761.253,642.148,567.004,462.394,336.892,302.026,264.147,214.169,173.961,139.130,140.471,120.599,96.508,83.587,78.957,57.630,42.251,38.618,32.019,29.652,26.090,25.325,13.837,11.241,12.296,14.684,14.123,12.071,9.648,8.132,7.350,5.466,7.848,8.091,7.098,6.045,4.886,3.539,4.028,4.353,4.426,4.408,4.043,4.542,2.179,4.269,2.940,1.719,0.059,1.012,1.623,7.229,2.176,3.531,2.083,1.810,3.620,3.784,1.155,1.560,0.341,0.348,0.726,0.000,0.000,0.000,0.771,1.229,0.000,0.000,0.000,0.000,1.000
360,-0.258,1.539,2.000,0.000,0.000,0.000,0.039,0.372,2.589,1.046,0.455,2.056,4.266,4.158,2.485,4.696,5.351,6.649,6.518,11.081,16.081,19.158,34.724,47.164,79.937,117.554,202.431,380.355,750.605,1493.174,2771.727,4908.379,8503.056,14275.468,22958.309,35258.594,48798.355,59700.348,42831.031,13006.296,7141.895,6817.800,6666.917,6612.792,6623.259,6443.703,6305.971,6235.135,6215.958,6046.393,5869.574,5809.297,5660.135,5437.931,5225.735,5183.590,4984.534,4691.990,4477.349,4287.266,3920.729,3854.835,3558.684,3398.718,3338.788,3058.282,2886.968,2736.136,2580.194,2399.566,2183.963,2054.054,1845.703,1702.394,1602.773,1455.010,1356.186,1293.962,1223.688,1064.727,984.311,866.192,770.804,707.335,636.860,594.067,552.638,472.952,442.941,395.052,351.889,332.267,325.866,289.509,282.452,249.875,248.659,234.986,220.172,179.148,146.910,136.983,146.738,133.215,117.011,120.229,107.350,98.970,90.947,79.678,71.788,65.491,58.835,58.291,59.786,64.199,57.072,51.644,44.091,38.095,41.290,35.330,36.860,39.813,30.222,31.881,25.549,16.480,15.879,18.458,19.084,15.455,14.379,11.278,13.896,16.419,11.896,9.796,11.120,10.898,11.619,6.933,5.387,7.299,4.168,3.114,4.161,6.116,6.796,3.832,8.511,6.203,8.910,4.701,4.017,2.036,4.394,5.071,4.306,4.234,1.858,1.638,3.695,0.970,3.308,4.709,4.516,2.388,3.000,3.969,3.169,2.410,2.444,2.121,2.603,1.132,1.217,2.895,1.829,1.633,0.631,2.077,1.486,1.823,2.285,1.292,3.280,2.279,1.596,0.790,2.994,1.040,1.586,0.100,1.605,1.498,2.703,0.897,1.128,0.169,1.000,0.000,0.000,1.000,0.000,0.009,0.279,2.357,1.704,4.672,0.952,0.027,2.000,0.847,1.890,2.107,0.155,0.000,1.143,1.477,1.980,1.825,2.426,0.467,0.451,0.198,0.580,0.981,0.349,0.109,0.012,0.000,0.724,0.276,0.000,0.000,0.000,0.000,0.000,0.000,0.000,0.000,0.000,0.000,0.665,1.335,0.000,0.000,0.000,0.000,0.000,0.000,0.000,0.000,0.000,0.000,0.000,1.000
361,-0.258,1.539,2.000,0.000,0.000,0.000,0.039,0.372,2.589,1.046,0.455,2.094,4.582,4.952,4.173,4.868,5.478,7.180,9.212,13.001,18.480,21.038,41.794,58.373,99.674,160.517,307.672,586.851,1223.937,2532.887,4799.424,8369.047,14762.787,25622.166,42813.551,67056.844,93287.766,113263.961,80895.547,24404.988,13171.809,12593.714,12229.463,12226.433,12177.626,11935.221,11787.273,11594.261,11527.243,11270.344,10989.531,10916.649,10757.830,10495.347,10205.619,10063.949,9730.057,9474.307,9112.410,8775.312,8325.344,8114.630,7634.632,7392.980,7220.507,6845.516,6565.903,6266.639,6029.092,5808.780,5477.129,5224.949,4876.388,4716.314,4439.813,4167.666,3984.320,3770.922,3610.760,3334.003,3198.037,2943.716,2710.900,2642.008,2428.299,2353.916,2207.501,2031.583,1917.177,1776.555,1701.208,1591.031,1512.398,1406.709,1333.168,1219.396,1183.866,1062.834,991.636,911.875,847.272,774.088,725.924,676.029,655.477,615.119,578.753,542.902,509.372,471.504,436.866,426.526,384.548,367.992,355.832,333.079,294.985,255.241,234.180,224.122,212.324,186.513,186.992,151.879,120.018,105.908,96.461,71.409,66.410,69.215,51.132,40.035,38.766,32.556,37.873,34.791,26.264,29.896,21.165,16.915,17.870,18.422,12.182,14.878,10.057,7.459,10.307,9.019,11.398,6.552,11.042,11.419,10.688,10.578,9.077,3.686,5.513,7.433,5.983,6.205,2.935,3.673,3.752,0.970,3.356,6.226,6.618,3.082,3.447,4.205,3.663,2.813,4.632,2.692,3.064,1.773,2.474,3.245,2.277,1.770,0.636,2.077,1.486,1.827,2.448,2.160,5.262,2.563,2.105,0.980,2.994,1.040,1.586,0.100,2.605,1.498,2.703,0.897,1.128,0.169,1.000,0.000,0.000,1.086,0.455,0.467,0.279,2.357,1.704,4.672,0.952,0.084,2.383,1.307,1.990,2.107,0.155,0.000,1.143,1.477,1.980,1.825,2.426,0.467,0.451,0.198,0.580,0.981,0.349,0.109,0.012,0.000,0.724,0.276,0.000,0.000,0.000,0.000,0.000,0.000,0.000,0.000,0.000,0.000,0.665,1.335,0.000,0.000,0.000,0.000,0.000,0.000,0.000,0.000,0.000,0.000,0.000,1.000
362,-0.258,1.539,2.000,0.000,0.000,0.000,0.039,0.372,2.589,1.046,0.455,2.094,4.582,4.952,4.173,4.868,5.478,7.180,9.212,13.001,18.480,21.038,41.794,58.373,99.674,160.517,307.672,586.851,1223.937,2532.887,4799.424,8369.047,14762.787,25622.166,42813.551,67056.844,93287.766,113263.961,80895.547,24404.988,13171.809,12593.714,12229.463,12226.433,12177.626,11935.221,11787.273,11594.261,11527.243,11270.344,10989.531,10916.649,10757.830,10495.347,10205.619,10063.949,9730.057,9474.307,9112.410,8775.312,8325.344,8114.630,7634.632,7392.980,7220.507,6845.516,6565.903,6266.639,6029.092,5808.780,5477.129,5224.949,4876.388,4716.314,4439.813,4167.666,3984.320,3770.922,3610.760,3334.003,3198.037,2943.716,2710.900,2642.008,2428.299,2353.916,2207.501,2031.583,1917.177,1776.555,1701.208,1591.031,1512.398,1406.709,1333.168,1219.396,1183.866,1062.834,991.636,911.875,847.272,774.088,725.924,676.029,655.477,615.119,578.753,542.902,509.372,471.504,436.866,426.526,384.548,367.992,355.832,333.079,294.985,255.241,234.180,224.122,212.324,186.513,186.992,151.879,120.018,105.908,96.461,71.409,66.410,69.215,51.132,40.035,38.766,32.556,37.873,34.791,26.264,29.896,21.165,16.915,17.870,18.422,12.182,14.878,10.057,7.459,10.307,9.019,11.398,6.552,11.042,11.419,10.688,10.578,9.077,3.686,5.513,7.433,5.983,6.205,2.935,3.673,3.752,0.970,3.356,6.226,6.618,3.082,3.447,4.205,3.663,2.813,4.632,2.692,3.064,1.773,2.474,3.245,2.277,1.770,0.636,2.077,1.486,1.827,2.448,2.160,5.262,2.563,2.105,0.980,2.994,1.040,1.586,0.100,2.605,1.498,2.703,0.897,1.128,0.169,1.000,0.000,0.000,1.086,0.455,0.467,0.279,2.357,1.704,4.672,0.952,0.084,2.383,1.307,1.990,2.107,0.155,0.000,1.143,1.477,1.980,1.825,2.426,0.467,0.451,0.198,0.580,0.981,0.349,0.109,0.012,0.000,0.724,0.276,0.000,0.000,0.000,0.000,0.000,0.000,0.000,0.000,0.000,0.000,0.665,1.335,0.000,0.000,0.000,0.000,0.000,0.000,0.000,0.000,0.000,0.000,0.000,1.000
363,-0.258,1.539,2.000,0.000,0.000,0.000,0.039,0.372,2.589,1.046,0.455,2.094,4.582,4.952,4.173,4.868,5.478,7.180,9.212,13.001,18.480,21.038,41.794,58.373,99.674,160.517,307.672,586.851,1223.937,2532.887,4799.424,8369.047,14762.787,25622.166,42813.551,67056.844,93287.766,113263.961,80895.547,24404.988,13171.809,12593.714,12229.463,12226.433,12177.626,11935.221,11787.273,11594.261,11527.243,11270.344,10989.531,10916.649,10757.830,10495.347,10205.619,10063.949,9730.057,9474.307,9112.410,8775.312,8325.344,8114.630,7634.632,7392.980,7220.507,6845.516,6565.903,6266.639,6029.092,5808.780,5477.129,5224.949,4876.388,4716.314,4439.813,4167.666,3984.320,3770.922,3610.760,3334.003,3198.037,2943.716,2710.900,2642.008,2428.299,2353.916,2207.501,2031.583,1917.177,1776.555,1701.208,1591.031,1512.398,1406.709,1333.168,1219.396,1183.866,1062.834,991.636,911.875,847.272,774.088,725.924,676.029,655.477,615.119,578.753,542.902,509.372,471.504,436.866,426.526,384.548,367.992,355.832,333.079,294.985,255.241,234.180,224.122,212.324,186.513,186.992,151.879,120.018,105.908,96.461,71.409,66.410,69.215,51.132,40.035,38.766,32.556,37.873,34.791,26.264,29.896,21.165,16.915,17.870,18.422,12.182,14.878,10.057,7.459,10.307,9.019,11.398,6.552,11.042,11.419,10.688,10.578,9.077,3.686,5.513,7.433,5.983,6.205,2.935,3.673,3.752,0.970,3.356,6.226,6.618,3.082,3.447,4.205,3.663,2.813,4.632,2.692,3.064,1.773,2.474,3.245,2.277,1.770,0.636,2.077,1.486,1.827,2.448,2.160,5.262,2.563,2.105,0.980,2.994,1.040,1.586,0.100,2.605,1.498,2.703,0.897,1.128,0.169,1.000,0.000,0.000,1.086,0.455,0.467,0.279,2.357,1.704,4.672,0.952,0.084,2.383,1.307,1.990,2.107,0.155,0.000,1.143,1.477,1.980,1.825,2.426,0.467,0.451,0.198,0.580,0.981,0.349,0.109,0.012,0.000,0.724,0.276,0.000,0.000,0.000,0.000,0.000,0.000,0.000,0.000,0.000,0.000,0.665,1.335,0.000,0.000,0.000,0.000,0.000,0.000,0.000,0.000,0.000,0.000,0.000,1.000
364,-0.258,1.539,2.000,0.000,0.000,0.000,0.039,0.372,2.589,1.046,0.455,2.094,4.582,4.952,4.173,4.868,5.478,7.180,9.212,13.001,18.480,21.038,41.794,58.373,99.674,160.517,307.672,586.851,1223.937,2532.887,4799.424,8369.047,14762.787,25622.166,42813.551,67056.844,93287.766,113263.961,80895.547,24404.988,13171.809,12593.714,12229.463,12226.433,12177.626,11935.221,11787.273,11594.261,11527.243,11270.344,10989.531,10916.649,10757.830,10495.347,10205.619,10063.949,9730.057,9474.307,9112.410,8775.312,8325.344,8114.630,7634.632,7392.980,7220.507,6845.516,6565.903,6266.639,6029.092,5808.780,5477.129,5224.949,4876.388,4716.314,4439.813,4167.666,3984.320,3770.922,3610.760,3334.003,3198.037,2943.716,2710.900,2642.008,2428.299,2353.916,2207.501,2031.583,1917.177,1776.555,1701.208,1591.031,1512.398,1406.709,1333.168,1219.396,1183.866,1062.834,991.636,911.875,847.272,774.088,725.924,676.029,655.477,615.119,578.753,542.902,509.372,471.504,436.866,426.526,384.548,367.992,355.832,333.079,294.985,255.241,234.180,224.122,212.324,186.513,186.992,151.879,120.018,105.908,96.461,71.409,66.410,69.215,51.132,40.035,38.766,32.556,37.873,34.791,26.264,29.896,21.165,16.915,17.870,18.422,12.182,14.878,10.057,7.459,10.307,9.019,11.398,6.552,11.042,11.419,10.688,10.578,9.077,3.686,5.513,7.433,5.983,6.205,2.935,3.673,3.752,0.970,3.356,6.226,6.618,3.082,3.447,4.205,3.663,2.813,4.632,2.692,3.064,1.773,2.474,3.245,2.277,1.770,0.636,2.077,1.486,1.827,2.448,2.160,5.262,2.563,2.105,0.980,2.994,1.040,1.586,0.100,2.605,1.498,2.703,0.897,1.128,0.169,1.000,0.000,0.000,1.086,0.455,0.467,0.279,2.357,1.704,4.672,0.952,0.084,2.383,1.307,1.990,2.107,0.155,0.000,1.143,1.477,1.980,1.825,2.426,0.467,0.451,0.198,0.580,0.981,0.349,0.109,0.012,0.000,0.724,0.276,0.000,0.000,0.000,0.000,0.000,0.000,0.000,0.000,0.000,0.000,0.665,1.335,0.000,0.000,0.000,0.000,0.000,0.000,0.000,0.000,0.000,0.000,0.000,1.000
365,-0.258,1.539,2.000,0.000,0.000,0.000,0.039,0.372,2.589,1.046,0.455,2.094,4.582,4.952,4.173,4.868,5.478,7.180,9.212,13.001,18.480,21.038,41.794,58.373,99.674,160.517,307.672,586.851,1223.937,2532.887,4799.424,8369.047,14762.787,25622.166,42813.551,67056.844,93287.766,113263.961,80895.547,24404.988,13171.809,12593.714,12229.463,12226.433,12177.626,11935.221,11787.273,11594.261,11527.243,11270.344,10989.531,10916.649,10757.830,10495.347,10205.619,10063.949,9730.057,9474.307,9112.410,8775.312,8325.344,8114.630,7634.632,7392.980,7220.507,6845.516,6565.903,6266.639,6029.092,5808.780,5477.129,5224.949,4876.388,4716.314,4439.813,4167.666,3984.320,3770.922,3610.760,3334.003,3198.037,2943.716,2710.900,2642.008,2428.299,2353.916,2207.501,2031.583,1917.177,1776.555,1701.208,1591.031,1512.398,1406.709,1333.168,1219.396,1183.866,1062.834,991.636,911.875,847.272,774.088,725.924,676.029,655.477,615.119,578.753,542.902,509.372,471.504,436.866,426.526,384.548,367.992,355.832,333.079,294.985,255.241,234.180,224.122,212.324,186.513,186.992,151.879,120.018,105.908,96.461,71.409,66.410,69.215,51.132,40.035,38.766,32.556,37.873,34.791,26.264,29.896,21.165,16.915,17.870,18.422,12.182,14.878,10.057,7.459,10.307,9.019,11.398,6.552,11.042,11.419,10.688,10.578,9.077,3.686,5.513,7.433,5.983,6.205,2.935,3.673,3.752,0.970,3.356,6.226,6.618,3.082,3.447,4.205,3.663,2.813,4.632,2.692,3.064,1.773,2.474,3.245,2.277,1.770,0.636,2.077,1.486,1.827,2.448,2.160,5.262,2.563,2.105,0.980,2.994,1.040,1.586,0.100,2.605,1.498,2.703,0.897,1.128,0.169,1.000,0.000,0.000,1.086,0.455,0.467,0.279,2.357,1.704,4.672,0.952,0.084,2.383,1.307,1.990,2.107,0.155,0.000,1.143,1.477,1.980,1.825,2.426,0.467,0.451,0.198,0.580,0.981,0.349,0.109,0.012,0.000,0.724,0.276,0.000,0.000,0.000,0.000,0.000,0.000,0.000,0.000,0.000,0.000,0.665,1.335,0.000,0.000,0.000,0.000,0.000,0.000,0.000,0.000,0.000,0.000,0.000,1.000
366,-0.117,1.453,1.000,4.769,3.816,8.624,21.968,30.162,57.743,101.879,282.475,643.126,1439.506,2912.052,5414.073,9552.540,15824.271,25124.115,36145.805,48331.102,49321.676,17192.875,6306.456,6065.969,6130.514,6052.444,6049.285,6138.192,6042.104,6089.315,5935.136,5870.991,5879.141,5788.633,5828.057,5711.073,5645.685,5559.810,5404.012,5332.900,5263.982,4997.338,4929.294,4731.641,4454.486,4333.564,4051.673,3980.847,3781.171,3642.081,3553.301,3339.430,3153.329,3087.551,2999.695,2797.279,2690.034,2625.478,2510.836,2337.348,2284.132,2187.134,1996.520,1972.748,1952.829,1807.967,1768.012,1592.419,1525.538,1457.744,1286.120,1246.384,1155.529,1109.316,1089.890,973.377,912.367,796.845,828.514,731.870,727.130,696.922,641.462,651.497,602.780,545.559,507.097,496.501,447.076,451.625,355.023,379.310,357.987,307.243,283.783,289.353,307.977,241.625,242.548,234.041,217.016,202.066,198.422,187.592,196.757,156.915,144.611,160.230,128.769,118.313,119.261,82.894,94.273,92.998,86.826,84.442,75.981,73.872,55.416,48.148,42.527,38.210,28.529,29.027,39.548,26.503,17.764,18.123,12.902,18.453,24.465,13.167,15.245,13.000,13.206,6.701,9.513,2.558,6.695,3.554,7.079,5.058,4.315,1.365,3.548,3.096,6.468,4.612,3.905,5.826,2.965,6.700,3.023,4.338,1.521,1.811,2.044,1.649,1.006,1.630,1.004,0.988,3.120,0.886,0.410,1.421,4.824,3.517,1.263,1.447,2.013,1.560,1.466,2.081,3.472,0.528,0.485,0.515,0.000,0.310,1.818,1.205,0.667,0.529,2.006,1.006,0.815,2.597,1.046,0.567,4.154,1.279,1.000,0.593,1.006,1.401,0.612,0.388,1.000,0.000,0.000,1.644,1.006,0.350,0.000,0.000,1.000,0.000,0.000,1.000,0.000,0.000,0.000,0.000,2.000,0.733,3.267,0.000,0.000,1.000,0.000,1.000,1.000,2.567,0.433,0.000,0.000,0.000,1.000,0.000,0.523,1.387,0.084,0.006,0.000,0.000,1.000,0.000,0.000,0.000,0.000,0.000,0.000,1.000,0.000,0.000,0.000,0.000,0.000,0.000,0.000,0.000,0.000,0.000,0.000,0.000,0.000,1.000
367,-0.117,1.453,1.000,4.769,3.816,8.624,21.968,30.162,57.743,101.879,282.475,643.126,1439.506,2912.052,5414.073,9552.540,15824.271,25124.115,36145.805,48331.102,49321.676,17192.875,6306.456,6065.969,6130.514,6052.444,6049.285,6138.192,6042.104,6089.315,5935.136,5870.991,5879.141,5788.633,5828.057,5711.073,5645.685,5559.810,5404.012,5332.900,5263.982,4997.338,4929.294,4731.641,4454.486,4333.564,4051.673,3980.847,3781.171,3642.081,3553.301,3339.430,3153.329,3087.551,2999.695,2797.279,2690.034,2625.478,2510.836,2337.348,2284.132,2187.134,1996.520,1972.748,1952.829,1807.967,1768.012,1592.419,1525.538,1457.744,1286.120,1246.384,1155.529,1109.316,1089.890,973.377,912.367,796.845,828.514,731.870,727.130,696.922,641.462,651.497,602.780,545.559,507.097,496.501,447.076,451.625,355.023,379.310,357.987,307.243,283.783,289.353,307.977,241.625,242.548,234.041,217.016,202.066,198.422,187.592,196.757,156.915,144.611,160.230,128.769,118.313,119.261,82.894,94.273,92.998,86.826,84.442,75.981,73.872,55.416,48.148,42.527,38.210,28.529,29.027,39.548,26.503,17.764,18.123,12.902,18.453,24.465,13.167,15.245,13.000,13.206,6.701,9.513,2.558,6.695,3.554,7.079,5.058,4.315,1.365,3.548,3.096,6.468,4.612,3.905,5.826,2.965,6.700,3.023,4.338,1.521,1.811,2.044,1.649,1.006,1.630,1.004,0.988,3.120,0.886,0.410,1.421,4.824,3.517,1.263,1.447,2.013,1.560,1.466,2.081,3.472,0.528,0.485,0.515,0.000,0.310,1.818,1.205,0.667,0.529,2.006,1.006,0.815,2.597,1.046,0.567,4.154,1.279,1.000,0.593,1.006,1.401,0.612,0.388,1.000,0.000,0.000,1.644,1.006,0.350,0.000,0.000,1.000,0.000,0.000,1.000,0.000,0.000,0.000,0.000,2.000,0.733,3.267,0.000,0.000,1.000,0.000,1.000,1.000,2.567,0.433,0.000,0.000,0.000,1.000,0.000,0.523,1.387,0.084,0.006,0.000,0.000,1.000,0.000,0.000,0.000,0.000,0.000,0.000,1.000,0.000,0.000,0.000,0.000,0.000,0.000,0.000,0.000,0.000,0.000,0.000,0.000,0.000,1.000
368,-0.258,1.539,2.000,0.000,0.000,0.000,0.041,0.379,2.580,1.000,0.511,2.251,4.257,5.272,4.153,4.964,5.608,7.242,9.451,11.441,18.143,20.713,38.633,51.414,94.012,142.368,280.671,530.771,1093.701,2128.400,3814.480,6094.776,9937.167,16298.324,26409.004,39651.211,51875.250,55679.809,39150.109,11714.828,5700.191,5561.044,5327.650,5277.488,5085.990,5085.108,4900.375,4849.220,4762.277,4600.391,4385.793,4390.720,4375.018,4202.945,4057.477,4033.825,3971.599,3798.627,3785.829,3682.880,3574.936,3523.358,3237.713,3209.901,3202.280,3081.073,2943.245,2803.750,2760.559,2698.466,2480.331,2378.622,2223.030,2102.599,2018.034,1898.257,1781.390,1673.719,1626.663,1547.700,1436.820,1394.357,1314.507,1249.619,1190.714,1107.551,1117.189,1036.960,981.586,908.445,872.056,807.471,749.362,681.917,686.135,612.033,609.741,553.475,489.620,477.107,428.865,394.562,389.330,345.604,326.949,316.424,297.359,279.313,276.092,240.069,217.642,207.059,196.984,188.675,195.266,196.434,158.045,144.952,121.202,115.912,111.709,104.864,102.356,79.179,63.541,53.517,54.415,37.623,32.472,30.261,26.877,19.843,18.470,13.705,12.726,17.952,14.272,12.349,10.390,8.659,14.136,10.546,7.474,6.814,5.834,4.774,6.052,5.231,4.603,2.252,4.539,6.380,4.234,7.262,4.391,2.133,2.942,5.278,4.844,4.409,1.964,1.920,1.238,0.000,1.313,1.895,2.586,1.517,2.171,2.561,1.520,0.411,1.027,1.934,2.082,1.452,2.653,1.407,1.619,0.676,0.164,0.012,0.000,0.020,0.387,1.644,2.013,0.403,0.437,0.234,1.536,0.294,1.032,0.000,1.268,1.732,1.000,0.132,0.599,0.269,0.000,0.000,0.038,0.345,0.473,0.145,0.230,0.494,0.978,2.010,0.272,0.016,1.119,0.689,0.192,0.000,0.000,0.000,1.193,1.912,1.272,0.623,1.000,0.193,0.517,0.269,0.020,0.612,0.352,0.037,0.000,0.000,0.000,0.000,0.000,0.000,0.000,0.000,0.000,0.000,0.000,0.000,0.000,0.000,0.654,0.346,0.000,0.000,0.000,0.000,0.000,0.000,0.000,0.000,0.000,0.000,0.000,1.000
369,-0.258,1.539,2.000,0.000,0.000,0.000,0.041,0.379,2.580,1.000,0.511,2.251,4.257,5.272,4.153,4.964,5.608,7.242,9.451,11.441,18.143,20.713,38.633,51.414,94.012,142.368,280.671,530.771,1093.701,2128.400,3814.480,6094.776,9937.167,16298.324,26409.004,39651.211,51875.250,55679.809,39150.109,11714.828,5700.191,5561.044,5327.650,5277.488,5085.990,5085.108,4900.375,4849.220,4762.277,4600.391,4385.793,4390.720,4375.018,4202.945,4057.477,4033.825,3971.599,3798.627,3785.829,3682.880,3574.936,3523.358,3237.713,3209.901,3202.280,3081.073,2943.245,2803.750,2760.559,2698.466,2480.331,2378.622,2223.030,2102.599,2018.034,1898.257,1781.390,1673.719,1626.663,1547.700,1436.820,1394.357,1314.507,1249.619,1190.714,1107.551,1117.189,1036.960,981.586,908.445,872.056,807.471,749.362,681.917,686.135,612.033,609.741,553.475,489.620,477.107,428.865,394.562,389.330,345.604,326.949,316.424,297.359,279.313,276.092,240.069,217.642,207.059,196.984,188.675,195.266,196.434,158.045,144.952,121.202,115.912,111.709,104.864,102.356,79.179,63.541,53.517,54.415,37.623,32.472,30.261,26.877,19.843,18.470,13.705,12.726,17.952,14.272,12.349,10.390,8.659,14.136,10.546,7.474,6.814,5.834,4.774,6.052,5.231,4.603,2.252,4.539,6.380,4.234,7.262,4.391,2.133,2.942,5.278,4.844,4.409,1.964,1.920,1.238,0.000,1.313,1.895,2.586,1.517,2.171,2.561,1.520,0.411,1.027,1.934,2.082,1.452,2.653,1.407,1.619,0.676,0.164,0.012,0.000,0.020,0.387,1.644,2.013,0.403,0.437,0.234,1.536,0.294,1.032,0.000,1.268,1.732,1.000,0.132,0.599,0.269,0.000,0.000,0.038,0.345,0.473,0.145,0.230,0.494,0.978,2.010,0.272,0.016,1.119,0.689,0.192,0.000,0.000,0.000,1.193,1.912,1.272,0.623,1.000,0.193,0.517,0.269,0.020,0.612,0.352,0.037,0.000,0.000,0.000,0.000,0.000,0.000,0.000,0.000,0.000,0.000,0.000,0.000,0.000,0.000,0.654,0.346,0.000,0.000,0.000,0.000,0.000,0.000,0.000,0.000,0.000,0.000,0.000,1.000
370,-1.004,0.689,1.000,0.000,0.000,0.000,1.000,0.000,0.002,0.043,0.333,0.888,0.622,0.113,0.000,0.000,0.000,0.000,0.000,1.000,0.000,0.000,0.000,0.000,0.000,0.057,1.288,0.444,0.210,0.000,0.000,0.000,0.000,0.000,0.000,0.000,0.000,0.186,0.437,0.311,0.066,0.000,0.000,0.000,0.003,0.952,0.616,0.729,0.776,0.583,0.287,0.898,2.576,1.799,2.765,1.363,3.641,1.840,2.554,1.152,1.506,3.942,2.779,1.427,3.023,1.967,6.016,5.490,7.232,5.849,5.046,6.793,4.154,6.769,9.290,5.554,10.893,11.631,9.594,13.882,17.788,18.168,16.769,18.074,29.761,31.940,33.788,45.971,46.754,56.135,60.238,70.492,93.562,99.398,112.116,124.449,143.093,158.247,182.451,216.460,262.293,292.381,320.324,368.763,412.956,448.490,499.297,530.586,552.224,596.237,673.589,710.709,763.581,882.924,919.273,1031.137,1150.674,1288.797,1434.694,1595.854,1686.952,1868.951,2018.840,2105.168,2387.019,2591.821,2668.428,2893.435,3060.343,3285.964,3456.039,3618.020,3776.412,3942.160,4059.261,4302.658,4494.616,4682.436,5008.166,5272.096,5522.746,5757.855,5985.011,6096.544,6391.453,6668.284,6800.244,7132.081,7471.866,7733.239,7928.021,8040.495,8061.356,8120.652,8057.772,8181.554,8374.445,8421.078,8572.667,8739.291,8853.254,8773.697,8723.647,8683.100,8677.061,8577.264,8412.855,8226.043,8066.108,7654.704,7377.408,7103.045,6906.768,6641.044,6398.999,6115.468,5939.941,5802.018,5610.747,5468.876,5119.609,4853.287,4491.106,4065.993,3837.176,3539.166,3191.044,2855.864,2600.661,2217.563,1915.385,1652.632,1448.770,1275.994,1150.073,994.908,836.663,716.759,702.058,656.945,572.182,488.267,404.959,319.969,257.160,218.482,184.116,156.554,158.354,159.420,123.379,118.494,104.419,108.220,104.220,88.907,84.357,77.979,93.590,82.911,63.948,45.417,30.035,20.726,10.520,12.467,11.924,7.696,9.288,6.059,6.515,6.614,2.638,1.782,3.507,2.290,0.964,0.454,0.387,1.510,2.268,1.878,0.617,0.837,1.868,2.143,1.248,0.205,0.565,2.060,0.376,0.000,0.498,0.502,0.000,0.000,0.000,1.000
371,-0.100,0.689,2.011,0.313,1.413,1.258,0.099,1.423,0.649,0.502,1.146,2.384,4.997,9.337,12.324,18.624,26.904,39.858,64.688,120.547,237.839,462.130,835.529,1533.464,2336.931,3440.222,5362.408,8278.434,11906.552,15758.510,19655.320,24422.242,29620.594,32483.008,23197.229,5347.186,3890.010,3804.365,3840.646,3876.314,3867.936,3949.672,3949.999,3976.585,3951.030,4036.309,4099.337,4113.167,4140.729,4155.945,4024.284,4097.799,4140.046,4047.142,4013.332,4042.663,4078.658,4003.572,4109.167,3932.597,3972.835,3967.310,3924.059,3848.661,3789.927,3822.638,3713.861,3661.425,3517.456,3478.203,3417.914,3355.732,3324.417,3309.416,3284.594,3161.910,3060.409,3056.234,2980.513,2928.145,2881.193,2812.067,2775.060,2748.465,2742.518,2725.404,2614.990,2607.993,2622.994,2605.221,2502.854,2401.158,2345.719,2292.926,2228.812,2159.515,2034.527,1947.783,1892.111,1826.062,1749.600,1720.161,1675.598,1581.287,1492.308,1403.360,1322.572,1292.033,1219.973,1190.425,1065.941,1020.377,947.563,874.417,802.453,758.678,712.669,671.963,622.730,589.723,569.674,538.026,514.488,483.049,456.813,403.547,371.889,338.166,326.438,329.321,337.279,308.760,313.250,289.335,268.289,250.450,224.879,216.536,202.359,170.238,163.919,134.056,124.763,126.012,102.418,96.950,97.303,90.620,74.387,71.951,73.075,74.536,72.622,82.795,72.584,59.116,53.579,56.626,53.171,50.981,48.663,45.280,51.278,50.957,50.757,51.869,39.595,34.655,36.409,43.420,38.278,37.391,42.986,42.300,43.221,37.262,29.865,31.767,26.917,22.260,19.685,14.966,13.269,9.859,7.173,7.430,2.740,3.408,7.972,6.055,4.214,5.554,3.905,2.964,5.045,4.009,2.998,2.959,3.569,2.143,3.775,2.646,1.662,0.718,1.469,0.613,1.427,2.408,0.213,0.169,1.849,0.275,0.714,0.000,0.000,0.000,0.000,0.055,0.964,1.663,1.295,1.712,0.254,0.054,0.388,0.513,0.102,0.000,1.492,0.489,0.019,2.165,1.551,0.274,0.010,0.000,0.000,0.000,0.000,0.681,2.319,0.000,0.000,0.000,0.000,0.000,0.000,0.654,0.346,0.000,0.000,0.000,0.000,0.000,0.000,0.000,0.000,1.000
372,-1.547,1.389,1.000,0.000,0.000,0.000,0.000,0.000,1.000,0.000,0.000,1.000,1.000,0.000,0.145,0.749,0.106,0.000,1.000,0.000,0.006,0.103,0.685,1.224,0.181,0.468,0.371,1.459,1.564,2.476,1.973,0.890,2.094,3.959,8.270,4.974,3.756,0.655,1.963,3.038,0.643,1.068,4.068,4.495,2.754,3.633,4.570,3.590,4.184,9.009,2.171,5.021,9.366,5.136,7.079,2.781,2.865,6.086,6.735,8.943,12.513,8.701,9.266,9.053,12.077,19.901,16.020,18.992,14.632,26.934,30.534,33.967,36.614,37.454,49.264,59.252,87.870,99.495,104.544,110.072,109.990,139.333,130.280,112.756,124.350,142.401,166.118,181.098,202.373,213.377,254.348,284.592,305.718,360.304,389.564,449.373,531.074,587.524,691.259,753.223,853.491,881.341,993.285,1057.440,1118.731,1221.506,1371.175,1525.888,1707.082,1864.097,2061.448,2404.917,2924.474,3184.623,3240.282,3587.460,3991.156,4436.785,4760.633,5217.127,5722.930,6237.530,6778.202,7404.907,8235.329,8900.070,9509.231,10258.967,10730.574,11051.354,11012.441,10554.489,10248.928,9882.317,9824.767,10253.871,10596.088,10647.583,10963.836,11032.999,11077.168,11723.887,12282.169,12392.518,11716.230,11492.251,11395.670,10855.625,9804.744,8503.128,7640.752,6764.201,6039.645,5552.735,4961.708,4509.320,3942.274,3489.660,3094.016,2685.263,2552.837,2334.313,2111.621,1936.122,1787.709,1690.758,1426.899,1326.125,1203.980,1077.260,911.541,825.262,734.577,639.187,559.425,534.044,505.464,491.527,458.368,428.739,349.822,351.113,312.622,284.226,259.347,221.892,172.752,145.592,123.659,102.737,104.433,90.269,98.468,65.481,67.610,51.188,41.001,42.165,31.210,28.564,20.816,24.137,24.334,18.881,14.020,13.042,13.828,12.607,9.783,9.110,6.905,7.631,5.315,9.512,6.475,4.213,5.646,5.777,2.266,3.191,0.917,1.306,4.596,6.004,5.058,2.953,1.434,1.239,2.833,1.949,0.391,2.448,0.556,0.992,0.127,4.477,1.317,1.109,1.211,2.239,2.548,0.049,2.538,1.073,1.345,1.718,2.762,2.907,1.628,0.361,1.296,0.323,0.000,0.229,0.771,0.000,0.000,1.000
373,-1.176,1.555,1.000,0.000,0.128,1.043,0.830,1.255,2.043,5.043,2.043,1.043,2.979,1.595,2.553,4.426,7.936,5.852,10.298,4.233,10.068,6.282,7.729,8.521,17.488,13.380,13.004,16.207,16.228,22.007,28.969,22.289,27.497,30.160,37.177,39.446,52.127,48.106,54.778,64.039,74.587,77.755,89.940,101.017,117.973,102.706,123.217,132.931,160.741,153.395,184.678,192.622,205.130,213.982,252.399,271.033,263.844,324.798,324.928,390.008,424.878,417.413,512.169,570.906,606.092,676.446,737.590,823.480,912.358,999.846,1154.128,1209.029,1341.093,1572.747,1692.824,1880.784,2020.218,2198.646,2410.102,2618.535,2872.190,3045.960,3253.085,3428.218,3746.537,3961.144,4253.634,4434.549,4544.250,4752.746,4959.623,5091.285,5243.979,5483.031,5844.319,6188.367,6202.999,6582.106,6630.895,6813.195,7019.532,6978.354,7337.496,7732.942,7807.713,7870.337,8118.542,8153.763,8380.674,8514.955,8710.963,8721.714,8824.313,8870.424,8948.279,8819.545,8544.717,8566.861,8441.221,8098.390,7825.483,7626.825,7758.335,7599.201,7550.651,7513.005,7309.369,7184.347,6796.430,6538.434,6288.723,5805.101,5381.723,4973.636,4472.345,4075.134,3749.079,3429.901,3098.430,2787.339,2383.027,2166.201,1882.163,1616.890,1500.767,1286.360,1194.744,1140.110,965.495,874.580,774.312,747.774,650.720,603.009,567.936,487.944,417.145,381.217,340.933,307.697,285.586,240.120,227.932,197.123,173.780,185.730,180.801,174.352,194.926,145.127,151.454,124.521,101.459,102.072,74.751,67.306,65.032,49.996,40.715,38.592,26.127,20.642,26.105,23.826,25.534,9.881,7.919,7.220,8.963,3.159,8.196,3.863,0.131,1.869,0.233,2.995,1.829,1.287,0.657,0.000,0.471,1.043,1.043,1.444,0.000,2.368,0.632,0.769,0.231,0.000,1.093,2.738,0.168,0.000,0.000,0.000,0.000,0.195,0.805,0.000,0.000,0.730,1.550,0.548,0.172,0.000,0.000,0.000,0.000,0.000,0.000,0.000,0.000,0.876,2.043,0.081,0.000,1.000,0.178,1.822,0.000,1.000,0.000,0.000,0.000,0.000,0.429,0.571,0.000,0.000,0.000,1.000,0.000,0.000,0.000,0.000,0.000,1.000
374,-0.118,1.555,4.500,17.746,37.254,68.452,137.918,269.981,515.345,905.531,1461.280,2544.423,4603.490,8605.324,14828.684,22950.758,30703.400,39003.750,45813.148,44990.250,11933.197,5433.577,5388.253,5490.704,5478.731,5368.337,5224.936,5285.693,5236.482,5195.261,5171.757,5019.175,4875.052,4789.014,4623.962,4707.263,4777.685,4761.904,4622.936,4577.302,4645.122,4563.215,4545.414,4515.744,4359.353,4395.006,4163.922,4115.262,3968.356,3888.179,3660.162,3578.628,3400.782,3231.191,3110.300,2868.182,2752.827,2534.500,2423.233,2284.656,2191.690,2066.142,1969.140,1793.987,1699.414,1557.667,1448.496,1349.757,1199.218,1170.155,995.749,995.881,940.687,862.973,768.703,757.367,702.551,719.019,627.482,568.505,546.077,514.232,472.889,485.740,419.124,411.853,357.133,391.590,346.872,356.888,282.931,267.054,260.234,229.547,236.518,215.438,179.767,190.161,192.885,151.547,139.523,142.928,138.315,128.337,107.444,116.816,107.700,101.835,120.553,103.819,100.955,131.644,107.915,87.259,93.400,86.921,78.754,67.993,58.031,64.484,57.305,49.904,42.188,40.175,43.009,41.438,27.859,24.330,25.520,24.650,20.963,10.903,15.403,13.407,17.085,16.599,14.242,14.379,14.222,5.939,4.078,7.135,1.328,5.952,5.022,3.919,2.235,4.301,3.784,2.643,0.856,0.715,0.285,1.000,0.000,1.001,2.042,0.610,1.562,1.071,0.714,0.000,0.000,0.000,0.643,1.071,0.285,0.858,1.142,0.000,0.000,0.000,1.430,1.570,0.000,0.429,0.571,0.000,0.000,0.000,0.786,2.787,0.426,0.000,0.000,0.000,0.000,0.000,0.000,0.000,0.000,0.000,0.644,0.356,0.000,0.000,0.000,0.000,0.144,1.856,0.087,0.489,0.423,0.000,0.000,0.000,0.000,0.000,0.000,0.000,0.000,0.000,0.000,0.000,0.000,0.000,0.000,0.429,1.071,1.499,0.000,0.000,0.000,0.000,0.000,1.001,0.999,0.144,0.856,0.000,0.000,1.000,0.000,0.000,0.000,0.000,0.000,0.000,0.000,0.001,0.999,0.000,0.000,0.000,0.000,0.000,1.000,0.000,0.000,0.000,0.000,0.000,0.000,0.000,0.000,0.000,0.000,1.000
375,-0.118,1.555,5.588,23.510,40.680,76.695,161.432,310.087,583.861,1066.293,1892.556,3574.922,6925.313,13154.289,23276.859,37559.008,54749.395,76001.133,96855.820,103209.523,23203.861,11943.377,11817.570,12089.758,11939.947,11810.803,11719.990,11697.578,11698.136,11474.682,11393.146,11197.172,11137.247,10917.061,10606.061,10533.110,10564.102,10512.603,10137.547,9913.631,9793.001,9452.254,9208.951,8899.290,8756.618,8405.171,8125.465,7917.262,7491.216,7281.565,6900.458,6787.934,6407.799,6017.490,5883.986,5432.337,5161.362,4976.485,4703.294,4407.630,4230.893,4021.265,3902.625,3477.082,3316.269,3123.791,2789.198,2699.749,2447.060,2305.937,2128.583,1983.219,1839.238,1742.401,1603.314,1495.892,1487.667,1421.378,1320.168,1210.589,1106.225,1055.499,974.482,983.450,860.039,786.678,771.848,733.046,654.651,672.327,604.639,546.739,520.297,490.864,465.504,423.340,385.858,389.613,386.049,326.993,314.473,288.489,275.844,244.843,213.463,210.229,215.797,197.234,205.387,179.494,185.738,197.590,143.398,135.409,134.088,111.298,112.356,110.848,82.572,82.112,72.599,67.740,70.354,54.057,57.177,51.443,44.018,37.140,30.537,28.908,26.482,15.561,22.333,17.286,20.791,21.182,17.226,20.218,19.174,8.675,12.602,9.677,7.161,11.926,6.421,5.006,4.952,6.310,4.715,5.196,1.985,1.685,3.681,1.615,1.018,2.131,6.215,4.593,3.583,2.131,2.131,2.586,2.633,1.586,3.065,1.783,0.566,0.848,1.152,1.979,2.021,0.000,1.524,3.716,1.371,2.501,2.888,0.000,2.567,2.329,3.145,3.127,1.660,1.172,0.959,0.041,1.000,0.000,0.220,1.780,0.351,0.649,0.482,1.518,0.000,0.000,1.000,0.000,0.000,1.878,0.123,2.434,1.565,3.000,0.000,0.000,1.000,0.000,2.000,2.185,0.815,0.000,0.000,0.000,1.000,0.000,0.404,1.711,1.065,1.819,0.000,0.000,1.000,0.000,0.000,1.000,0.703,1.065,1.231,0.000,0.000,1.000,0.000,0.000,0.000,0.000,0.000,0.000,0.000,0.000,0.618,1.065,0.316,0.000,0.000,0.000,1.000,0.000,0.000,0.000,0.000,0.000,0.000,0.000,0.000,0.000,0.000,1.000
376,-0.118,1.555,5.588,23.510,40.680,76.695,161.432,310.087,583.861,1066.293,1892.556,3574.922,6925.313,13154.289,23276.859,37559.008,54749.395,76001.133,96855.820,103209.523,23203.861,11943.377,11817.570,12089.758,11939.947,11810.803,11719.990,11697.578,11698.136,11474.682,11393.146,11197.172,11137.247,10917.061,10606.061,10533.110,10564.102,10512.603,10137.547,9913.631,9793.001,9452.254,9208.951,8899.290,8756.618,8405.171,8125.465,7917.262,7491.216,7281.565,6900.458,6787.934,6407.799,6017.490,5883.986,5432.337,5161.362,4976.485,4703.294,4407.630,4230.893,4021.265,3902.625,3477.082,3316.269,3123.791,2789.198,2699.749,2447.060,2305.937,2128.583,1983.219,1839.238,1742.401,1603.314,1495.892,1487.667,1421.378,1320.168,1210.589,1106.225,1055.499,974.482,983.450,860.039,786.678,771.848,733.046,654.651,672.327,604.639,546.739,520.297,490.864,465.504,423.340,385.858,389.613,386.049,326.993,314.473,288.489,275.844,244.843,213.463,210.229,215.797,197.234,205.387,179.494,185.738,197.590,143.398,135.409,134.088,111.298,112.356,110.848,82.572,82.112,72.599,67.740,70.354,54.057,57.177,51.443,44.018,37.140,30.537,28.908,26.482,15.561,22.333,17.286,20.791,21.182,17.226,20.218,19.174,8.675,12.602,9.677,7.161,11.926,6.421,5.006,4.952,6.310,4.715,5.196,1.985,1.685,3.681,1.615,1.018,2.131,6.215,4.593,3.583,2.131,2.131,2.586,2.633,1.586,3.065,1.783,0.566,0.848,1.152,1.979,2.021,0.000,1.524,3.716,1.371,2.501,2.888,0.000,2.567,2.329,3.145,3.127,1.660,1.172,0.959,0.041,1.000,0.000,0.220,1.780,0.351,0.649,0.482,1.518,0.000,0.000,1.000,0.000,0.000,1.878,0.123,2.434,1.565,3.000,0.000,0.000,1.000,0.000,2.000,2.185,0.815,0.000,0.000,0.000,1.000,0.000,0.404,1.711,1.065,1.819,0.000,0.000,1.000,0.000,0.000,1.000,0.703,1.065,1.231,0.000,0.000,1.000,0.000,0.000,0.000,0.000,0.000,0.000,0.000,0.000,0.618,1.065,0.316,0.000,0.000,0.000,1.000,0.000,0.000,0.000,0.000,0.000,0.000,0.000,0.000,0.000,0.000,1.000
377,-0.118,1.555,5.588,23.510,40.680,76.695,161.432,310.087,583.861,1066.293,1892.556,3574.922,6925.313,13154.289,23276.859,37559.008,54749.395,76001.133,96855.820,103209.523,23203.861,11943.377,11817.570,12089.758,11939.947,11810.803,11719.990,11697.578,11698.136,11474.682,11393.146,11197.172,11137.247,10917.061,10606.061,10533.110,10564.102,10512.603,10137.547,9913.631,9793.001,9452.254,9208.951,8899.290,8756.618,8405.171,8125.465,7917.262,7491.216,7281.565,6900.458,6787.934,6407.799,6017.490,5883.986,5432.337,5161.362,4976.485,4703.294,4407.630,4230.893,4021.265,3902.625,3477.082,3316.269,3123.791,2789.198,2699.749,2447.060,2305.937,2128.583,1983.219,1839.238,1742.401,1603.314,1495.892,1487.667,1421.378,1320.168,1210.589,1106.225,1055.499,974.482,983.450,860.039,786.678,771.848,733.046,654.651,672.327,604.639,546.739,520.297,490.864,465.504,423.340,385.858,389.613,386.049,326.993,314.473,288.489,275.844,244.843,213.463,210.229,215.797,197.234,205.387,179.494,185.738,197.590,143.398,135.409,134.088,111.298,112.356,110.848,82.572,82.112,72.599,67.740,70.354,54.057,57.177,51.443,44.018,37.140,30.537,28.908,26.482,15.561,22.333,17.286,20.791,21.182,17.226,20.218,19.174,8.675,12.602,9.677,7.161,11.926,6.421,5.006,4.952,6.310,4.715,5.196,1.985,1.685,3.681,1.615,1.018,2.131,6.215,4.593,3.583,2.131,2.131,2.586,2.633,1.586,3.065,1.783,0.566,0.848,1.152,1.979,2.021,0.000,1.524,3.716,1.371,2.501,2.888,0.000,2.567,2.329,3.145,3.127,1.660,1.172,0.959,0.041,1.000,0.000,0.220,1.780,0.351,0.649,0.482,1.518,0.000,0.000,1.000,0.000,0.000,1.878,0.123,2.434,1.565,3.000,0.000,0.000,1.000,0.000,2.000,2.185,0.815,0.000,0.000,0.000,1.000,0.000,0.404,1.711,1.065,1.819,0.000,0.000,1.000,0.000,0.000,1.000,0.703,1.065,1.231,0.000,0.000,1.000,0.000,0.000,0.000,0.000,0.000,0.000,0.000,0.000,0.618,1.065,0.316,0.000,0.000,0.000,1.000,0.000,0.000,0.000,0.000,0.000,0.000,0.000,0.000,0.000,0.000,1.000
378,-0.118,1.555,5.588,23.510,40.680,76.695,161.432,310.087,583.861,1066.293,1892.556,3574.922,6925.313,13154.289,23276.859,37559.008,54749.395,76001.133,96855.820,103209.523,23203.861,11943.377,11817.570,12089.758,11939.947,11810.803,11719.990,11697.578,11698.136,11474.682,11393.146,11197.172,11137.247,10917.061,10606.061,10533.110,10564.102,10512.603,10137.547,9913.631,9793.001,9452.254,9208.951,8899.290,8756.618,8405.171,8125.465,7917.262,7491.216,7281.565,6900.458,6787.934,6407.799,6017.490,5883.986,5432.337,5161.362,4976.485,4703.294,4407.630,4230.893,4021.265,3902.625,3477.082,3316.269,3123.791,2789.198,2699.749,2447.060,2305.937,2128.583,1983.219,1839.238,1742.401,1603.314,1495.892,1487.667,1421.378,1320.168,1210.589,1106.225,1055.499,974.482,983.450,860.039,786.678,771.848,733.046,654.651,672.327,604.639,546.739,520.297,490.864,465.504,423.340,385.858,389.613,386.049,326.993,314.473,288.489,275.844,244.843,213.463,210.229,215.797,197.234,205.387,179.494,185.738,197.590,143.398,135.409,134.088,111.298,112.356,110.848,82.572,82.112,72.599,67.740,70.354,54.057,57.177,51.443,44.018,37.140,30.537,28.908,26.482,15.561,22.333,17.286,20.791,21.182,17.226,20.218,19.174,8.675,12.602,9.677,7.161,11.926,6.421,5.006,4.952,6.310,4.715,5.196,1.985,1.685,3.681,1.615,1.018,2.131,6.215,4.593,3.583,2.131,2.131,2.586,2.633,1.586,3.065,1.783,0.566,0.848,1.152,1.979,2.021,0.000,1.524,3.716,1.371,2.501,2.888,0.000,2.567,2.329,3.145,3.127,1.660,1.172,0.959,0.041,1.000,0.000,0.220,1.780,0.351,0.649,0.482,1.518,0.000,0.000,1.000,0.000,0.000,1.878,0.123,2.434,1.565,3.000,0.000,0.000,1.000,0.000,2.000,2.185,0.815,0.000,0.000,0.000,1.000,0.000,0.404,1.711,1.065,1.819,0.000,0.000,1.000,0.000,0.000,1.000,0.703,1.065,1.231,0.000,0.000,1.000,0.000,0.000,0.000,0.000,0.000,0.000,0.000,0.000,0.618,1.065,0.316,0.000,0.000,0.000,1.000,0.000,0.000,0.000,0.000,0.000,0.000,0.000,0.000,0.000,0.000,1.000
379,-0.118,1.555,5.588,23.510,40.680,76.695,161.432,310.087,583.861,1066.293,1892.556,3574.922,6925.313,13154.289,23276.859,37559.008,54749.395,76001.133,96855.820,103209.523,23203.861,11943.377,11817.570,12089.758,11939.947,11810.803,11719.990,11697.578,11698.136,11474.682,11393.146,11197.172,11137.247,10917.061,10606.061,10533.110,10564.102,10512.603,10137.547,9913.631,9793.001,9452.254,9208.951,8899.290,8756.618,8405.171,8125.465,7917.262,7491.216,7281.565,6900.458,6787.934,6407.799,6017.490,5883.986,5432.337,5161.362,4976.485,4703.294,4407.630,4230.893,4021.265,3902.625,3477.082,3316.269,3123.791,2789.198,2699.749,2447.060,2305.937,2128.583,1983.219,1839.238,1742.401,1603.314,1495.892,1487.667,1421.378,1320.168,1210.589,1106.225,1055.499,974.482,983.450,860.039,786.678,771.848,733.046,654.651,672.327,604.639,546.739,520.297,490.864,465.504,423.340,385.858,389.613,386.049,326.993,314.473,288.489,275.844,244.843,213.463,210.229,215.797,197.234,205.387,179.494,185.738,197.590,143.398,135.409,134.088,111.298,112.356,110.848,82.572,82.112,72.599,67.740,70.354,54.057,57.177,51.443,44.018,37.140,30.537,28.908,26.482,15.561,22.333,17.286,20.791,21.182,17.226,20.218,19.174,8.675,12.602,9.677,7.161,11.926,6.421,5.006,4.952,6.310,4.715,5.196,1.985,1.685,3.681,1.615,1.018,2.131,6.215,4.593,3.583,2.131,2.131,2.586,2.633,1.586,3.065,1.783,0.566,0.848,1.152,1.979,2.021,0.000,1.524,3.716,1.371,2.501,2.888,0.000,2.567,2.329,3.145,3.127,1.660,1.172,0.959,0.041,1.000,0.000,0.220,1.780,0.351,0.649,0.482,1.518,0.000,0.000,1.000,0.000,0.000,1.878,0.123,2.434,1.565,3.000,0.000,0.000,1.000,0.000,2.000,2.185,0.815,0.000,0.000,0.000,1.000,0.000,0.404,1.711,1.065,1.819,0.000,0.000,1.000,0.000,0.000,1.000,0.703,1.065,1.231,0.000,0.000,1.000,0.000,0.000,0.000,0.000,0.000,0.000,0.000,0.000,0.618,1.065,0.316,0.000,0.000,0.000,1.000,0.000,0.000,0.000,0.000,0.000,0.000,0.000,0.000,0.000,0.000,1.000
380,-0.109,1.453,5.274,4.682,12.442,26.371,41.567,66.242,138.471,370.621,929.093,2112.270,4107.200,7335.050,11853.804,17854.410,26640.590,38160.945,50446.555,44268.848,13158.656,6182.158,6056.420,6198.430,6101.250,6127.601,6116.556,6094.532,6030.607,5944.966,5942.195,5833.911,5758.788,5715.241,5504.764,5395.498,5366.114,5209.060,5253.692,5051.610,4836.621,4699.846,4536.660,4358.835,4183.377,4060.880,4058.092,3889.857,3669.750,3584.517,3460.260,3339.158,3158.928,3076.635,2871.979,2771.738,2605.093,2439.074,2292.061,2181.904,2012.950,1950.897,1883.372,1832.828,1707.811,1620.421,1468.169,1381.499,1271.265,1180.352,1109.320,1021.444,949.465,936.592,849.350,783.055,713.846,707.206,675.798,666.436,618.331,596.516,555.981,502.039,494.983,479.700,449.261,399.886,402.198,347.161,367.449,332.173,323.516,300.341,290.927,256.002,221.130,217.473,196.732,195.984,180.148,148.708,140.051,148.800,127.430,111.760,123.074,102.045,97.170,93.657,71.781,71.355,68.820,61.884,60.674,47.283,60.953,44.345,41.917,42.704,34.392,27.796,23.999,29.950,23.013,19.381,13.116,13.106,15.026,16.956,15.639,14.721,10.263,14.229,6.292,5.157,2.686,5.449,5.996,3.356,6.451,1.701,2.893,2.164,1.215,2.786,3.947,1.777,2.119,2.155,1.696,1.154,2.413,1.478,2.361,0.826,0.930,1.859,1.144,1.141,0.000,1.863,1.137,0.000,0.868,1.132,2.718,2.060,0.209,0.888,1.001,1.001,2.001,1.121,1.882,0.118,0.885,0.115,0.000,1.000,1.000,0.892,0.108,0.895,1.105,0.000,0.585,3.181,0.234,0.903,3.906,0.191,1.000,0.909,0.091,0.000,0.913,0.087,0.000,0.000,0.000,0.920,0.080,0.000,0.000,0.000,0.000,0.000,0.000,1.000,0.000,0.000,0.000,0.000,2.000,0.000,1.000,0.000,0.000,1.000,0.000,2.000,0.000,1.952,0.048,0.000,0.000,0.000,1.000,0.000,0.607,1.346,0.046,0.001,0.000,0.000,1.000,0.000,0.000,0.000,0.000,0.000,0.000,0.000,0.000,0.000,0.000,0.000,0.000,0.000,0.000,0.000,0.000,0.000,0.000,0.000,0.000,1.000
381,-0.109,1.453,5.274,4.682,12.442,26.371,41.567,66.242,138.471,370.621,929.093,2112.270,4107.200,7335.050,11853.804,17854.410,26640.590,38160.945,50446.555,44268.848,13158.656,6182.158,6056.420,6198.430,6101.250,6127.601,6116.556,6094.532,6030.607,5944.966,5942.195,5833.911,5758.788,5715.241,5504.764,5395.498,5366.114,5209.060,5253.692,5051.610,4836.621,4699.846,4536.660,4358.835,4183.377,4060.880,4058.092,3889.857,3669.750,3584.517,3460.260,3339.158,3158.928,3076.635,2871.979,2771.738,2605.093,2439.074,2292.061,2181.904,2012.950,1950.897,1883.372,1832.828,1707.811,1620.421,1468.169,1381.499,1271.265,1180.352,1109.320,1021.444,949.465,936.592,849.350,783.055,713.846,707.206,675.798,666.436,618.331,596.516,555.981,502.039,494.983,479.700,449.261,399.886,402.198,347.161,367.449,332.173,323.516,300.341,290.927,256.002,221.130,217.473,196.732,195.984,180.148,148.708,140.051,148.800,127.430,111.760,123.074,102.045,97.170,93.657,71.781,71.355,68.820,61.884,60.674,47.283,60.953,44.345,41.917,42.704,34.392,27.796,23.999,29.950,23.013,19.381,13.116,13.106,15.026,16.956,15.639,14.721,10.263,14.229,6.292,5.157,2.686,5.449,5.996,3.356,6.451,1.701,2.893,2.164,1.215,2.786,3.947,1.777,2.119,2.155,1.696,1.154,2.413,1.478,2.361,0.826,0.930,1.859,1.144,1.141,0.000,1.863,1.137,0.000,0.868,1.132,2.718,2.060,0.209,0.888,1.001,1.001,2.001,1.121,1.882,0.118,0.885,0.115,0.000,1.000,1.000,0.892,0.108,0.895,1.105,0.000,0.585,3.181,0.234,0.903,3.906,0.191,1.000,0.909,0.091,0.000,0.913,0.087,0.000,0.000,0.000,0.920,0.080,0.000,0.000,0.000,0.000,0.000,0.000,1.000,0.000,0.000,0.000,0.000,2.000,0.000,1.000,0.000,0.000,1.000,0.000,2.000,0.000,1.952,0.048,0.000,0.000,0.000,1.000,0.000,0.607,1.346,0.046,0.001,0.000,0.000,1.000,0.000,0.000,0.000,0.000,0.000,0.000,0.000,0.000,0.000,0.000,0.000,0.000,0.000,0.000,0.000,0.000,0.000,0.000,0.000,0.000,1.000
382,-0.118,1.555,5.500,18.746,36.249,66.689,134.773,266.547,511.203,889.095,1409.076,2299.252,4041.038,7554.000,13222.654,21653.605,31107.426,39035.195,45422.402,45856.141,11869.922,5380.262,5320.902,5458.875,5397.180,5255.828,5224.344,5212.364,5198.930,5150.849,5084.418,4986.442,5003.996,4939.572,4861.914,4879.191,4919.336,4848.853,4791.561,4754.140,4847.637,4682.201,4625.622,4517.359,4330.364,4276.985,4076.246,4036.452,3793.714,3705.670,3601.100,3467.680,3280.183,3141.572,3173.249,2932.614,2764.260,2705.247,2538.775,2355.747,2306.802,2190.441,2090.198,1950.981,1838.054,1751.638,1549.180,1517.860,1372.697,1314.191,1161.807,1126.465,1046.350,985.443,851.747,818.152,786.204,778.111,732.305,667.855,583.125,551.232,540.665,526.283,464.606,408.148,380.715,409.175,333.923,338.892,325.450,306.149,292.257,275.760,255.301,240.717,237.351,236.643,235.400,191.130,189.677,166.913,174.528,153.544,131.525,138.504,133.579,128.935,148.466,126.225,122.665,142.789,115.606,84.239,102.925,89.009,84.262,77.348,60.134,67.371,58.489,54.554,47.619,41.331,43.956,41.176,31.550,26.319,29.166,24.523,19.634,11.920,16.957,14.199,18.161,17.769,15.784,16.817,15.934,7.735,8.247,8.388,6.285,9.928,4.203,3.595,3.330,4.730,3.854,2.144,1.856,1.523,1.859,0.579,0.040,2.001,3.999,1.287,3.143,1.857,1.071,1.071,0.571,0.000,1.643,1.071,0.285,0.858,0.142,1.001,0.999,0.000,1.430,1.856,1.071,1.071,0.571,0.000,0.000,0.715,1.071,2.787,1.356,1.071,0.000,0.000,1.000,0.000,0.000,1.000,0.501,0.499,0.644,1.356,0.000,0.000,0.000,0.000,0.144,1.856,0.087,0.776,1.137,2.000,0.000,0.000,0.000,0.000,0.000,0.858,0.142,0.000,0.000,0.000,0.000,0.000,0.000,0.429,1.071,1.499,0.000,0.000,0.000,0.000,0.000,1.001,0.999,0.144,1.856,0.000,0.000,1.000,0.000,0.000,0.000,0.000,0.000,0.000,0.000,0.001,0.999,0.000,0.000,0.000,0.000,0.000,1.000,0.000,0.000,0.000,0.000,0.000,0.000,0.000,0.000,0.000,0.000,1.000
383,-0.118,1.555,5.500,18.746,36.249,66.689,134.773,266.547,511.203,889.095,1409.076,2299.252,4041.038,7554.000,13222.654,21653.605,31107.426,39035.195,45422.402,45856.141,11869.922,5380.262,5320.902,5458.875,5397.180,5255.828,5224.344,5212.364,5198.930,5150.849,5084.418,4986.442,5003.996,4939.572,4861.914,4879.191,4919.336,4848.853,4791.561,4754.140,4847.637,4682.201,4625.622,4517.359,4330.364,4276.985,4076.246,4036.452,3793.714,3705.670,3601.100,3467.680,3280.183,3141.572,3173.249,2932.614,2764.260,2705.247,2538.775,2355.747,2306.802,2190.441,2090.198,1950.981,1838.054,1751.638,1549.180,1517.860,1372.697,1314.191,1161.807,1126.465,1046.350,985.443,851.747,818.152,786.204,778.111,732.305,667.855,583.125,551.232,540.665,526.283,464.606,408.148,380.715,409.175,333.923,338.892,325.450,306.149,292.257,275.760,255.301,240.717,237.351,236.643,235.400,191.130,189.677,166.913,174.528,153.544,131.525,138.504,133.579,128.935,148.466,126.225,122.665,142.789,115.606,84.239,102.925,89.009,84.262,77.348,60.134,67.371,58.489,54.554,47.619,41.331,43.956,41.176,31.550,26.319,29.166,24.523,19.634,11.920,16.957,14.199,18.161,17.769,15.784,16.817,15.934,7.735,8.247,8.388,6.285,9.928,4.203,3.595,3.330,4.730,3.854,2.144,1.856,1.523,1.859,0.579,0.040,2.001,3.999,1.287,3.143,1.857,1.071,1.071,0.571,0.000,1.643,1.071,0.285,0.858,0.142,1.001,0.999,0.000,1.430,1.856,1.071,1.071,0.571,0.000,0.000,0.715,1.071,2.787,1.356,1.071,0.000,0.000,1.000,0.000,0.000,1.000,0.501,0.499,0.644,1.356,0.000,0.000,0.000,0.000,0.144,1.856,0.087,0.776,1.137,2.000,0.000,0.000,0.000,0.000,0.000,0.858,0.142,0.000,0.000,0.000,0.000,0.000,0.000,0.429,1.071,1.499,0.000,0.000,0.000,0.000,0.000,1.001,0.999,0.144,1.856,0.000,0.000,1.000,0.000,0.000,0.000,0.000,0.000,0.000,0.000,0.001,0.999,0.000,0.000,0.000,0.000,0.000,1.000,0.000,0.000,0.000,0.000,0.000,0.000,0.000,0.000,0.000,0.000,1.000
384,-0.847,0.855,1.000,0.000,0.000,0.000,0.000,0.000,0.000,0.000,0.000,0.000,0.000,1.000,0.000,0.000,0.000,1.000,0.000,1.000,0.000,0.000,0.000,0.107,2.893,0.294,1.706,0.525,3.001,4.006,0.469,1.586,1.398,3.326,2.286,4.867,1.886,1.384,4.232,4.807,3.839,3.621,2.829,6.688,3.743,9.185,6.453,9.364,13.751,9.271,14.292,18.100,27.823,28.931,24.791,31.130,30.730,37.543,50.020,47.318,52.863,67.756,84.126,94.059,114.335,125.856,159.792,179.010,189.202,187.728,249.911,280.712,281.282,345.542,364.344,413.713,516.300,526.806,606.597,677.428,752.032,812.520,961.955,973.938,1109.529,1184.277,1281.560,1459.924,1605.054,1675.329,1881.896,2040.039,2205.411,2278.393,2479.261,2776.258,2962.630,3237.182,3456.088,3752.905,4112.312,4428.875,4597.187,5019.482,5361.457,5500.623,5817.771,6195.626,6653.803,6818.419,6752.427,7119.759,7345.140,7264.002,7333.568,7371.623,7422.792,7490.863,7438.789,7497.568,7548.941,7673.379,7778.072,7911.915,7876.815,7792.896,7888.899,7831.505,7748.432,7682.993,7329.190,7278.183,7205.771,7215.860,6969.688,6994.235,6867.465,6827.556,6747.223,6689.091,6549.044,6298.608,6195.787,6051.444,5947.306,5783.521,5502.569,5259.397,5002.490,4817.779,4504.236,4355.657,4048.353,3979.929,3612.783,3361.335,3080.980,2773.537,2475.131,2127.824,1999.167,1847.266,1621.975,1420.927,1318.715,1247.533,1171.685,1028.840,915.529,812.857,754.314,678.507,585.640,505.330,506.035,421.995,377.388,317.434,253.403,227.664,204.318,174.257,173.366,134.499,123.106,128.731,109.372,106.780,102.117,83.752,79.571,82.183,62.270,54.000,42.286,45.890,49.588,32.924,26.797,26.368,19.576,17.881,20.569,22.830,16.875,17.263,11.804,5.024,5.768,4.428,6.070,3.360,2.626,1.690,0.069,6.033,3.832,5.488,2.709,0.616,1.861,2.425,1.632,0.405,1.000,0.000,0.000,0.007,2.220,0.645,0.592,0.620,0.607,0.283,0.026,0.942,0.058,0.000,0.000,0.015,0.422,0.563,0.000,1.000,0.000,0.000,0.000,0.000,0.000,0.000,0.000,0.000,0.000,0.000,0.719,0.281,0.000,1.000
385,-0.085,0.855,1.000,0.000,2.000,1.181,9.480,11.223,20.719,27.198,69.211,162.936,322.138,756.971,1484.482,2799.184,4983.734,8132.326,12828.823,19790.742,28492.098,36694.078,40528.688,41825.961,37541.703,12584.406,4449.275,4057.385,4054.874,3940.287,3983.632,3989.681,4018.784,3859.543,3814.873,3835.229,3871.666,3845.388,3760.550,3712.821,3827.100,3760.711,3692.365,3649.861,3665.444,3618.203,3484.209,3531.291,3414.405,3366.227,3301.393,3297.289,3303.484,3255.826,3201.136,3075.128,3014.427,2935.580,2822.009,2790.560,2734.993,2641.979,2560.216,2437.778,2432.842,2395.973,2251.160,2181.223,2283.317,2142.334,1983.356,1904.821,1848.626,1750.664,1679.697,1562.322,1495.618,1361.017,1292.654,1171.032,1153.323,1102.074,1058.403,997.946,899.289,879.948,793.467,758.988,746.321,728.751,664.632,688.916,628.411,563.711,559.249,532.674,479.293,456.328,461.565,403.197,377.353,375.342,341.402,305.519,297.891,274.391,290.321,264.067,231.127,198.726,212.368,191.558,179.287,148.677,126.229,126.081,126.024,109.399,99.735,91.312,98.510,94.512,90.468,66.648,71.235,71.134,67.072,63.980,58.600,64.619,56.776,60.396,53.269,45.618,49.841,47.807,34.342,57.106,25.090,34.319,32.395,29.530,23.628,27.195,29.486,21.356,30.759,20.439,19.334,12.176,17.252,19.704,9.145,8.981,12.996,7.690,9.108,12.348,11.290,15.027,12.295,7.868,7.882,7.390,6.623,6.841,2.019,3.750,4.114,1.567,2.260,3.242,3.649,1.111,1.771,1.075,2.943,0.440,0.077,0.000,2.428,3.031,0.517,3.791,3.101,3.517,1.498,0.417,0.643,1.057,0.945,1.055,0.658,1.332,1.010,0.000,1.000,0.000,0.000,0.000,0.000,0.000,0.000,0.000,2.000,0.097,0.527,0.363,0.049,0.330,0.657,0.214,0.491,0.271,0.000,0.000,0.355,0.645,0.000,0.000,0.000,0.000,0.000,0.000,0.000,0.000,0.206,0.512,0.282,0.000,0.000,1.000,0.000,0.000,0.000,0.000,0.000,0.000,0.000,0.000,0.000,0.000,0.000,0.000,0.000,0.000,0.000,0.000,0.000,0.000,0.000,0.000,0.921,0.079,0.000,0.000,0.000,1.000
386,-4.323,3.185,1.000,0.000,0.000,0.000,1.000,0.000,0.000,0.000,0.000,0.000,0.000,0.000,0.000,0.000,0.000,0.000,0.000,0.757,0.243,0.000,0.000,0.000,0.000,0.000,0.000,0.000,0.000,0.000,0.000,0.000,0.000,0.000,0.000,0.066,0.453,0.482,0.000,0.000,0.000,0.191,0.529,0.260,0.020,0.000,0.000,0.000,0.000,1.000,1.000,0.000,1.000,0.000,0.144,0.518,0.314,0.462,1.510,1.075,1.743,1.536,2.890,0.777,0.193,2.587,0.250,1.103,1.496,0.374,0.375,2.073,1.622,1.871,0.092,3.344,0.712,1.252,2.594,0.963,2.091,3.207,2.958,0.915,5.573,1.638,2.676,1.533,3.496,2.935,0.249,3.336,3.799,3.026,2.591,1.386,2.414,2.349,0.540,1.808,4.139,6.286,4.032,4.910,7.607,6.872,9.582,6.289,3.581,7.091,5.000,9.464,7.222,10.744,10.185,7.554,18.001,14.845,23.886,12.602,28.462,32.759,42.974,60.952,91.492,121.876,167.995,230.317,284.066,381.324,560.988,752.099,934.929,1105.066,1312.446,1640.566,2084.617,3014.615,4564.755,6274.360,7789.235,9885.100,13288.690,18199.020,23300.178,23925.451,25956.715,29105.146,30794.566,30747.504,29225.428,29569.324,27954.965,25429.059,19997.955,15643.191,11652.203,8526.757,6267.994,4632.201,3419.975,2513.757,1905.500,1469.166,1262.571,1060.407,861.235,724.356,553.073,450.607,362.161,291.924,212.864,177.913,157.287,96.615,118.179,98.726,73.912,75.626,57.115,37.991,26.952,24.131,19.545,15.726,14.081,10.235,10.988,5.714,7.769,4.815,3.619,3.843,2.207,1.228,1.000,1.352,1.678,0.484,0.106,1.025,1.150,1.115,0.614,0.000,0.000,0.000,0.000,0.268,0.513,0.859,0.954,0.370,0.035,0.256,1.744,0.000,0.000,0.000,0.319,0.681,0.000,0.000,1.000,0.725,1.045,0.388,0.958,0.862,0.022,0.000,0.000,0.000,0.000,0.000,0.000,0.000,0.000,0.000,0.170,0.706,0.124,0.000,0.000,0.000,0.000,0.000,0.000,0.000,0.000,0.000,0.000,0.000,0.000,0.000,1.000,1.000
387,-1.888,1.840,1.000,0.000,0.070,0.595,0.334,0.000,0.020,0.420,1.050,0.470,0.353,0.545,1.143,0.423,0.948,0.644,0.650,0.913,0.385,2.037,1.000,0.000,0.000,0.000,1.000,0.972,0.045,0.470,1.340,3.277,1.432,0.634,2.829,1.037,1.654,4.349,3.804,1.084,1.827,3.902,1.695,1.275,0.484,0.649,2.293,4.191,3.689,4.643,5.159,4.405,4.040,5.109,5.979,6.035,5.593,10.092,10.835,16.812,17.011,16.776,14.031,24.303,32.471,29.436,28.418,28.150,32.817,42.949,47.581,53.619,60.747,78.051,84.799,98.192,113.371,142.961,145.536,155.861,178.736,211.071,225.743,263.529,305.672,319.508,341.877,349.234,368.096,410.219,498.482,559.461,674.800,739.761,858.204,941.224,1127.781,1343.283,1551.344,1728.769,2054.824,2262.610,2686.753,3055.985,3357.880,3880.277,4280.292,4748.024,5008.164,5361.454,5725.148,5932.988,6416.073,6900.040,7315.937,7812.306,8235.220,8631.173,8957.327,9309.664,9593.909,9942.786,10091.435,10483.506,10778.925,10964.182,10960.551,11257.175,11423.734,11462.188,11486.015,11576.109,11487.661,11388.861,11209.691,10809.605,10305.846,9686.114,9074.635,8685.722,8281.377,7943.262,7361.069,6824.788,6404.364,5939.356,5600.552,5177.837,4836.465,4446.787,3906.225,3512.659,3094.660,2667.500,2337.850,2010.017,1690.499,1484.943,1297.456,1064.026,910.815,774.771,695.935,598.379,532.468,452.441,439.116,405.188,322.532,304.407,280.400,230.131,163.627,135.338,126.091,100.261,86.258,70.173,56.475,55.995,50.416,50.488,28.724,31.272,22.296,22.975,16.470,14.903,18.462,13.186,13.261,10.082,9.474,10.015,5.320,5.117,4.245,6.683,4.415,3.301,5.510,4.295,2.116,0.991,3.248,5.023,1.884,0.833,1.055,1.114,1.523,3.394,1.636,2.468,0.835,2.750,1.082,1.065,1.834,0.348,1.765,2.092,1.332,1.785,0.644,0.356,1.000,0.135,0.476,0.340,0.049,0.001,0.000,0.000,0.000,0.000,0.000,0.000,0.000,0.000,0.000,0.000,0.000,0.000,0.000,0.000,0.307,1.051,0.642,0.000,0.000,0.000,0.000,0.000,0.000,0.000,0.000,1.000
388,-0.189,1.840,1.538,2.165,4.368,5.061,2.341,6.779,14.021,12.445,20.114,33.168,72.322,144.620,268.197,564.135,1106.408,1953.386,3677.301,7813.834,15748.424,26420.047,37814.426,48984.477,56413.836,44215.043,13777.281,6774.133,6242.728,6203.905,6156.723,6033.992,5939.407,5816.677,5653.714,5476.738,5305.550,5143.001,4913.450,4824.496,4649.002,4580.903,4498.626,4332.524,4232.800,4112.570,3829.379,3640.548,3677.387,3503.044,3326.099,3168.615,3101.828,3030.469,2898.239,2732.164,2674.606,2525.371,2390.021,2303.893,2138.863,2017.455,1851.000,1794.012,1638.133,1502.620,1411.335,1294.634,1218.602,1105.964,1004.591,899.292,876.924,799.451,728.040,679.661,615.013,566.549,515.394,454.585,446.873,392.307,356.957,349.882,340.727,317.536,258.468,244.563,256.103,222.127,246.168,237.845,188.446,177.106,163.397,172.659,154.117,157.904,149.163,107.711,98.847,73.175,79.856,64.211,61.264,65.811,52.652,57.865,45.263,41.891,30.259,29.807,30.889,33.355,26.462,24.607,33.803,25.721,20.556,14.335,15.541,16.063,12.528,10.101,12.747,13.146,9.795,8.961,7.383,8.533,11.945,9.063,5.117,8.264,5.868,4.592,5.675,4.831,6.770,4.920,2.854,3.319,2.769,3.534,2.263,1.903,2.853,5.097,1.666,1.723,1.958,3.274,0.913,4.399,1.818,2.298,0.215,0.184,0.887,1.488,1.488,3.057,2.428,1.459,0.436,0.511,0.742,1.323,0.000,0.000,0.861,1.534,2.525,1.078,0.507,0.857,1.516,0.118,0.593,1.689,1.765,0.759,0.853,0.545,0.557,1.217,0.024,0.000,0.000,1.000,2.507,0.452,1.091,0.805,1.145,0.000,0.354,0.646,0.000,1.000,0.000,0.000,0.000,0.678,0.297,0.024,0.000,0.000,0.000,0.000,0.000,0.000,0.000,0.000,0.000,0.000,0.000,0.000,0.000,0.000,0.000,0.000,0.000,0.000,0.000,0.000,0.000,0.000,0.000,0.000,0.000,0.000,0.000,0.000,0.000,0.000,0.000,0.066,0.478,0.975,0.480,0.000,0.000,0.000,0.000,0.000,0.000,0.000,0.000,0.000,0.000,0.000,0.000,0.000,0.000,0.000,0.000,1.000
389,-0.189,1.840,1.538,2.165,4.368,5.061,2.341,6.779,14.028,12.539,20.204,33.658,76.958,157.825,293.739,619.009,1226.904,2340.662,4921.481,11150.285,23209.520,40828.766,62436.969,89258.688,115107.672,96147.555,30692.738,15277.916,14255.127,14133.109,14118.296,13911.674,13800.443,13535.572,13307.504,12970.352,12624.865,12180.346,11888.826,11696.432,11346.168,10909.025,10596.037,10117.000,9778.802,9408.531,9062.950,8519.334,8356.337,7952.947,7572.584,7178.724,6881.556,6526.271,6157.428,5719.645,5481.554,5127.189,4836.054,4619.628,4312.605,3977.154,3624.382,3423.628,3096.486,2861.874,2646.307,2433.499,2265.709,2026.891,1919.246,1763.517,1678.087,1559.235,1417.345,1317.597,1220.727,1117.860,1037.814,914.864,909.439,807.168,755.858,713.675,640.902,598.023,513.187,488.553,462.246,413.029,429.271,396.272,332.960,311.182,282.487,272.491,243.726,248.171,225.249,176.585,166.351,129.304,130.242,108.343,94.382,101.822,83.256,77.918,64.028,61.410,52.227,47.490,45.511,47.702,34.217,29.628,40.973,33.265,26.274,17.697,18.599,17.126,15.799,14.757,15.777,16.548,11.385,10.190,11.056,10.089,14.006,10.760,6.882,9.049,6.235,7.247,6.135,6.680,8.818,7.251,3.891,4.502,4.062,5.505,4.446,2.918,3.399,5.272,2.487,3.344,2.501,3.639,2.449,5.113,4.227,3.424,2.837,2.520,2.007,1.960,2.045,3.585,2.641,1.477,0.861,0.976,0.850,1.324,0.000,0.000,0.861,2.534,2.525,1.078,0.507,2.666,1.707,1.074,0.637,2.689,1.942,2.769,2.495,0.717,0.557,1.217,1.024,0.432,1.446,1.114,2.514,0.452,2.091,0.805,1.145,0.000,0.354,0.646,0.000,1.000,0.000,0.000,0.000,0.678,0.297,0.024,0.000,0.000,0.199,0.688,0.110,0.003,0.000,0.000,0.000,0.000,0.000,0.000,0.000,0.000,0.000,0.000,0.000,0.000,0.000,0.000,0.000,0.000,0.000,0.000,0.000,0.000,0.000,0.000,0.000,0.000,0.000,0.066,0.478,0.975,0.480,0.000,0.000,0.000,0.000,0.000,0.000,0.000,0.000,0.000,0.000,0.000,0.000,0.000,0.000,0.000,0.000,1.000
390,-0.189,1.840,1.538,2.165,4.368,5.061,2.341,6.779,14.028,12.539,20.204,33.658,76.958,157.825,293.739,619.009,1226.904,2340.662,4921.481,11150.285,23209.520,40828.766,62436.969,89258.688,115107.672,96147.555,30692.738,15277.916,14255.127,14133.109,14118.296,13911.674,13800.443,13535.572,13307.504,12970.352,12624.865,12180.346,11888.826,11696.432,11346.168,10909.025,10596.037,10117.000,9778.802,9408.531,9062.950,8519.334,8356.337,7952.947,7572.584,7178.724,6881.556,6526.271,6157.428,5719.645,5481.554,5127.189,4836.054,4619.628,4312.605,3977.154,3624.382,3423.628,3096.486,2861.874,2646.307,2433.499,2265.709,2026.891,1919.246,1763.517,1678.087,1559.235,1417.345,1317.597,1220.727,1117.860,1037.814,914.864,909.439,807.168,755.858,713.675,640.902,598.023,513.187,488.553,462.246,413.029,429.271,396.272,332.960,311.182,282.487,272.491,243.726,248.171,225.249,176.585,166.351,129.304,130.242,108.343,94.382,101.822,83.256,77.918,64.028,61.410,52.227,47.490,45.511,47.702,34.217,29.628,40.973,33.265,26.274,17.697,18.599,17.126,15.799,14.757,15.777,16.548,11.385,10.190,11.056,10.089,14.006,10.760,6.882,9.049,6.235,7.247,6.135,6.680,8.818,7.251,3.891,4.502,4.062,5.505,4.446,2.918,3.399,5.272,2.487,3.344,2.501,3.639,2.449,5.113,4.227,3.424,2.837,2.520,2.007,1.960,2.045,3.585,2.641,1.477,0.861,0.976,0.850,1.324,0.000,0.000,0.861,2.534,2.525,1.078,0.507,2.666,1.707,1.074,0.637,2.689,1.942,2.769,2.495,0.717,0.557,1.217,1.024,0.432,1.446,1.114,2.514,0.452,2.091,0.805,1.145,0.000,0.354,0.646,0.000,1.000,0.000,0.000,0.000,0.678,0.297,0.024,0.000,0.000,0.199,0.688,0.110,0.003,0.000,0.000,0.000,0.000,0.000,0.000,0.000,0.000,0.000,0.000,0.000,0.000,0.000,0.000,0.000,0.000,0.000,0.000,0.000,0.000,0.000,0.000,0.000,0.000,0.000,0.066,0.478,0.975,0.480,0.000,0.000,0.000,0.000,0.000,0.000,0.000,0.000,0.000,0.000,0.000,0.000,0.000,0.000,0.000,0.000,1.000
391,-0.189,1.840,1.538,2.165,4.368,5.061,2.341,6.779,14.028,12.539,20.204,33.658,76.958,157.825,293.739,619.009,1226.904,2340.662,4921.481,11150.285,23209.520,40828.766,62436.969,89258.688,115107.672,96147.555,30692.738,15277.916,14255.127,14133.109,14118.296,13911.674,13800.443,13535.572,13307.504,12970.352,12624.865,12180.346,11888.826,11696.432,11346.168,10909.025,10596.037,10117.000,9778.802,9408.531,9062.950,8519.334,8356.337,7952.947,7572.584,7178.724,6881.556,6526.271,6157.428,5719.645,5481.554,5127.189,4836.054,4619.628,4312.605,3977.154,3624.382,3423.628,3096.486,2861.874,2646.307,2433.499,2265.709,2026.891,1919.246,1763.517,1678.087,1559.235,1417.345,1317.597,1220.727,1117.860,1037.814,914.864,909.439,807.168,755.858,713.675,640.902,598.023,513.187,488.553,462.246,413.029,429.271,396.272,332.960,311.182,282.487,272.491,243.726,248.171,225.249,176.585,166.351,129.304,130.242,108.343,94.382,101.822,83.256,77.918,64.028,61.410,52.227,47.490,45.511,47.702,34.217,29.628,40.973,33.265,26.274,17.697,18.599,17.126,15.799,14.757,15.777,16.548,11.385,10.190,11.056,10.089,14.006,10.760,6.882,9.049,6.235,7.247,6.135,6.680,8.818,7.251,3.891,4.502,4.062,5.505,4.446,2.918,3.399,5.272,2.487,3.344,2.501,3.639,2.449,5.113,4.227,3.424,2.837,2.520,2.007,1.960,2.045,3.585,2.641,1.477,0.861,0.976,0.850,1.324,0.000,0.000,0.861,2.534,2.525,1.078,0.507,2.666,1.707,1.074,0.637,2.689,1.942,2.769,2.495,0.717,0.557,1.217,1.024,0.432,1.446,1.114,2.514,0.452,2.091,0.805,1.145,0.000,0.354,0.646,0.000,1.000,0.000,0.000,0.000,0.678,0.297,0.024,0.000,0.000,0.199,0.688,0.110,0.003,0.000,0.000,0.000,0.000,0.000,0.000,0.000,0.000,0.000,0.000,0.000,0.000,0.000,0.000,0.000,0.000,0.000,0.000,0.000,0.000,0.000,0.000,0.000,0.000,0.000,0.066,0.478,0.975,0.480,0.000,0.000,0.000,0.000,0.000,0.000,0.000,0.000,0.000,0.000,0.000,0.000,0.000,0.000,0.000,0.000,1.000
392,-0.189,1.840,1.538,2.165,4.368,5.061,2.341,6.779,14.028,12.539,20.204,33.658,76.958,157.825,293.739,619.009,1226.904,2340.662,4921.481,11150.285,23209.520,40828.766,62436.969,89258.688,115107.672,96147.555,30692.738,15277.916,14255.127,14133.109,14118.296,13911.674,13800.443,13535.572,13307.504,12970.352,12624.865,12180.346,11888.826,11696.432,11346.168,10909.025,10596.037,10117.000,9778.802,9408.531,9062.950,8519.334,8356.337,7952.947,7572.584,7178.724,6881.556,6526.271,6157.428,5719.645,5481.554,5127.189,4836.054,4619.628,4312.605,3977.154,3624.382,3423.628,3096.486,2861.874,2646.307,2433.499,2265.709,2026.891,1919.246,1763.517,1678.087,1559.235,1417.345,1317.597,1220.727,1117.860,1037.814,914.864,909.439,807.168,755.858,713.675,640.902,598.023,513.187,488.553,462.246,413.029,429.271,396.272,332.960,311.182,282.487,272.491,243.726,248.171,225.249,176.585,166.351,129.304,130.242,108.343,94.382,101.822,83.256,77.918,64.028,61.410,52.227,47.490,45.511,47.702,34.217,29.628,40.973,33.265,26.274,17.697,18.599,17.126,15.799,14.757,15.777,16.548,11.385,10.190,11.056,10.089,14.006,10.760,6.882,9.049,6.235,7.247,6.135,6.680,8.818,7.251,3.891,4.502,4.062,5.505,4.446,2.918,3.399,5.272,2.487,3.344,2.501,3.639,2.449,5.113,4.227,3.424,2.837,2.520,2.007,1.960,2.045,3.585,2.641,1.477,0.861,0.976,0.850,1.324,0.000,0.000,0.861,2.534,2.525,1.078,0.507,2.666,1.707,1.074,0.637,2.689,1.942,2.769,2.495,0.717,0.557,1.217,1.024,0.432,1.446,1.114,2.514,0.452,2.091,0.805,1.145,0.000,0.354,0.646,0.000,1.000,0.000,0.000,0.000,0.678,0.297,0.024,0.000,0.000,0.199,0.688,0.110,0.003,0.000,0.000,0.000,0.000,0.000,0.000,0.000,0.000,0.000,0.000,0.000,0.000,0.000,0.000,0.000,0.000,0.000,0.000,0.000,0.000,0.000,0.000,0.000,0.000,0.000,0.066,0.478,0.975,0.480,0.000,0.000,0.000,0.000,0.000,0.000,0.000,0.000,0.000,0.000,0.000,0.000,0.000,0.000,0.000,0.000,1.000
393,-0.189,1.840,1.538,2.165,4.368,5.061,2.341,6.779,14.028,12.539,20.204,33.658,76.958,157.825,293.739,619.009,1226.904,2340.662,4921.481,11150.285,23209.520,40828.766,62436.969,89258.688,115107.672,96147.555,30692.738,15277.916,14255.127,14133.109,14118.296,13911.674,13800.443,13535.572,13307.504,12970.352,12624.865,12180.346,11888.826,11696.432,11346.168,10909.025,10596.037,10117.000,9778.802,9408.531,9062.950,8519.334,8356.337,7952.947,7572.584,7178.724,6881.556,6526.271,6157.428,5719.645,5481.554,5127.189,4836.054,4619.628,4312.605,3977.154,3624.382,3423.628,3096.486,2861.874,2646.307,2433.499,2265.709,2026.891,1919.246,1763.517,1678.087,1559.235,1417.345,1317.597,1220.727,1117.860,1037.814,914.864,909.439,807.168,755.858,713.675,640.902,598.023,513.187,488.553,462.246,413.029,429.271,396.272,332.960,311.182,282.487,272.491,243.726,248.171,225.249,176.585,166.351,129.304,130.242,108.343,94.382,101.822,83.256,77.918,64.028,61.410,52.227,47.490,45.511,47.702,34.217,29.628,40.973,33.265,26.274,17.697,18.599,17.126,15.799,14.757,15.777,16.548,11.385,10.190,11.056,10.089,14.006,10.760,6.882,9.049,6.235,7.247,6.135,6.680,8.818,7.251,3.891,4.502,4.062,5.505,4.446,2.918,3.399,5.272,2.487,3.344,2.501,3.639,2.449,5.113,4.227,3.424,2.837,2.520,2.007,1.960,2.045,3.585,2.641,1.477,0.861,0.976,0.850,1.324,0.000,0.000,0.861,2.534,2.525,1.078,0.507,2.666,1.707,1.074,0.637,2.689,1.942,2.769,2.495,0.717,0.557,1.217,1.024,0.432,1.446,1.114,2.514,0.452,2.091,0.805,1.145,0.000,0.354,0.646,0.000,1.000,0.000,0.000,0.000,0.678,0.297,0.024,0.000,0.000,0.199,0.688,0.110,0.003,0.000,0.000,0.000,0.000,0.000,0.000,0.000,0.000,0.000,0.000,0.000,0.000,0.000,0.000,0.000,0.000,0.000,0.000,0.000,0.000,0.000,0.000,0.000,0.000,0.000,0.066,0.478,0.975,0.480,0.000,0.000,0.000,0.000,0.000,0.000,0.000,0.000,0.000,0.000,0.000,0.000,0.000,0.000,0.000,0.000,1.000
394,-0.121,1.453,1.000,1.967,10.327,9.979,23.729,45.128,94.285,210.015,429.996,795.042,1781.886,3708.835,7091.060,12525.189,17788.586,24723.133,35028.801,45692.949,54356.312,37954.539,7147.117,5806.076,5725.128,5734.778,5789.736,5599.093,5525.926,5440.166,5336.099,5244.099,5203.337,4955.236,4833.180,4816.290,4507.891,4554.789,4360.351,4249.836,4266.872,4141.246,4057.914,3877.602,3859.209,3777.977,3690.723,3634.752,3422.527,3327.452,3291.269,3084.558,2994.391,2873.297,2708.266,2594.151,2463.640,2353.390,2195.455,2056.894,1885.428,1866.990,1723.703,1686.961,1620.239,1600.907,1488.876,1377.406,1240.324,1171.462,1074.697,982.755,909.787,822.609,768.128,663.166,642.785,591.229,524.299,469.251,422.557,397.515,352.518,336.154,331.913,309.835,290.470,279.320,256.607,238.333,225.788,199.272,221.415,181.801,176.264,190.561,172.095,161.739,169.270,138.056,133.317,124.548,116.730,97.480,114.853,114.170,89.539,76.865,78.390,82.456,61.636,67.420,61.705,56.191,57.309,54.434,42.828,49.504,33.317,29.232,28.485,22.666,20.316,20.727,25.851,17.389,19.393,17.634,12.767,18.802,12.161,15.023,10.166,8.734,17.955,10.186,12.751,10.012,14.786,14.342,13.182,11.459,2.756,5.562,5.196,6.319,5.994,4.089,8.601,7.649,1.162,3.666,1.063,6.363,3.122,5.470,5.956,3.612,2.813,2.895,3.831,2.730,2.358,4.064,3.000,1.000,4.106,2.828,4.293,0.620,1.368,1.658,2.503,1.288,2.336,0.000,1.000,2.000,1.000,1.000,2.000,0.275,1.729,0.685,1.272,0.039,1.000,2.429,1.290,0.281,2.495,0.419,1.086,0.866,0.851,0.259,0.776,0.248,0.000,1.000,0.000,0.566,0.374,1.060,0.000,0.000,0.000,0.000,0.000,2.094,0.741,0.155,1.010,0.000,1.000,2.000,1.000,0.000,0.000,1.000,0.000,1.582,1.348,2.067,0.004,0.000,0.000,1.000,0.000,0.000,0.490,1.395,0.104,2.011,0.000,0.000,1.000,0.000,0.000,0.000,0.000,0.000,0.000,0.000,0.000,0.000,0.000,0.000,0.000,0.000,0.000,0.000,0.000,0.000,0.000,0.000,0.000,1.000
395,-0.121,1.453,1.000,1.967,10.327,9.979,23.729,45.128,94.285,210.015,429.996,795.042,1781.886,3708.835,7091.060,12525.189,17788.586,24723.133,35028.801,45692.949,54356.312,37954.539,7147.117,5806.076,5725.128,5734.778,5789.736,5599.093,5525.926,5440.166,5336.099,5244.099,5203.337,4955.236,4833.180,4816.290,4507.891,4554.789,4360.351,4249.836,4266.872,4141.246,4057.914,3877.602,3859.209,3777.977,3690.723,3634.752,3422.527,3327.452,3291.269,3084.558,2994.391,2873.297,2708.266,2594.151,2463.640,2353.390,2195.455,2056.894,1885.428,1866.990,1723.703,1686.961,1620.239,1600.907,1488.876,1377.406,1240.324,1171.462,1074.697,982.755,909.787,822.609,768.128,663.166,642.785,591.229,524.299,469.251,422.557,397.515,352.518,336.154,331.913,309.835,290.470,279.320,256.607,238.333,225.788,199.272,221.415,181.801,176.264,190.561,172.095,161.739,169.270,138.056,133.317,124.548,116.730,97.480,114.853,114.170,89.539,76.865,78.390,82.456,61.636,67.420,61.705,56.191,57.309,54.434,42.828,49.504,33.317,29.232,28.485,22.666,20.316,20.727,25.851,17.389,19.393,17.634,12.767,18.802,12.161,15.023,10.166,8.734,17.955,10.186,12.751,10.012,14.786,14.342,13.182,11.459,2.756,5.562,5.196,6.319,5.994,4.089,8.601,7.649,1.162,3.666,1.063,6.363,3.122,5.470,5.956,3.612,2.813,2.895,3.831,2.730,2.358,4.064,3.000,1.000,4.106,2.828,4.293,0.620,1.368,1.658,2.503,1.288,2.336,0.000,1.000,2.000,1.000,1.000,2.000,0.275,1.729,0.685,1.272,0.039,1.000,2.429,1.290,0.281,2.495,0.419,1.086,0.866,0.851,0.259,0.776,0.248,0.000,1.000,0.000,0.566,0.374,1.060,0.000,0.000,0.000,0.000,0.000,2.094,0.741,0.155,1.010,0.000,1.000,2.000,1.000,0.000,0.000,1.000,0.000,1.582,1.348,2.067,0.004,0.000,0.000,1.000,0.000,0.000,0.490,1.395,0.104,2.011,0.000,0.000,1.000,0.000,0.000,0.000,0.000,0.000,0.000,0.000,0.000,0.000,0.000,0.000,0.000,0.000,0.000,0.000,0.000,0.000,0.000,0.000,0.000,1.000
396,-0.189,1.840,1.538,2.165,4.368,5.061,2.341,6.779,14.021,12.177,19.214,31.002,67.451,140.644,242.104,508.318,905.827,1513.110,2790.704,5916.171,11843.237,20525.734,31034.250,42233.004,52705.992,44062.883,14289.260,7230.693,6818.761,6772.805,6875.438,6849.020,6864.369,6760.113,6754.749,6616.246,6494.819,6311.730,6150.291,6114.772,5906.538,5615.244,5498.044,5143.740,4914.515,4752.562,4541.312,4274.697,4182.026,4068.376,3852.980,3705.879,3622.058,3467.071,3345.378,3142.090,3078.382,2884.625,2704.100,2546.373,2380.261,2226.623,2076.104,1979.704,1826.582,1716.888,1625.207,1541.573,1442.396,1328.646,1293.880,1227.526,1163.545,1115.323,1006.594,918.831,848.502,781.392,730.959,643.959,631.246,562.466,520.956,484.252,432.440,384.967,335.410,323.931,315.627,278.859,287.957,271.487,227.604,213.134,194.053,185.088,165.312,177.850,151.604,115.930,112.456,94.160,94.308,78.015,67.514,75.268,57.899,50.983,45.623,39.881,38.420,29.530,31.822,28.006,20.522,13.262,20.614,16.440,12.519,12.234,11.956,8.815,9.178,7.390,7.323,9.731,8.318,6.427,4.085,4.722,5.955,6.465,3.362,4.218,4.287,2.589,2.463,4.438,3.227,3.457,1.558,2.297,1.566,3.561,2.305,1.831,1.636,4.097,1.666,0.988,0.596,2.894,1.277,3.812,2.440,1.711,0.668,1.083,0.985,1.019,1.214,3.015,2.428,0.459,0.436,0.465,0.108,1.001,0.000,0.000,0.000,1.000,2.000,0.000,0.506,0.857,0.516,0.118,0.593,1.689,0.842,1.024,0.554,0.503,0.557,0.217,1.024,0.000,0.000,1.000,0.594,0.364,1.091,0.805,1.145,0.000,0.354,0.646,0.000,1.000,0.000,0.000,0.000,0.678,0.297,0.024,0.000,0.000,0.000,0.000,0.000,0.000,0.000,0.000,0.000,0.000,0.000,0.000,0.000,0.000,0.000,0.000,0.000,0.000,0.000,0.000,0.000,0.000,0.000,0.000,0.000,0.000,0.000,0.000,0.000,0.000,0.000,0.066,0.478,0.975,0.480,0.000,0.000,0.000,0.000,0.000,0.000,0.000,0.000,0.000,0.000,0.000,0.000,0.000,0.000,0.000,0.000,1.000
397,-0.189,1.840,1.538,2.165,4.368,5.061,2.341,6.779,14.021,12.177,19.214,31.002,67.451,140.644,242.104,508.318,905.827,1513.110,2790.704,5916.171,11843.237,20525.734,31034.250,42233.004,52705.992,44062.883,14289.260,7230.693,6818.761,6772.805,6875.438,6849.020,6864.369,6760.113,6754.749,6616.246,6494.819,6311.730,6150.291,6114.772,5906.538,5615.244,5498.044,5143.740,4914.515,4752.562,4541.312,4274.697,4182.026,4068.376,3852.980,3705.879,3622.058,3467.071,3345.378,3142.090,3078.382,2884.625,2704.100,2546.373,2380.261,2226.623,2076.104,1979.704,1826.582,1716.888,1625.207,1541.573,1442.396,1328.646,1293.880,1227.526,1163.545,1115.323,1006.594,918.831,848.502,781.392,730.959,643.959,631.246,562.466,520.956,484.252,432.440,384.967,335.410,323.931,315.627,278.859,287.957,271.487,227.604,213.134,194.053,185.088,165.312,177.850,151.604,115.930,112.456,94.160,94.308,78.015,67.514,75.268,57.899,50.983,45.623,39.881,38.420,29.530,31.822,28.006,20.522,13.262,20.614,16.440,12.519,12.234,11.956,8.815,9.178,7.390,7.323,9.731,8.318,6.427,4.085,4.722,5.955,6.465,3.362,4.218,4.287,2.589,2.463,4.438,3.227,3.457,1.558,2.297,1.566,3.561,2.305,1.831,1.636,4.097,1.666,0.988,0.596,2.894,1.277,3.812,2.440,1.711,0.668,1.083,0.985,1.019,1.214,3.015,2.428,0.459,0.436,0.465,0.108,1.001,0.000,0.000,0.000,1.000,2.000,0.000,0.506,0.857,0.516,0.118,0.593,1.689,0.842,1.024,0.554,0.503,0.557,0.217,1.024,0.000,0.000,1.000,0.594,0.364,1.091,0.805,1.145,0.000,0.354,0.646,0.000,1.000,0.000,0.000,0.000,0.678,0.297,0.024,0.000,0.000,0.000,0.000,0.000,0.000,0.000,0.000,0.000,0.000,0.000,0.000,0.000,0.000,0.000,0.000,0.000,0.000,0.000,0.000,0.000,0.000,0.000,0.000,0.000,0.000,0.000,0.000,0.000,0.000,0.000,0.066,0.478,0.975,0.480,0.000,0.000,0.000,0.000,0.000,0.000,0.000,0.000,0.000,0.000,0.000,0.000,0.000,0.000,0.000,0.000,1.000
398,-0.959,0.861,1.000,0.000,0.000,0.764,0.236,0.000,0.000,0.000,0.000,0.000,0.000,0.000,0.000,0.180,0.763,0.057,0.292,0.644,0.063,0.000,0.000,0.000,0.050,0.951,0.071,0.686,0.242,1.000,0.000,0.169,1.075,0.935,1.022,1.800,1.000,0.245,0.821,1.394,0.540,0.000,0.000,0.000,0.000,1.000,0.000,1.000,1.090,2.237,2.919,0.902,1.173,2.188,1.945,4.559,1.233,1.361,1.776,2.404,3.787,5.613,7.034,6.773,6.269,8.123,5.549,7.323,7.387,11.536,12.404,10.047,9.362,11.017,17.879,16.806,24.636,27.321,29.448,34.616,43.217,42.115,42.252,49.996,57.201,60.849,71.251,89.377,110.003,126.345,146.731,180.057,213.918,242.440,292.574,360.397,453.348,533.957,640.858,777.592,939.766,1074.129,1195.896,1351.458,1529.611,1724.652,1982.685,2228.257,2537.498,2924.569,3378.029,3786.841,4146.139,4587.221,4994.050,5409.510,5838.929,6284.557,6838.133,7125.211,7762.476,8206.443,8766.601,9133.559,9673.900,9922.316,10214.908,10251.818,10349.155,10499.578,10720.283,10782.930,10848.500,10768.665,10782.008,10637.219,10440.020,10097.142,9747.020,9417.301,9200.062,8884.555,8462.225,8199.633,7830.213,7501.763,7191.557,6793.545,6467.291,6093.524,5672.758,5358.630,5078.977,4949.547,4637.330,4436.157,4214.413,3962.572,3590.553,3261.312,3025.140,2754.114,2521.886,2372.198,2138.924,1962.021,1810.927,1685.586,1559.783,1536.677,1436.579,1256.999,1155.990,1065.441,964.715,898.743,822.604,761.318,711.997,609.191,579.361,527.565,494.809,429.864,389.089,350.576,305.949,302.147,248.353,205.553,182.384,160.380,127.296,108.471,115.289,95.215,91.750,86.048,76.618,69.625,60.413,58.652,47.395,44.741,24.422,20.196,22.794,18.188,16.389,11.738,9.955,9.423,7.804,8.558,15.080,8.957,8.296,4.369,6.254,5.720,8.491,5.924,4.134,3.107,6.710,2.768,0.381,2.074,2.796,2.367,2.005,2.271,0.459,0.028,0.207,1.015,3.820,1.493,2.165,0.300,0.088,0.514,0.979,1.206,2.151,0.229,0.662,0.813,0.993,1.117,0.232,1.356,0.994,1.155,0.512,0.000,0.538,2.462
399,-0.096,0.861,1.385,0.615,0.555,1.658,1.621,3.084,4.928,2.165,5.141,8.776,12.765,31.272,46.554,77.110,160.513,316.163,698.271,1773.158,4314.197,8878.411,16837.832,27735.566,39934.695,50300.328,52817.457,35486.301,11029.196,5369.206,5164.597,4971.728,4964.084,4879.060,4891.826,4772.967,4648.989,4530.505,4433.126,4376.708,4284.107,4191.481,4060.972,4024.626,3882.216,3823.866,3691.208,3608.770,3499.678,3415.079,3290.513,3237.775,3105.059,3018.170,2861.512,2846.580,2723.335,2651.907,2654.714,2569.899,2485.614,2429.082,2334.519,2287.793,2264.592,2187.419,2124.556,2035.878,1903.517,1856.609,1754.240,1645.243,1534.592,1535.810,1467.964,1332.050,1323.895,1303.392,1220.986,1162.492,1100.020,1043.919,1012.078,975.579,926.529,914.146,867.067,813.962,812.895,801.904,789.872,770.671,710.945,656.971,654.323,588.904,591.308,546.413,537.305,485.470,467.663,472.309,438.178,427.973,413.691,396.825,362.147,371.221,312.684,314.825,304.365,282.830,277.599,273.370,267.084,242.111,210.624,220.701,207.382,192.298,159.659,166.451,171.149,156.355,156.207,132.889,121.765,112.653,99.175,100.526,85.372,89.318,73.394,62.781,57.473,56.631,57.623,62.793,50.378,48.830,50.952,49.091,45.267,42.606,39.951,41.025,42.531,31.623,29.967,29.101,32.529,30.671,23.605,21.926,25.005,16.217,13.268,11.945,9.515,10.316,12.766,10.690,6.940,9.681,7.205,5.469,6.451,6.390,4.599,4.440,4.799,4.484,5.043,4.759,3.959,8.214,6.064,4.806,5.863,3.784,2.346,1.427,4.073,3.154,2.122,3.497,3.823,5.401,3.355,1.968,2.523,1.569,2.036,3.150,3.852,0.229,2.360,0.498,0.167,2.000,0.000,1.379,1.482,0.490,2.525,0.933,0.982,1.651,0.546,0.012,0.000,0.000,0.000,0.000,0.000,0.517,0.410,3.857,1.217,0.514,0.923,1.475,0.084,0.004,0.000,0.000,0.639,0.324,0.658,0.329,0.695,1.187,1.166,0.001,0.000,0.000,0.728,0.249,0.778,0.227,0.018,1.739,0.250,0.011,0.000,1.000,0.874,0.122,0.004,0.991,1.007,0.002,0.000,0.000,0.000,0.030,1.970,1.000
400,-2.655,1.862,1.000,0.000,0.000,0.000,0.000,0.000,0.000,0.000,0.000,0.000,0.000,0.000,0.000,0.000,0.000,0.000,0.000,0.129,1.871,0.000,1.000,0.000,0.000,0.000,0.000,0.000,0.086,0.904,0.899,0.111,0.000,0.000,0.000,0.122,0.878,0.000,0.000,0.000,0.140,0.860,0.000,0.000,0.000,0.000,0.000,0.000,0.000,0.172,0.828,0.179,0.902,0.454,0.412,0.378,1.418,0.458,1.208,1.881,1.213,0.640,1.145,1.495,4.028,1.730,2.082,4.085,1.204,1.089,0.255,2.287,2.962,1.780,1.895,4.134,2.923,2.877,3.684,4.607,3.324,2.869,5.060,1.799,4.285,5.739,6.788,6.121,6.836,8.041,8.503,11.659,11.748,14.203,11.461,14.189,13.215,15.708,16.432,21.263,29.609,41.764,47.306,50.713,43.854,53.942,62.478,61.274,70.177,75.390,82.155,107.198,116.199,125.125,144.145,149.474,180.433,224.470,272.165,305.293,390.214,494.822,615.308,702.192,774.522,909.162,1045.942,1160.177,1359.985,1623.192,1886.856,2166.081,2417.114,2638.278,2928.670,3243.430,3703.159,4408.569,4994.232,5363.506,6116.284,7372.418,8861.326,9838.186,10941.635,12846.967,14767.798,16508.736,17704.650,18324.094,18390.166,18661.250,18806.816,18615.062,18340.412,18533.631,17738.617,16429.219,15254.234,13359.453,11582.078,10038.781,8873.469,7998.409,6935.084,5830.169,5071.089,4248.624,3550.508,3076.011,2708.915,2466.437,2267.131,2236.716,1934.923,1574.833,1559.225,1445.126,1108.278,832.783,636.508,485.901,392.836,352.159,299.215,246.291,225.980,198.136,184.248,159.702,136.967,111.505,84.017,75.820,55.352,48.506,39.290,29.029,21.979,18.096,14.880,14.701,10.182,12.824,8.596,6.155,6.670,3.742,3.072,1.501,3.915,2.661,1.837,3.003,3.090,4.344,2.921,1.549,0.000,1.137,1.531,1.428,0.770,0.132,1.801,1.200,1.613,0.387,0.488,0.430,0.080,0.842,0.991,1.169,0.331,0.559,0.108,0.660,0.307,0.919,0.961,0.152,0.003,0.868,0.132,0.000,0.000,0.000,0.000,0.000,0.000,1.000,0.000,0.000,0.907,0.093,0.914,1.086
401,-2.105,1.287,1.000,0.000,0.000,0.000,0.000,0.000,0.000,0.000,0.000,0.000,0.000,0.940,0.060,0.000,0.000,0.000,0.000,0.000,0.000,0.000,0.000,0.000,0.000,0.000,0.000,0.000,0.362,0.499,0.139,0.000,0.000,1.000,0.000,0.000,0.000,1.765,2.151,1.093,0.255,1.316,1.420,2.000,0.243,0.577,2.467,4.170,0.544,0.373,2.389,2.052,4.893,1.798,2.252,4.046,2.167,6.581,2.400,8.012,4.196,3.810,4.390,5.311,5.903,8.509,5.793,5.221,6.586,4.113,6.446,8.979,11.389,12.357,15.437,11.467,11.755,22.778,19.178,23.642,23.438,33.137,31.721,37.013,32.901,35.256,45.260,56.590,60.345,64.181,67.991,79.813,86.390,97.840,103.306,111.558,112.708,132.857,153.608,166.943,193.455,200.157,232.183,268.451,279.106,353.252,385.669,442.303,500.160,562.618,623.765,715.340,805.379,932.380,1020.950,1137.934,1247.686,1392.435,1542.760,1682.993,1827.029,1935.303,2143.713,2306.427,2500.204,2694.500,2894.610,3206.238,3422.920,3593.157,3880.066,4182.438,4508.301,4771.206,5176.089,5328.849,5714.793,6022.525,6162.567,6431.353,6692.179,7011.579,7259.146,7624.188,7907.505,8283.307,8361.982,8813.840,8808.409,8932.518,8986.947,9046.400,9060.394,9299.967,9507.166,9645.066,9805.005,9749.086,9722.305,9756.146,9695.521,9447.753,9127.268,8994.834,8503.811,8067.115,7764.953,7630.144,7222.183,7014.536,6796.780,6772.267,6731.725,6466.202,6235.306,5895.470,5352.000,4652.194,3990.122,3380.279,2824.843,2413.122,2102.664,1872.459,1642.746,1455.875,1320.475,1230.866,1130.674,1004.667,872.990,771.534,678.868,599.225,468.358,389.404,298.666,266.866,258.032,222.922,172.069,149.144,139.592,114.468,96.578,72.485,58.665,68.647,44.039,33.512,25.995,20.906,19.183,14.528,7.511,10.508,13.333,13.809,9.957,7.557,3.268,3.579,7.289,4.332,2.805,2.667,1.631,4.241,4.933,2.529,1.860,1.054,1.000,0.000,1.321,0.680,1.646,1.435,0.814,1.314,1.118,1.776,0.634,1.947,0.316,0.799,1.077,0.124,0.000,0.000,0.000,0.000,0.000,1.000,0.000,0.000,0.000,1.000
402,-0.210,1.287,1.000,0.000,0.490,0.510,0.000,0.232,0.508,3.104,4.364,6.396,8.122,11.729,18.675,21.796,29.085,33.433,60.148,99.948,155.413,254.901,399.132,590.636,939.623,1621.519,2789.218,4598.293,7205.452,10345.913,14452.926,19634.734,25059.320,30462.695,35857.953,39244.508,41612.914,35764.570,10276.681,4568.759,4091.685,4046.670,3986.070,3955.971,3979.218,3847.038,3709.259,3614.165,3600.155,3489.157,3437.784,3387.783,3379.482,3327.093,3255.621,3197.157,3110.395,3104.065,3072.605,3032.087,2945.819,3000.564,2980.604,3026.559,2962.549,2929.792,2809.484,2830.426,2779.947,2767.315,2640.943,2571.304,2418.307,2390.857,2259.378,2094.128,1928.701,1806.625,1700.448,1582.851,1446.328,1323.789,1232.647,1178.097,1091.246,989.252,952.411,885.881,843.310,814.967,768.554,723.909,678.784,658.861,624.051,598.501,551.903,580.573,553.910,497.087,493.763,495.004,458.873,414.881,387.708,372.106,369.250,328.260,330.189,302.926,283.219,269.088,250.232,220.267,204.070,194.887,175.851,148.016,123.725,126.271,119.445,111.316,120.719,112.083,107.798,96.428,80.255,79.085,76.408,61.657,70.102,68.393,62.131,48.129,51.896,44.989,45.443,43.821,39.686,24.674,22.015,28.068,25.433,30.486,26.798,21.612,17.151,17.261,13.588,9.659,13.292,10.879,8.325,12.202,9.418,6.531,2.788,9.408,4.516,2.632,3.350,5.960,3.630,5.893,7.006,4.622,6.165,6.805,5.956,4.999,1.674,2.123,0.868,1.369,0.782,1.087,2.876,2.485,4.856,3.498,0.236,0.881,1.649,0.946,0.528,1.667,0.467,2.500,1.869,1.764,2.494,1.271,1.271,1.770,0.688,1.000,0.000,1.000,0.000,0.000,0.000,1.000,0.000,0.000,0.474,0.526,0.370,0.505,1.639,0.486,1.000,0.000,0.295,0.501,0.204,1.000,0.034,0.592,0.569,0.548,0.257,1.000,0.000,0.645,1.416,0.655,0.285,0.000,0.000,0.000,0.000,1.484,0.516,0.000,0.000,0.000,0.000,0.000,0.000,0.000,0.000,0.000,0.000,0.000,0.000,0.000,0.000,0.000,1.000,0.000,0.000,0.000,0.000,0.000,0.000,0.000,0.000,1.000
403,-0.210,1.453,1.000,0.000,0.743,0.257,0.000,0.589,1.965,5.630,4.969,9.012,16.471,22.141,26.195,31.330,54.424,103.022,167.207,283.907,476.991,770.576,1304.108,2536.513,4627.299,8233.830,13618.203,21892.275,33729.062,46826.566,61104.582,78981.055,94239.641,102585.242,53745.938,11059.695,10605.678,10612.552,10445.544,10465.101,10271.222,9997.436,9786.365,9591.266,9358.492,9089.835,8938.498,8737.308,8549.385,8357.195,8074.046,7979.357,7898.885,7662.095,7532.301,7405.377,7415.488,7263.367,7115.642,6964.960,6657.206,6578.379,6419.450,6129.697,5852.450,5560.185,5410.446,5037.264,4725.296,4378.600,4079.649,3718.805,3503.902,3358.884,3099.011,3002.589,2790.373,2584.419,2361.167,2209.262,2081.496,1916.917,1776.766,1639.823,1520.317,1389.957,1307.161,1235.170,1170.950,1016.666,998.808,949.549,875.244,799.559,761.775,744.138,683.744,635.988,587.708,558.162,525.577,503.643,435.852,422.519,381.976,374.948,320.608,293.142,291.978,254.437,260.243,242.371,222.852,223.268,187.102,174.758,150.853,167.984,141.766,134.420,114.744,120.903,112.350,97.861,96.765,82.203,48.637,61.900,59.099,56.833,48.624,42.600,42.879,41.141,28.469,27.665,30.883,22.822,26.723,21.521,19.217,25.170,19.105,13.783,16.828,24.496,15.676,21.965,10.687,10.986,13.943,12.079,9.391,10.545,9.491,8.772,4.729,3.034,5.303,7.421,8.628,11.289,6.771,3.695,4.274,3.391,6.146,3.340,4.451,5.550,3.603,7.013,5.250,4.739,2.742,2.075,3.529,2.897,2.404,0.699,0.636,3.374,0.000,1.340,2.358,1.742,1.805,2.794,1.409,2.603,0.654,2.271,2.025,1.506,2.033,1.091,1.702,1.830,0.953,1.493,0.524,0.503,2.515,0.669,0.853,0.506,0.518,0.304,0.418,1.044,0.539,1.073,1.453,0.474,1.000,0.000,1.634,1.366,0.652,0.348,0.000,1.000,0.000,1.393,2.886,1.601,0.121,0.000,0.000,1.000,0.000,0.227,1.254,1.481,0.833,1.205,0.000,0.822,0.178,0.000,0.000,0.000,0.000,0.000,0.000,0.000,0.000,0.000,0.000,0.000,0.000,0.000,0.000,0.000,0.000,0.000,0.000,1.000
404,-0.210,1.453,1.000,0.000,0.743,0.257,0.000,0.589,1.965,5.630,4.969,9.012,16.471,22.141,26.195,31.330,54.424,103.022,167.207,283.907,476.991,770.576,1304.108,2536.513,4627.299,8233.830,13618.203,21892.275,33729.062,46826.566,61104.582,78981.055,94239.641,102585.242,53745.938,11059.695,10605.678,10612.552,10445.544,10465.101,10271.222,9997.436,9786.365,9591.266,9358.492,9089.835,8938.498,8737.308,8549.385,8357.195,8074.046,7979.357,7898.885,7662.095,7532.301,7405.377,7415.488,7263.367,7115.642,6964.960,6657.206,6578.379,6419.450,6129.697,5852.450,5560.185,5410.446,5037.264,4725.296,4378.600,4079.649,3718.805,3503.902,3358.884,3099.011,3002.589,2790.373,2584.419,2361.167,2209.262,2081.496,1916.917,1776.766,1639.823,1520.317,1389.957,1307.161,1235.170,1170.950,1016.666,998.808,949.549,875.244,799.559,761.775,744.138,683.744,635.988,587.708,558.162,525.577,503.643,435.852,422.519,381.976,374.948,320.608,293.142,291.978,254.437,260.243,242.371,222.852,223.268,187.102,174.758,150.853,167.984,141.766,134.420,114.744,120.903,112.350,97.861,96.765,82.203,48.637,61.900,59.099,56.833,48.624,42.600,42.879,41.141,28.469,27.665,30.883,22.822,26.723,21.521,19.217,25.170,19.105,13.783,16.828,24.496,15.676,21.965,10.687,10.986,13.943,12.079,9.391,10.545,9.491,8.772,4.729,3.034,5.303,7.421,8.628,11.289,6.771,3.695,4.274,3.391,6.146,3.340,4.451,5.550,3.603,7.013,5.250,4.739,2.742,2.075,3.529,2.897,2.404,0.699,0.636,3.374,0.000,1.340,2.358,1.742,1.805,2.794,1.409,2.603,0.654,2.271,2.025,1.506,2.033,1.091,1.702,1.830,0.953,1.493,0.524,0.503,2.515,0.669,0.853,0.506,0.518,0.304,0.418,1.044,0.539,1.073,1.453,0.474,1.000,0.000,1.634,1.366,0.652,0.348,0.000,1.000,0.000,1.393,2.886,1.601,0.121,0.000,0.000,1.000,0.000,0.227,1.254,1.481,0.833,1.205,0.000,0.822,0.178,0.000,0.000,0.000,0.000,0.000,0.000,0.000,0.000,0.000,0.000,0.000,0.000,0.000,0.000,0.000,0.000,0.000,0.000,1.000
405,-0.210,1.453,1.000,0.000,0.743,0.257,0.000,0.589,1.965,5.630,4.969,9.012,16.471,22.141,26.195,31.330,54.424,103.022,167.207,283.907,476.991,770.576,1304.108,2536.513,4627.299,8233.830,13618.203,21892.275,33729.062,46826.566,61104.582,78981.055,94239.641,102585.242,53745.938,11059.695,10605.678,10612.552,10445.544,10465.101,10271.222,9997.436,9786.365,9591.266,9358.492,9089.835,8938.498,8737.308,8549.385,8357.195,8074.046,7979.357,7898.885,7662.095,7532.301,7405.377,7415.488,7263.367,7115.642,6964.960,6657.206,6578.379,6419.450,6129.697,5852.450,5560.185,5410.446,5037.264,4725.296,4378.600,4079.649,3718.805,3503.902,3358.884,3099.011,3002.589,2790.373,2584.419,2361.167,2209.262,2081.496,1916.917,1776.766,1639.823,1520.317,1389.957,1307.161,1235.170,1170.950,1016.666,998.808,949.549,875.244,799.559,761.775,744.138,683.744,635.988,587.708,558.162,525.577,503.643,435.852,422.519,381.976,374.948,320.608,293.142,291.978,254.437,260.243,242.371,222.852,223.268,187.102,174.758,150.853,167.984,141.766,134.420,114.744,120.903,112.350,97.861,96.765,82.203,48.637,61.900,59.099,56.833,48.624,42.600,42.879,41.141,28.469,27.665,30.883,22.822,26.723,21.521,19.217,25.170,19.105,13.783,16.828,24.496,15.676,21.965,10.687,10.986,13.943,12.079,9.391,10.545,9.491,8.772,4.729,3.034,5.303,7.421,8.628,11.289,6.771,3.695,4.274,3.391,6.146,3.340,4.451,5.550,3.603,7.013,5.250,4.739,2.742,2.075,3.529,2.897,2.404,0.699,0.636,3.374,0.000,1.340,2.358,1.742,1.805,2.794,1.409,2.603,0.654,2.271,2.025,1.506,2.033,1.091,1.702,1.830,0.953,1.493,0.524,0.503,2.515,0.669,0.853,0.506,0.518,0.304,0.418,1.044,0.539,1.073,1.453,0.474,1.000,0.000,1.634,1.366,0.652,0.348,0.000,1.000,0.000,1.393,2.886,1.601,0.121,0.000,0.000,1.000,0.000,0.227,1.254,1.481,0.833,1.205,0.000,0.822,0.178,0.000,0.000,0.000,0.000,0.000,0.000,0.000,0.000,0.000,0.000,0.000,0.000,0.000,0.000,0.000,0.000,0.000,0.000,1.000
406,-0.210,1.453,1.000,0.000,0.743,0.257,0.000,0.589,1.965,5.630,4.969,9.012,16.471,22.141,26.195,31.330,54.424,103.022,167.207,283.907,476.991,770.576,1304.108,2536.513,4627.299,8233.830,13618.203,21892.275,33729.062,46826.566,61104.582,78981.055,94239.641,102585.242,53745.938,11059.695,10605.678,10612.552,10445.544,10465.101,10271.222,9997.436,9786.365,9591.266,9358.492,9089.835,8938.498,8737.308,8549.385,8357.195,8074.046,7979.357,7898.885,7662.095,7532.301,7405.377,7415.488,7263.367,7115.642,6964.960,6657.206,6578.379,6419.450,6129.697,5852.450,5560.185,5410.446,5037.264,4725.296,4378.600,4079.649,3718.805,3503.902,3358.884,3099.011,3002.589,2790.373,2584.419,2361.167,2209.262,2081.496,1916.917,1776.766,1639.823,1520.317,1389.957,1307.161,1235.170,1170.950,1016.666,998.808,949.549,875.244,799.559,761.775,744.138,683.744,635.988,587.708,558.162,525.577,503.643,435.852,422.519,381.976,374.948,320.608,293.142,291.978,254.437,260.243,242.371,222.852,223.268,187.102,174.758,150.853,167.984,141.766,134.420,114.744,120.903,112.350,97.861,96.765,82.203,48.637,61.900,59.099,56.833,48.624,42.600,42.879,41.141,28.469,27.665,30.883,22.822,26.723,21.521,19.217,25.170,19.105,13.783,16.828,24.496,15.676,21.965,10.687,10.986,13.943,12.079,9.391,10.545,9.491,8.772,4.729,3.034,5.303,7.421,8.628,11.289,6.771,3.695,4.274,3.391,6.146,3.340,4.451,5.550,3.603,7.013,5.250,4.739,2.742,2.075,3.529,2.897,2.404,0.699,0.636,3.374,0.000,1.340,2.358,1.742,1.805,2.794,1.409,2.603,0.654,2.271,2.025,1.506,2.033,1.091,1.702,1.830,0.953,1.493,0.524,0.503,2.515,0.669,0.853,0.506,0.518,0.304,0.418,1.044,0.539,1.073,1.453,0.474,1.000,0.000,1.634,1.366,0.652,0.348,0.000,1.000,0.000,1.393,2.886,1.601,0.121,0.000,0.000,1.000,0.000,0.227,1.254,1.481,0.833,1.205,0.000,0.822,0.178,0.000,0.000,0.000,0.000,0.000,0.000,0.000,0.000,0.000,0.000,0.000,0.000,0.000,0.000,0.000,0.000,0.000,0.000,1.000
407,-0.210,1.453,1.000,0.000,0.743,0.257,0.000,0.589,1.965,5.630,4.969,9.012,16.471,22.141,26.195,31.330,54.424,103.022,167.207,283.907,476.991,770.576,1304.108,2536.513,4627.299,8233.830,13618.203,21892.275,33729.062,46826.566,61104.582,78981.055,94239.641,102585.242,53745.938,11059.695,10605.678,10612.552,10445.544,10465.101,10271.222,9997.436,9786.365,9591.266,9358.492,9089.835,8938.498,8737.308,8549.385,8357.195,8074.046,7979.357,7898.885,7662.095,7532.301,7405.377,7415.488,7263.367,7115.642,6964.960,6657.206,6578.379,6419.450,6129.697,5852.450,5560.185,5410.446,5037.264,4725.296,4378.600,4079.649,3718.805,3503.902,3358.884,3099.011,3002.589,2790.373,2584.419,2361.167,2209.262,2081.496,1916.917,1776.766,1639.823,1520.317,1389.957,1307.161,1235.170,1170.950,1016.666,998.808,949.549,875.244,799.559,761.775,744.138,683.744,635.988,587.708,558.162,525.577,503.643,435.852,422.519,381.976,374.948,320.608,293.142,291.978,254.437,260.243,242.371,222.852,223.268,187.102,174.758,150.853,167.984,141.766,134.420,114.744,120.903,112.350,97.861,96.765,82.203,48.637,61.900,59.099,56.833,48.624,42.600,42.879,41.141,28.469,27.665,30.883,22.822,26.723,21.521,19.217,25.170,19.105,13.783,16.828,24.496,15.676,21.965,10.687,10.986,13.943,12.079,9.391,10.545,9.491,8.772,4.729,3.034,5.303,7.421,8.628,11.289,6.771,3.695,4.274,3.391,6.146,3.340,4.451,5.550,3.603,7.013,5.250,4.739,2.742,2.075,3.529,2.897,2.404,0.699,0.636,3.374,0.000,1.340,2.358,1.742,1.805,2.794,1.409,2.603,0.654,2.271,2.025,1.506,2.033,1.091,1.702,1.830,0.953,1.493,0.524,0.503,2.515,0.669,0.853,0.506,0.518,0.304,0.418,1.044,0.539,1.073,1.453,0.474,1.000,0.000,1.634,1.366,0.652,0.348,0.000,1.000,0.000,1.393,2.886,1.601,0.121,0.000,0.000,1.000,0.000,0.227,1.254,1.481,0.833,1.205,0.000,0.822,0.178,0.000,0.000,0.000,0.000,0.000,0.000,0.000,0.000,0.000,0.000,0.000,0.000,0.000,0.000,0.000,0.000,0.000,0.000,1.000
408,-0.210,1.453,1.000,0.000,0.743,0.257,0.000,0.589,1.965,5.630,4.969,9.012,16.471,22.141,26.195,31.330,54.424,103.022,167.207,283.907,476.991,770.576,1304.108,2536.513,4627.299,8233.830,13618.203,21892.275,33729.062,46826.566,61104.582,78981.055,94239.641,102585.242,53745.938,11059.695,10605.678,10612.552,10445.544,10465.101,10271.222,9997.436,9786.365,9591.266,9358.492,9089.835,8938.498,8737.308,8549.385,8357.195,8074.046,7979.357,7898.885,7662.095,7532.301,7405.377,7415.488,7263.367,7115.642,6964.960,6657.206,6578.379,6419.450,6129.697,5852.450,5560.185,5410.446,5037.264,4725.296,4378.600,4079.649,3718.805,3503.902,3358.884,3099.011,3002.589,2790.373,2584.419,2361.167,2209.262,2081.496,1916.917,1776.766,1639.823,1520.317,1389.957,1307.161,1235.170,1170.950,1016.666,998.808,949.549,875.244,799.559,761.775,744.138,683.744,635.988,587.708,558.162,525.577,503.643,435.852,422.519,381.976,374.948,320.608,293.142,291.978,254.437,260.243,242.371,222.852,223.268,187.102,174.758,150.853,167.984,141.766,134.420,114.744,120.903,112.350,97.861,96.765,82.203,48.637,61.900,59.099,56.833,48.624,42.600,42.879,41.141,28.469,27.665,30.883,22.822,26.723,21.521,19.217,25.170,19.105,13.783,16.828,24.496,15.676,21.965,10.687,10.986,13.943,12.079,9.391,10.545,9.491,8.772,4.729,3.034,5.303,7.421,8.628,11.289,6.771,3.695,4.274,3.391,6.146,3.340,4.451,5.550,3.603,7.013,5.250,4.739,2.742,2.075,3.529,2.897,2.404,0.699,0.636,3.374,0.000,1.340,2.358,1.742,1.805,2.794,1.409,2.603,0.654,2.271,2.025,1.506,2.033,1.091,1.702,1.830,0.953,1.493,0.524,0.503,2.515,0.669,0.853,0.506,0.518,0.304,0.418,1.044,0.539,1.073,1.453,0.474,1.000,0.000,1.634,1.366,0.652,0.348,0.000,1.000,0.000,1.393,2.886,1.601,0.121,0.000,0.000,1.000,0.000,0.227,1.254,1.481,0.833,1.205,0.000,0.822,0.178,0.000,0.000,0.000,0.000,0.000,0.000,0.000,0.000,0.000,0.000,0.000,0.000,0.000,0.000,0.000,0.000,0.000,0.000,1.000
409,-0.711,0.782,1.000,0.000,0.000,0.000,1.000,0.000,0.000,2.000,1.000,0.000,1.000,1.000,1.000,0.000,0.000,0.000,0.000,0.000,0.000,0.000,3.000,0.000,1.000,1.316,1.684,2.972,3.028,0.000,0.000,5.826,3.174,4.995,4.467,4.795,11.038,14.481,14.063,11.178,28.552,31.619,37.894,40.863,44.447,58.272,68.360,86.978,78.897,87.348,89.498,85.659,73.751,73.770,87.331,83.701,62.417,64.571,42.279,68.265,60.974,58.423,82.493,97.537,91.823,89.923,134.649,128.434,135.081,171.663,150.163,180.173,201.992,200.187,260.578,274.195,353.133,384.241,450.721,546.516,640.699,757.278,941.522,1073.439,1264.026,1467.303,1805.802,1897.037,2318.348,2548.366,2855.761,3001.019,3194.396,3443.305,3498.200,3545.093,3758.522,3940.322,4159.541,4246.535,4588.622,4776.727,5187.917,5586.989,5667.140,6165.321,6569.340,6955.413,7273.694,7647.404,8007.754,8366.930,8577.122,8659.571,8872.370,8981.508,8946.596,8990.756,8916.014,9241.188,9223.434,9128.565,8825.123,8947.955,9285.150,9210.834,9061.287,8956.882,8880.694,8663.065,8388.657,8500.969,8000.387,7790.753,7490.636,7078.228,6770.623,6293.701,6014.327,5704.615,5503.015,5325.070,4944.712,4697.510,4488.152,4124.282,3789.749,3521.959,3166.358,2977.639,2527.792,2343.727,1946.607,1684.746,1510.882,1304.197,1190.131,1096.750,1036.547,983.984,825.283,791.292,691.639,665.766,600.137,526.304,491.507,418.948,371.713,283.442,239.832,190.074,136.843,121.263,91.784,82.316,89.773,65.986,58.068,45.583,45.945,37.942,44.342,43.706,41.190,38.251,41.709,45.489,37.974,35.135,38.340,42.734,33.696,22.347,34.491,26.942,31.481,27.887,31.041,26.106,34.371,30.029,33.705,35.857,24.882,24.616,21.181,24.109,16.433,12.438,16.848,9.714,5.496,5.333,1.929,1.749,3.000,4.606,2.394,2.000,2.000,1.000,0.915,0.201,2.885,1.000,1.370,2.630,2.000,1.000,0.000,0.000,0.000,0.000,0.000,0.000,0.000,0.000,0.000,0.000,0.000,0.000,0.000,1.000,0.000,0.000,0.000,0.000,0.000,1.000,0.000,0.000,0.000,0.000,0.000,0.000,0.000,1.000
410,-0.540,0.655,2.868,3.072,1.473,2.526,3.577,3.608,8.186,10.603,8.123,14.014,12.219,23.004,14.386,20.515,28.949,28.375,30.874,42.104,34.451,43.442,54.923,60.217,55.927,64.715,59.741,65.033,75.029,74.618,80.370,85.213,103.044,75.099,85.467,82.872,97.342,106.659,115.407,117.607,124.354,137.873,143.456,155.165,141.475,191.058,198.218,188.451,214.012,247.110,246.572,276.174,294.296,316.111,343.488,404.428,449.323,556.652,630.870,712.589,750.476,893.969,1014.718,1200.080,1315.724,1512.396,1683.745,1897.649,2164.013,2526.409,3084.491,3581.928,4147.755,4703.701,5560.837,6447.380,7242.138,8062.557,8737.947,9423.645,10236.387,10514.254,11034.108,11435.056,12345.859,12829.351,13489.266,14371.871,15059.717,16043.879,16785.072,18103.852,19437.529,20465.676,21485.574,22758.035,24012.289,24787.215,25846.936,26686.367,27855.789,28353.385,28968.121,29391.330,30298.697,30332.561,30792.342,31000.395,31260.980,31063.420,31024.605,31113.047,31067.439,31110.160,31288.658,31425.387,31665.818,31590.598,31453.242,31216.975,30764.775,30835.535,30504.596,30156.822,29663.762,28551.943,27786.949,27429.029,26552.211,25857.285,25205.754,24779.887,23720.492,22921.438,22169.172,21123.359,20089.451,19147.047,18266.488,17137.455,16050.251,15021.935,14078.943,13172.662,12332.146,11363.706,10324.898,9519.574,8753.104,7909.204,6976.244,6226.469,5352.638,4699.309,4180.278,3720.879,3261.912,2875.205,2586.067,2394.427,2113.614,2017.904,1750.352,1488.223,1285.194,1237.879,1114.695,936.223,839.086,778.865,749.484,599.071,527.726,442.013,378.637,313.336,285.319,250.605,234.798,210.068,204.192,208.152,182.494,186.912,209.202,199.097,178.685,174.903,176.875,171.912,149.000,147.512,143.934,123.453,100.433,88.205,90.780,71.967,63.272,51.981,39.943,31.938,31.244,27.478,26.768,17.213,17.791,15.092,8.783,13.709,9.790,8.171,5.697,6.289,5.645,7.665,9.898,5.671,3.343,8.543,5.659,2.646,3.568,5.443,0.587,0.490,2.540,2.011,1.921,0.537,0.031,0.000,1.591,1.386,1.023,0.000,0.000,0.000,1.000,0.000,1.000,1.000,1.000,0.000,0.000,0.000,0.000,1.000,0.847,1.014,1.137,0.002,0.000,0.000,0.000,0.000,0.983,1.017
411,-0.689,0.799,1.513,0.487,0.000,0.174,1.826,0.001,0.306,0.693,0.391,0.614,0.974,2.606,3.996,3.179,5.377,2.863,2.006,2.357,2.306,1.908,8.679,7.082,6.543,9.295,10.301,9.577,11.801,14.616,17.786,24.687,37.224,34.146,48.088,50.097,80.200,86.389,96.599,120.848,133.775,172.742,167.325,186.176,237.045,250.142,315.830,357.579,432.111,449.711,513.563,578.621,670.873,753.253,807.006,887.396,972.883,1031.991,1101.896,1129.678,1179.368,1277.559,1358.901,1395.766,1499.528,1682.119,1753.663,1854.372,2053.010,2234.680,2387.428,2623.455,2825.499,2956.979,3364.898,3532.150,3886.219,4382.580,4778.927,5276.187,5681.892,6154.732,6890.145,7456.842,8182.361,8676.711,9290.215,10051.726,11001.352,11642.661,12488.160,13210.728,13970.400,14813.331,15849.409,16383.395,17289.188,17868.719,18518.594,19095.961,19611.787,20151.258,21087.041,21866.455,22830.027,23644.451,24425.973,25547.984,26036.355,26413.375,27056.885,27495.402,27956.957,28529.691,29538.932,29974.686,30647.119,31280.240,31575.832,31744.471,31568.656,31339.266,31156.361,30855.410,30428.744,29649.531,29333.695,29105.738,28801.400,28760.742,28243.910,27523.260,27006.492,26017.332,25335.334,24510.051,23715.250,22995.629,22138.137,21072.668,20120.295,18891.520,18116.234,17126.078,16420.846,15697.088,15378.923,14968.959,14366.673,13929.416,13166.181,12433.850,11574.545,10703.178,9941.001,8991.514,8287.715,7759.571,7049.682,6524.361,6049.418,5638.719,5349.031,4854.229,4575.598,4169.815,3861.483,3560.206,3240.603,3056.395,2782.481,2554.130,2398.251,2234.709,2089.216,1977.851,1845.557,1742.212,1553.883,1430.705,1329.355,1245.831,1237.553,1143.019,1031.681,976.141,857.844,812.634,733.201,646.325,624.647,584.708,509.049,462.487,440.173,398.958,374.355,319.551,288.635,267.919,235.720,196.212,194.622,156.031,127.518,107.326,89.488,76.978,62.533,53.261,54.750,36.943,32.136,28.548,18.706,24.636,14.593,17.965,14.082,11.226,7.230,8.313,6.261,9.347,9.009,4.726,3.112,4.163,3.414,7.272,2.843,4.318,2.666,1.299,2.028,0.697,4.605,2.001,2.668,1.019,0.658,3.081,1.823,0.416,0.563,0.589,2.527,2.324,0.000,0.000,0.000,0.000,0.000,0.000,0.000,0.000,0.000,1.000
412,-0.937,0.912,1.000,0.000,0.000,0.000,0.000,0.000,0.000,0.000,0.000,0.000,0.000,1.000,2.896,2.134,2.035,1.936,0.163,1.837,0.262,1.361,3.373,4.134,0.869,2.068,4.967,6.322,7.063,5.621,9.944,7.775,14.515,15.972,22.531,45.715,34.408,66.989,67.913,79.225,93.862,115.415,131.787,140.422,139.848,128.611,121.695,116.871,103.424,94.494,97.618,85.339,80.639,103.995,99.228,125.013,141.068,158.004,189.880,250.230,296.872,366.968,418.038,528.776,580.546,666.846,806.758,926.387,1036.416,1185.792,1374.022,1567.468,1734.939,1968.940,2067.683,2395.380,2658.807,2781.854,3045.762,3471.449,3716.850,4001.968,4420.124,4842.763,5193.985,5712.761,6303.767,6692.414,7254.953,8001.333,8624.239,9256.166,9961.404,10614.411,11269.322,12081.817,13086.185,13737.774,14560.431,15344.253,16427.145,17362.617,18148.711,19118.645,19766.326,20435.609,20878.748,21422.436,21823.836,22141.293,22570.715,23143.926,23277.043,23876.350,24358.904,25292.203,25340.016,25731.596,25935.039,26222.254,26145.738,26068.875,26150.719,25805.041,25920.576,25900.998,25572.645,25337.721,24676.000,24174.232,23764.619,23409.523,22891.275,22407.201,22088.359,21969.660,21580.938,21307.316,21299.264,21353.871,21371.465,21153.098,20909.326,20709.465,20382.377,19885.895,19483.840,19144.377,18565.529,18171.408,17923.004,18067.246,17682.125,17393.570,17238.502,16683.246,16450.084,15823.409,15461.385,14965.929,14174.749,13668.043,13093.587,12352.678,11927.100,11425.853,10715.422,10162.996,9670.324,9346.809,8815.418,8372.113,7908.093,7414.985,7083.390,6515.634,6074.043,5573.596,5189.925,5018.773,4640.035,4293.861,3946.795,3611.646,3433.027,3145.649,2770.068,2471.074,2235.786,1996.914,1830.059,1509.058,1329.830,1160.455,1005.836,874.450,762.708,649.893,593.631,509.198,427.030,363.985,333.027,317.352,275.023,256.211,234.605,246.804,231.708,211.536,195.424,196.470,182.864,188.535,168.054,154.711,134.471,98.586,89.880,71.097,60.949,39.147,31.451,24.333,22.492,20.919,10.870,14.446,12.199,10.164,5.734,4.884,4.821,2.631,2.807,6.185,5.966,4.998,3.058,0.833,1.300,1.199,0.262,0.743,0.000,0.406,0.594,0.000,0.000,0.604,0.396,0.703,0.855,0.381,0.060,0.002,0.000,1.000
413,-0.878,0.858,1.000,0.000,0.000,0.000,0.000,0.000,1.000,1.018,0.982,0.569,2.229,2.201,0.660,1.720,2.340,3.282,4.559,2.439,4.875,7.302,7.863,6.597,11.019,7.037,9.471,16.491,19.570,29.588,29.349,54.573,70.137,84.999,104.634,135.303,147.575,166.384,180.512,168.054,156.310,141.719,152.588,135.230,147.622,148.547,176.520,209.411,235.289,293.909,338.126,385.411,445.291,450.977,547.542,625.596,753.925,921.975,1075.916,1311.698,1474.886,1781.410,2066.007,2410.776,2801.974,3342.844,3895.083,4571.446,5363.438,6125.617,6879.926,7688.833,8463.771,9278.570,10261.963,11415.823,12422.645,13443.396,14395.635,15582.184,16842.445,18200.664,19748.480,21550.871,23132.895,24980.066,27170.182,29372.879,31611.521,34447.375,37247.180,40141.652,43259.676,45814.793,48759.500,51670.836,54758.625,57738.734,61093.648,64296.672,67302.000,70972.656,73620.547,76237.039,79027.422,81483.516,83864.586,86456.703,88720.250,90982.586,92966.398,95399.383,97206.125,98653.180,100137.844,101510.266,103014.953,103816.047,103662.430,103675.750,103772.156,103139.695,102505.375,101037.977,98979.930,97255.703,94957.047,92656.836,91293.719,90049.836,88034.820,86210.242,84297.703,83428.445,82276.766,81512.938,80238.625,79664.555,79444.117,79036.469,79089.047,79290.477,79348.352,78661.922,77701.719,77489.391,76559.023,75217.594,74064.703,73090.469,71859.531,70389.141,69627.656,68336.781,67782.281,66013.266,64836.059,63921.828,62449.656,60578.551,58295.730,56475.227,54098.023,51812.656,49814.988,47677.562,45951.758,43865.227,41715.785,39635.980,37790.156,35521.223,33124.188,31079.254,29478.285,27635.324,25705.783,23813.332,22006.332,20644.207,19322.359,17630.795,16253.934,15152.982,13771.193,12380.109,11320.603,10206.577,9181.165,8180.127,7285.367,6359.511,5644.604,4835.856,4203.728,3653.944,3294.096,2780.202,2380.788,2203.797,1926.046,1717.527,1588.208,1418.161,1311.319,1197.451,1040.186,986.555,956.885,864.806,776.012,722.948,691.748,667.151,607.260,543.239,439.052,391.921,322.179,275.882,221.533,177.378,153.715,113.711,70.247,55.477,39.243,42.694,31.600,30.840,30.835,16.473,20.279,11.505,10.476,13.032,8.967,14.577,11.377,7.016,2.797,5.035,4.077,2.409,1.839,4.488,4.484,1.561,1.251,0.868,0.480,0.951,1.625,2.048,0.482,0.034,0.001,1.000
414,-1.153,1.076,1.000,0.000,0.000,0.000,0.000,0.000,0.000,1.000,0.000,0.000,0.000,0.000,0.000,0.000,0.017,0.286,0.727,0.474,1.483,1.014,0.052,0.593,2.024,1.183,2.213,2.226,4.519,2.815,6.469,1.293,5.932,7.408,8.873,13.100,9.257,9.056,16.176,19.352,26.082,41.149,48.002,63.965,84.737,109.037,131.582,175.530,218.220,242.295,252.958,290.396,309.428,340.048,371.463,397.374,454.376,508.343,573.166,646.646,738.334,870.568,977.620,1094.280,1237.672,1362.038,1550.627,1721.067,1910.436,2205.574,2533.198,2897.158,3392.916,3914.772,4488.095,5196.179,5951.967,6717.379,7546.834,8501.645,9499.424,10706.943,11967.561,13228.335,14636.756,16147.547,17896.295,19628.189,21692.781,23720.184,26230.512,28428.023,30840.875,33190.617,35874.168,38624.766,41546.883,44335.316,47235.523,49792.352,52509.898,55444.992,58268.367,60717.109,63480.715,66051.438,68621.281,71352.219,73913.492,76444.406,78633.039,80633.734,82700.719,84877.609,86726.172,88520.578,90739.344,93127.445,95299.422,97223.867,99276.719,100745.047,101965.695,102546.531,103224.477,103381.969,103426.391,103121.312,102086.203,101138.383,100285.953,99568.359,98500.000,96763.703,95724.820,94012.344,92918.867,91199.383,89609.641,88240.172,86980.352,85411.859,84496.031,83756.992,83134.453,82606.609,81809.484,80616.234,80519.188,80011.562,79338.047,78778.656,77972.672,76751.648,75070.492,73622.625,71952.109,70145.672,68354.086,66584.406,64533.840,62197.480,60166.375,58535.117,56655.180,54621.828,52765.262,51415.078,49469.750,47385.379,45551.398,43859.938,42155.719,39986.883,37964.953,35734.383,33649.219,31771.932,29744.033,28043.887,26244.902,24313.990,22732.822,21035.883,19512.891,18195.436,16920.346,15805.786,14770.724,13713.302,12668.684,11696.133,10731.059,9728.671,8812.307,7943.083,7147.492,6371.508,5590.894,5017.356,4409.889,3933.284,3618.235,3185.655,2855.862,2562.643,2236.751,2006.597,1889.537,1613.597,1507.387,1385.307,1277.693,1140.142,1006.425,943.547,812.488,734.589,630.318,509.262,398.170,332.034,270.481,219.974,167.552,129.566,104.321,102.170,81.844,63.419,48.417,46.201,35.536,28.912,23.794,17.034,15.763,13.413,14.161,10.612,11.321,11.196,15.980,7.669,4.821,5.190,3.463,2.234,3.702,2.018,1.650,2.266,0.555,1.368,2.249,1.727,1.521,1.000
415,-0.948,0.910,1.000,1.000,0.000,0.000,0.627,0.373,0.662,0.338,0.000,0.000,0.000,0.000,0.000,0.000,0.000,0.000,0.000,0.854,1.983,2.066,1.395,1.678,2.821,3.098,4.687,1.394,2.157,2.958,5.899,8.319,8.496,8.789,10.432,10.583,9.692,19.559,33.098,38.215,53.013,72.222,100.484,111.118,132.515,176.844,197.348,210.277,238.651,242.853,247.216,252.062,272.664,279.360,308.987,351.698,380.673,420.208,485.956,596.526,649.801,697.839,790.220,915.328,1040.376,1170.260,1279.711,1365.784,1591.922,1739.998,1891.240,2091.329,2319.532,2627.037,2888.225,3215.569,3608.032,3962.370,4398.818,4772.316,5370.786,5834.426,6328.191,6851.378,7518.862,8283.365,8633.739,9221.412,9609.073,10124.229,10815.620,11140.779,11714.104,11930.363,12304.688,12760.419,13109.478,13573.174,14031.354,14520.743,15125.812,15518.494,16000.434,16694.131,17289.023,17642.486,17934.594,18195.330,18601.367,18949.092,19534.697,19898.715,20321.480,20806.889,21025.635,21327.061,21636.119,21880.670,21964.387,22039.732,21929.225,21558.932,21276.543,21246.641,21213.109,21125.678,21104.764,21193.352,21034.838,20873.223,20789.939,20359.275,20273.340,19938.662,19643.998,19365.029,18626.182,18339.553,17715.785,17391.713,17108.605,16812.254,16624.637,16910.449,17053.859,16861.102,16890.459,17013.629,17047.273,16959.242,17300.660,17047.570,17007.980,16929.480,16970.268,16951.941,16695.740,16547.129,16150.199,15641.631,15174.884,14562.631,14197.125,13751.770,13096.525,12657.494,12214.568,11946.930,11608.990,11313.281,11019.630,10795.420,10592.031,10303.059,10130.260,9879.125,9605.085,9197.326,8954.393,8578.492,8195.337,7827.120,7434.234,6966.778,6370.636,5975.559,5628.073,5269.876,4886.935,4660.205,4429.977,4185.515,4039.128,3948.221,3817.375,3611.171,3452.402,3229.014,3010.560,2634.160,2331.901,2079.791,1891.898,1688.923,1567.349,1407.288,1265.426,1128.619,1049.127,946.947,860.524,766.807,662.325,609.391,521.679,469.619,395.410,324.013,293.425,264.721,245.636,213.443,201.272,183.532,196.181,178.348,162.138,148.578,139.095,130.667,122.372,102.271,76.677,65.102,57.421,42.117,24.983,24.147,14.633,12.589,10.908,10.466,8.167,4.127,7.802,5.283,2.807,2.118,2.664,2.012,2.020,3.199,0.938,0.446,1.053,0.060,0.717,2.283
416,-1.886,1.817,1.000,0.000,0.000,0.000,0.000,0.000,0.000,0.000,1.146,1.036,0.818,0.000,0.000,0.001,0.371,2.458,1.632,0.539,0.504,1.496,0.196,1.890,2.560,2.239,3.035,2.503,1.812,4.195,7.838,6.883,4.983,9.227,11.210,10.698,15.369,18.080,40.918,50.052,66.492,85.453,100.730,113.318,136.531,157.601,160.194,171.518,151.840,130.841,132.652,137.774,145.698,143.841,147.673,149.460,180.139,185.386,238.356,288.708,339.850,396.318,460.836,520.427,639.322,734.541,859.960,990.740,1164.127,1349.635,1582.244,1720.642,1880.707,2047.840,2207.300,2384.146,2576.791,2892.607,3072.184,3335.503,3602.414,3886.459,4313.657,4714.146,5212.381,5718.197,6269.004,6779.077,7407.543,8080.374,8922.865,9635.103,10582.436,11280.610,12021.324,12872.580,13312.913,13975.924,14724.005,15540.895,16320.730,16908.814,17525.992,18185.680,18830.379,19368.598,19750.951,20299.982,20930.340,21460.182,21865.814,22331.723,22743.037,23159.113,23191.260,23351.592,23507.729,23697.117,24018.076,24067.947,24112.377,24287.695,24361.100,24121.178,23798.277,23893.652,23593.152,23067.744,22563.785,22082.844,21578.941,21073.281,20802.691,20453.113,20201.654,20027.191,19870.336,19958.605,19955.961,19723.582,19506.529,19613.650,19481.660,19201.531,19098.971,18965.840,19089.277,18913.119,18970.844,18801.984,18488.369,18375.596,18168.430,18056.600,17655.562,17362.789,16933.189,16517.461,16026.932,15725.910,15358.148,14836.197,14293.486,13906.592,13417.436,12772.060,12338.940,11901.457,11522.457,11016.282,10535.187,10136.617,9473.242,9026.284,8460.766,7960.977,7539.331,7338.067,7037.022,6695.774,6659.646,6315.175,6019.679,5740.103,5321.021,4888.095,4468.024,3991.448,3487.429,3025.840,2695.072,2331.659,2009.066,1724.485,1545.146,1344.396,1194.749,1110.112,920.825,824.730,717.867,657.033,560.810,531.323,472.151,429.037,375.631,340.326,328.147,292.860,247.364,217.649,198.715,191.550,185.319,172.166,166.079,160.120,159.774,155.822,153.844,145.968,138.523,111.283,95.340,76.100,63.452,53.782,39.215,28.147,22.306,15.032,13.309,13.898,7.317,7.227,4.911,3.959,4.385,3.367,4.226,3.254,3.757,1.973,0.989,0.406,0.927,1.215,1.130,0.323,0.749,0.747,0.412,0.944,0.148,0.000,0.000,1.000
417,-1.577,1.655,1.000,0.000,0.000,0.018,1.044,0.938,0.000,0.000,1.000,1.004,1.131,0.918,0.960,0.339,1.935,1.378,2.764,3.412,3.052,8.781,11.568,19.920,25.829,34.620,32.514,42.037,32.610,39.628,42.431,36.280,19.674,16.712,14.024,13.052,11.669,11.175,12.723,14.451,13.835,11.648,20.134,16.739,29.379,27.862,27.079,40.210,37.338,50.210,59.327,74.259,112.796,147.417,176.794,220.114,258.853,306.383,363.755,433.321,509.338,546.850,606.180,611.974,663.854,692.832,686.851,680.335,723.584,697.392,745.405,796.066,892.989,1061.539,1120.380,1225.453,1377.203,1539.262,1650.330,1761.800,1848.179,1966.252,2067.533,2120.160,2334.191,2497.421,2607.235,2787.216,2991.406,3164.616,3528.038,3773.859,4061.721,4335.522,4695.062,4959.999,5202.247,5326.356,5428.022,5556.339,5471.898,5450.887,5421.382,5295.702,5222.342,5254.559,5176.125,5154.525,5085.364,5088.477,5137.924,5134.860,5113.457,5127.484,5064.390,5150.537,5110.934,5218.473,5371.824,5323.249,5367.197,5258.521,5276.973,5051.541,4837.192,4665.399,4519.163,4446.093,4417.591,4421.855,4510.325,4596.961,4568.042,4396.121,4187.173,4071.280,4042.104,4070.803,4094.653,4187.546,4162.537,4210.383,4212.691,4284.729,4218.166,4272.739,4218.344,4067.851,4056.500,3958.884,3879.087,3793.816,3647.448,3637.735,3624.502,3632.453,3531.612,3464.345,3340.890,3267.173,3173.701,3162.805,3096.154,2929.627,2868.101,2833.831,2884.288,2840.008,2725.558,2657.708,2561.109,2498.419,2456.468,2442.034,2346.196,2312.520,2130.356,1957.674,1840.891,1772.382,1614.880,1512.089,1416.112,1335.391,1206.517,1064.201,897.256,715.355,606.855,507.664,444.734,367.864,297.677,236.328,178.133,157.719,125.043,117.999,121.079,108.298,105.335,97.435,98.476,88.260,89.235,87.998,95.584,84.055,79.872,75.984,78.970,81.888,68.830,77.218,77.405,62.300,68.161,69.181,77.352,58.309,46.677,33.486,30.991,27.214,28.958,19.752,16.275,13.107,14.673,15.954,8.458,4.324,4.703,1.501,0.131,0.975,0.000,1.037,1.014,1.989,1.250,0.759,0.950,1.142,2.861,1.093,1.908,0.072,0.590,0.336,0.000,0.000,0.009,0.178,0.813,0.117,0.883,1.000
418,-2.288,2.321,1.000,0.000,0.000,0.000,0.000,0.000,2.000,1.000,0.000,1.000,1.000,1.000,0.000,0.000,1.000,0.000,0.000,1.857,1.143,2.000,1.000,1.000,1.000,2.545,4.381,2.507,4.567,13.079,11.819,22.171,29.750,33.755,27.657,44.205,36.682,49.922,35.861,24.325,21.066,20.231,18.272,11.122,9.188,15.215,16.952,25.108,22.388,28.385,31.477,39.097,30.490,49.960,57.648,60.846,67.785,75.500,74.826,84.840,71.953,97.129,102.917,79.280,107.698,131.703,159.054,177.919,212.265,234.202,274.272,308.303,354.671,451.829,479.316,588.070,703.460,724.358,843.299,898.431,931.445,1042.825,1124.409,1196.547,1321.744,1456.994,1658.774,1827.400,2090.819,2186.679,2480.738,2722.044,3099.184,3293.010,3686.943,3955.575,4402.707,4647.767,4957.375,5055.789,5367.346,5417.889,5629.058,5939.818,6220.383,6518.032,6461.558,6478.228,6402.886,6534.700,6545.759,6404.441,6394.498,6402.666,6275.202,6077.288,6155.833,6111.464,6111.360,5983.810,5856.396,5937.590,6006.865,5944.767,5927.445,5758.881,5598.893,5317.068,5206.082,4910.300,4625.571,4664.199,4705.650,4670.106,4575.782,4552.477,4834.716,4867.477,4935.914,5111.797,5042.490,5028.074,5358.665,5094.888,5270.650,4901.075,4903.716,4789.854,4516.152,4448.257,4394.145,4195.978,4222.501,4058.162,4015.700,3919.983,3857.140,3802.617,3774.537,3687.119,3920.697,3938.319,3908.346,3689.269,3602.751,3424.496,3280.369,2972.705,2742.683,2487.899,2296.227,2002.489,1765.930,1557.719,1391.405,1259.689,1048.693,875.574,848.304,785.590,637.928,566.768,536.520,457.230,391.314,351.770,289.729,239.465,223.675,201.752,159.007,133.311,115.488,115.721,84.175,78.419,95.594,97.838,79.873,88.951,108.710,99.521,116.683,103.143,106.238,107.499,79.728,88.681,68.356,52.733,49.421,45.146,44.717,27.779,27.441,31.898,26.788,17.305,11.714,7.051,5.961,4.330,6.479,3.704,1.188,1.629,2.000,5.000,2.911,4.072,6.017,2.000,2.199,0.801,2.000,0.000,1.000,1.000,0.000,0.000,0.000,0.000,0.000,0.000,0.000,0.000,1.000,0.000,0.000,0.000,0.000,0.000,0.000,1.000,0.000,0.000,0.000,1.000
419,-1.280,1.463,1.000,0.968,1.032,0.028,1.004,0.968,0.000,0.520,0.558,2.055,1.867,0.111,1.080,0.809,0.562,0.438,1.057,0.589,1.542,0.916,0.786,2.067,1.291,1.270,1.943,1.248,0.923,0.687,1.316,1.932,2.547,1.780,2.972,2.690,2.332,1.905,1.959,2.312,2.571,4.354,5.785,6.935,6.268,5.836,6.420,5.063,9.718,12.527,13.780,16.054,16.977,26.900,30.286,28.360,28.980,30.519,29.268,35.274,45.589,40.196,44.631,47.181,66.887,64.527,77.833,72.613,80.049,90.012,104.154,104.860,117.183,137.657,134.603,157.585,165.167,173.552,175.650,178.089,204.502,201.689,200.548,224.209,216.560,248.704,284.617,339.903,406.770,473.152,554.710,619.921,644.944,694.955,677.172,672.397,698.748,742.309,773.905,757.354,790.835,789.434,885.698,985.165,1017.782,1154.193,1297.883,1445.440,1520.462,1738.326,1949.728,2356.268,2872.169,3123.092,3284.014,3873.776,4064.122,3975.707,4199.849,4577.530,4710.461,4952.479,5136.401,5431.729,5753.182,6107.924,6745.988,7292.121,7557.135,7653.514,8037.565,8593.696,9131.483,9484.119,10270.979,10853.734,11269.288,11186.288,10801.749,10481.793,10032.465,9809.430,9676.644,9936.926,10384.008,10915.575,11112.350,10419.582,9642.429,8855.193,8158.768,7844.856,7713.349,7464.422,6964.555,6701.587,6656.722,6225.415,5661.613,5335.731,4784.970,3980.723,3275.574,2859.790,2622.757,2477.997,2445.111,2350.945,2200.208,1937.969,1632.803,1402.779,1211.911,1123.573,1057.743,998.316,928.349,841.725,715.581,592.048,456.674,354.722,308.920,289.037,279.230,252.819,212.180,170.613,149.123,132.693,105.784,93.535,73.993,53.697,52.551,51.341,42.704,33.088,24.224,26.254,25.292,23.980,20.888,23.316,22.913,21.532,19.721,18.592,21.093,18.737,21.727,18.691,16.735,14.579,12.884,11.466,16.788,11.271,13.686,13.032,11.267,8.537,6.119,5.258,5.903,5.176,6.646,3.842,3.448,4.922,1.843,1.773,0.465,1.159,1.740,0.964,1.733,1.110,0.119,0.000,0.000,0.000,0.000,0.916,0.084,0.000,0.000,0.000,0.275,0.691,0.330,0.679,0.025,0.000,0.340,1.652,0.008,1.000
420,-0.128,1.463,3.979,5.325,5.072,7.701,7.958,11.484,19.371,41.892,105.758,179.530,306.668,511.029,827.948,1145.793,1902.450,3320.352,4356.057,6204.059,11399.193,18546.238,14762.207,5433.155,3040.669,3072.662,3205.199,3326.896,3357.971,3533.918,3772.353,3951.186,4168.083,4325.371,4382.825,4416.480,4398.868,4533.771,4703.063,4908.962,5179.899,5234.819,5340.585,5579.972,5821.456,6087.936,6243.079,6453.808,6596.372,6531.369,6428.076,6324.471,6251.918,6131.000,5856.590,5818.992,5743.516,5633.369,5551.011,5605.727,5683.776,5960.847,6069.047,6240.640,6428.175,6716.569,6305.077,5926.025,5755.625,5654.598,5225.770,4864.160,4730.399,4600.782,4440.852,4484.722,4589.229,4394.860,4213.678,3997.443,3830.334,3836.610,3960.169,3911.786,3660.922,3395.896,3267.071,3183.167,3095.281,2914.891,2573.792,2320.391,2063.510,1845.357,1658.947,1637.167,1550.518,1432.268,1386.264,1451.441,1409.808,1406.375,1345.577,1299.194,1229.927,1121.313,1003.936,906.632,806.189,759.343,715.252,647.790,616.211,653.371,598.750,584.382,571.903,538.275,519.658,473.225,433.974,394.838,351.921,309.152,248.158,217.294,196.740,168.202,178.901,155.331,166.654,148.672,167.605,139.568,128.724,113.499,98.571,80.537,98.189,72.061,75.792,56.412,53.022,53.868,46.910,38.136,32.064,29.805,33.823,31.026,23.395,25.743,25.971,17.549,17.785,16.980,12.805,16.291,15.321,13.213,10.761,15.219,12.629,11.390,16.496,11.187,11.923,13.858,14.671,10.477,10.452,9.738,11.094,11.814,11.120,9.857,13.852,11.540,11.745,8.647,11.356,7.489,8.013,7.359,5.025,7.359,11.082,9.591,2.697,8.217,9.225,9.340,4.938,7.790,5.396,3.231,4.126,2.733,1.540,4.675,2.231,4.915,2.397,4.836,3.389,0.432,3.196,2.117,2.461,2.821,1.102,0.396,1.578,0.075,0.000,0.418,0.995,0.565,1.480,0.522,0.509,1.456,1.019,0.036,0.000,0.000,0.000,0.000,0.000,0.000,0.000,0.000,0.000,0.975,0.025,0.000,0.000,0.000,0.000,0.000,0.000,0.000,0.848,0.150,0.002,0.898,0.101,0.001,0.000,0.000,0.000,0.000,0.021,0.975,1.004,0.000,0.000,1.000
421,-1.111,0.751,1.000,0.000,0.096,0.872,0.032,0.000,0.004,0.114,1.059,1.825,0.064,0.614,1.427,1.393,1.089,2.232,2.729,2.876,4.233,5.290,5.350,6.218,5.740,5.598,5.112,6.829,11.747,11.731,9.522,10.417,10.985,14.160,15.050,15.539,9.580,12.239,13.115,11.553,10.048,14.507,15.425,14.236,17.154,20.437,18.350,22.746,23.015,26.737,30.154,33.379,33.795,35.340,37.903,39.681,37.259,39.075,44.109,39.606,36.189,32.034,29.459,30.868,30.041,30.418,32.729,32.418,28.133,33.785,35.750,39.709,40.366,40.376,43.269,44.968,43.855,41.704,48.405,51.035,45.418,52.090,54.126,57.890,57.978,71.524,76.919,79.374,87.259,108.537,124.382,140.488,159.883,165.563,180.033,172.303,201.045,206.922,213.656,242.686,255.795,279.628,303.774,334.507,364.360,403.486,438.973,483.450,516.129,594.584,680.017,745.964,797.538,875.891,952.921,1013.954,1131.178,1291.587,1448.970,1659.459,1909.041,2241.390,2481.836,2791.401,3012.770,3206.383,3386.701,3634.116,4001.119,4364.868,4757.597,5335.282,5842.037,6386.604,6988.303,7688.449,8679.752,9530.964,10275.197,11573.012,12749.061,13618.701,12116.953,10438.207,9746.229,9345.021,9418.041,9704.862,9923.579,9962.525,9875.881,9601.180,9275.071,9086.513,8655.611,8238.260,7948.913,7635.581,7421.644,7249.607,7115.021,6992.488,6669.380,6124.943,5659.124,5206.158,4913.381,4834.637,4728.620,4492.897,4151.389,3915.327,3718.029,3533.750,3284.961,2904.538,2516.645,2198.600,1953.927,1845.545,1758.557,1675.633,1668.356,1548.374,1456.714,1380.038,1345.756,1277.385,1222.370,1174.768,1109.003,1037.507,910.212,784.742,667.730,626.282,589.283,550.063,505.612,483.989,450.105,417.694,370.089,309.399,272.477,241.226,227.764,212.926,209.186,208.111,188.323,178.180,176.954,188.220,173.099,165.754,154.768,125.039,104.652,88.863,72.673,58.495,41.498,37.004,23.860,11.177,12.831,11.147,11.160,6.836,5.389,5.521,3.060,2.788,1.881,2.337,5.126,5.286,3.780,2.135,0.823,0.974,0.977,0.099,0.000,0.017,0.398,1.548,0.213,0.824,0.000,0.000,0.000,0.000,0.000,0.000,0.000,1.000
422,-0.111,0.751,1.495,2.305,5.578,13.064,25.508,38.720,49.705,60.469,65.782,93.185,136.813,171.090,165.861,150.134,158.128,184.771,229.258,290.774,446.555,677.029,972.885,1396.179,2103.431,3308.464,5246.579,8799.795,14006.672,21373.561,32611.830,45686.461,49829.465,44170.906,33103.895,14714.585,5601.525,3792.189,3747.464,3690.229,3563.296,3468.462,3429.197,3424.758,3413.329,3315.641,3270.951,3299.065,3274.208,3263.476,3234.859,3120.402,3030.240,2920.913,2717.988,2642.203,2572.587,2493.046,2353.717,2229.662,2234.047,2275.685,2267.550,2264.770,2178.291,2127.919,2164.678,2057.588,1958.679,1867.559,1790.411,1783.827,1763.669,1703.686,1692.888,1627.854,1619.678,1536.090,1454.777,1366.356,1283.854,1171.972,1142.191,1042.560,986.931,902.813,884.876,844.250,853.039,840.142,817.835,801.982,789.321,767.079,758.278,757.819,744.763,715.475,696.467,668.231,636.534,634.790,634.328,628.263,612.626,580.958,581.303,582.199,563.941,550.977,530.595,511.541,512.094,508.448,481.963,464.517,426.481,394.822,360.171,319.563,296.008,304.457,301.669,295.954,282.506,263.432,256.675,258.266,247.107,221.039,215.210,231.820,224.741,206.796,210.559,199.467,187.984,172.192,168.821,143.747,145.980,133.127,124.025,112.567,111.423,113.048,105.099,100.957,97.085,98.345,97.364,93.278,96.835,95.339,96.287,91.106,75.417,76.742,82.976,86.704,85.724,87.352,83.107,79.906,74.841,78.418,77.591,81.812,73.322,64.986,56.375,49.159,47.584,44.891,42.430,39.219,34.999,38.489,30.200,23.608,21.550,17.366,18.029,18.452,15.762,9.547,6.590,3.651,4.296,4.318,9.078,6.340,3.240,4.469,6.291,4.315,2.951,3.488,1.960,1.465,4.415,0.664,1.035,1.203,1.512,2.183,1.012,0.129,0.423,1.079,1.438,2.341,2.622,2.229,2.878,1.318,0.954,2.462,1.039,0.627,0.601,0.553,0.369,0.257,0.527,0.224,0.007,0.000,0.000,0.000,0.000,0.000,0.000,0.175,0.850,0.799,0.174,0.002,0.000,0.699,0.301,0.000,0.000,0.000,0.000,0.000,0.000,0.000,0.000,0.000,0.000,0.000,0.000,0.000,0.000,0.000,0.000,1.000
423,-1.296,1.846,1.000,0.000,0.000,0.000,0.000,0.000,1.000,1.000,0.000,0.000,0.000,0.000,1.000,0.000,0.000,0.000,1.000,0.000,0.000,0.000,3.000,0.000,0.000,0.000,1.000,0.000,1.000,0.000,1.000,1.000,0.000,1.000,0.000,1.000,1.000,3.000,1.000,2.000,10.000,4.000,7.000,4.000,5.196,8.804,8.000,7.679,12.321,13.000,4.774,17.612,17.669,23.917,24.476,18.566,21.227,38.180,56.889,85.058,105.501,107.553,118.901,104.910,159.059,149.241,146.670,194.144,204.368,237.999,300.426,291.951,372.914,501.428,662.943,876.257,960.691,994.255,1041.921,1178.349,1236.842,1265.417,1368.627,1489.938,1513.499,1496.219,1519.993,1593.447,1642.320,1824.087,2399.734,3008.377,4671.318,4079.760,5781.097,4149.742,4772.252,4583.258,4830.924,6302.236,5651.070,6773.013,7450.946,7922.372,9920.307,10014.598,11001.540,10725.642,10209.183,9709.555,11008.888,8464.312,8648.516,8818.281,7657.523,7916.788,6741.720,7827.843,7739.614,7724.090,8481.515,8402.639,8981.985,9527.683,8622.513,9431.991,10814.358,12848.602,10716.864,14182.814,9828.913,13389.854,10453.456,5938.283,3816.718,3355.129,2718.790,2263.609,2276.700,2904.031,3375.436,3193.766,2214.803,2122.402,1882.316,1727.406,1369.566,1290.082,1146.567,1062.049,1074.531,1140.120,938.339,784.550,617.238,588.366,533.521,562.855,521.842,496.945,498.425,837.862,1053.549,635.956,467.135,301.932,289.568,298.847,215.018,162.802,168.502,126.956,125.630,90.016,76.276,58.135,55.664,39.635,34.308,39.191,25.153,17.352,13.912,14.739,10.531,13.001,11.506,4.125,9.360,7.008,4.000,7.000,3.000,6.000,8.000,7.000,9.000,6.000,4.000,6.000,3.000,5.000,5.000,2.000,6.000,0.000,2.000,2.000,1.000,6.000,2.000,2.000,1.000,1.000,0.000,1.000,4.000,6.000,1.000,1.000,0.000,2.000,1.000,0.000,0.000,0.000,2.000,1.000,0.000,2.000,0.000,1.000,1.000,0.000,0.000,1.000,0.000,0.000,1.000,0.000,0.000,0.000,0.000,0.000,0.000,0.000,0.000,0.000,0.000,0.000,0.000,1.000,0.000,0.000,0.000,0.000,0.000,1.000
424,-0.130,1.846,1.000,2.000,2.000,4.000,3.000,9.000,39.440,64.957,176.134,688.722,1307.955,4073.753,7734.245,10111.925,25504.822,35985.773,49070.055,7483.157,5747.997,6207.840,6308.938,6817.107,5763.692,5322.571,5425.434,5551.348,5551.768,4833.322,4858.816,5100.714,4204.903,4377.668,4909.666,5035.880,4767.609,4792.986,5012.500,5480.824,5284.169,5326.158,5625.533,6102.955,5845.922,5426.398,5592.214,5999.587,5605.680,8333.764,8086.839,6766.065,7470.188,9943.053,6045.132,6350.594,7774.816,8693.080,6427.034,4907.821,2723.438,2412.852,2302.926,2008.275,1765.983,1583.969,1409.385,1289.454,1589.533,1858.570,1975.705,2181.924,2174.739,1549.941,1361.041,1397.911,1270.981,1171.126,1108.821,1069.735,897.339,827.656,777.320,766.620,682.478,637.139,691.132,680.772,726.624,661.061,559.793,532.180,421.162,389.098,359.845,362.820,350.393,339.644,351.777,329.540,301.440,337.763,303.377,339.601,519.167,703.096,606.630,407.156,362.409,264.613,211.670,170.874,189.704,196.269,167.075,135.748,107.039,118.321,98.932,102.514,77.512,78.149,79.300,51.395,51.980,48.493,35.862,37.642,38.027,19.687,25.884,22.355,24.596,22.998,19.480,10.865,9.139,12.745,7.293,9.280,7.886,5.792,10.000,5.027,7.354,3.619,3.980,6.013,5.007,4.000,3.000,4.000,3.000,2.000,2.000,3.000,8.000,3.000,4.000,6.000,5.000,6.000,1.000,3.000,2.000,4.000,3.000,1.000,4.000,1.000,4.000,2.000,5.000,1.000,0.000,2.000,0.000,1.000,1.000,1.000,4.000,3.000,1.000,1.000,1.000,1.000,0.000,1.000,0.000,0.000,1.000,2.000,2.000,3.000,4.000,0.000,0.000,1.000,0.000,1.000,2.000,0.000,0.000,0.000,0.000,0.000,0.000,0.000,2.000,1.000,0.000,0.000,1.000,1.000,0.000,0.000,2.000,0.000,0.000,0.000,0.000,1.000,0.000,0.000,0.000,0.000,0.000,1.000,0.000,0.000,0.000,0.000,0.000,0.000,0.000,0.000,0.000,0.000,0.000,0.000,0.000,0.000,0.000,0.000,0.000,0.000,0.000,0.000,1.000,0.000,0.000,0.000,0.000,0.000,0.000,0.000,0.000,1.000
425,-7.164,8.429,2.000,0.000,0.000,0.000,1.000,0.000,0.000,0.000,0.000,0.000,0.000,0.000,1.000,0.000,0.000,1.000,2.000,0.000,0.000,0.000,1.000,0.000,0.000,0.000,1.000,2.000,0.000,1.000,1.000,3.000,1.000,1.000,2.000,4.000,4.000,1.000,2.000,6.000,3.000,3.000,1.000,3.000,5.000,5.000,7.695,4.305,7.000,7.000,7.000,11.070,8.764,6.166,7.000,13.000,15.585,15.415,22.000,21.388,24.121,32.771,43.858,55.100,54.702,68.119,92.728,110.014,107.707,110.783,103.484,122.958,124.186,152.946,145.665,180.500,204.973,247.608,250.818,289.489,339.971,359.589,432.487,503.581,513.292,507.768,572.665,571.161,589.506,594.637,657.526,752.716,895.535,1004.885,1230.952,1334.998,1519.042,1627.078,1693.456,1895.755,2138.898,2399.010,2688.887,3074.844,3477.439,4052.994,4544.822,5131.083,5814.060,6231.989,6996.750,7473.676,7855.561,8586.770,8918.525,9115.693,9531.534,9570.555,10151.924,10583.114,10946.111,11332.756,11436.539,11441.098,11433.254,11175.545,10856.309,10545.557,10384.035,10230.219,10152.195,10011.550,9763.010,9517.113,9325.949,9134.482,8977.681,8831.303,8301.153,7974.948,7596.281,7249.265,6694.620,5937.906,5543.745,4852.137,4384.341,3705.169,3523.374,3016.570,2826.866,2742.335,2571.894,2351.048,2192.410,1891.105,1597.175,1416.582,1188.435,1148.738,957.212,834.881,745.253,663.586,638.881,537.078,434.894,397.427,311.037,305.144,242.959,225.950,204.095,186.254,158.162,160.554,135.697,126.347,114.850,108.042,126.815,129.964,122.160,101.655,125.101,136.309,124.958,120.235,93.224,93.812,81.485,63.603,61.570,40.557,45.344,25.605,26.812,18.461,8.250,7.428,3.736,5.982,3.173,8.212,6.037,3.751,3.000,4.300,6.700,3.000,3.000,3.000,3.000,4.000,1.000,3.000,2.000,3.000,1.000,0.000,3.000,2.000,0.000,1.000,0.000,1.000,1.000,1.000,0.000,1.000,1.000,1.000,0.000,2.000,0.000,0.000,1.000,0.000,0.000,1.000,0.000,1.000,0.000,0.000,0.000,0.000,0.000,0.000,0.000,0.000,1.000,0.000,0.000,0.000,0.000,0.000,0.000,1.000
426,-0.716,8.429,3.000,0.000,4.000,1.000,5.000,15.000,16.000,31.550,45.316,110.621,289.584,671.106,1063.965,2182.233,3296.566,5640.353,10829.977,21433.957,40347.781,54691.473,9759.800,6510.691,6619.908,6545.882,6798.996,6729.557,6642.254,6688.632,6726.835,6671.193,6472.338,6434.968,6275.435,6129.757,6071.986,6138.117,5948.344,6070.682,5970.133,5951.793,5811.807,5749.246,5664.386,5653.755,5466.260,5470.268,5411.887,5358.935,5337.343,5177.786,5142.471,5103.816,4782.070,4764.479,4613.718,4497.396,4267.608,4252.594,4090.235,3815.473,3553.770,3364.177,3283.390,2999.382,2757.688,2639.533,2440.460,2146.321,2187.420,1997.300,1837.259,1700.720,1723.265,1581.732,1593.840,1530.138,1510.997,1440.219,1322.243,1309.576,1124.761,1117.002,972.576,918.169,835.882,735.403,704.647,689.787,628.950,571.699,545.297,479.913,486.660,393.429,411.815,360.143,391.916,347.832,309.734,262.456,241.542,236.890,212.936,174.310,177.436,181.477,152.112,138.428,130.633,123.139,117.171,102.009,110.728,93.181,101.820,84.840,81.973,76.673,70.700,72.938,72.846,72.376,55.336,75.599,73.765,74.641,62.279,85.461,63.310,69.525,65.783,65.604,84.169,75.185,74.745,68.544,66.519,56.693,55.686,51.114,53.265,46.998,33.888,36.197,36.383,21.312,31.972,28.810,18.290,14.550,17.379,11.625,8.572,11.616,5.557,2.630,6.104,1.849,2.250,4.770,2.027,2.000,3.000,5.050,3.693,2.627,3.627,2.004,1.000,3.000,3.166,3.834,1.000,3.000,2.000,2.000,0.000,3.000,1.000,2.000,3.000,0.000,1.000,2.000,1.000,1.000,3.000,1.000,0.000,1.000,0.000,0.000,3.000,1.000,1.000,0.000,0.000,1.000,0.000,1.000,0.000,0.000,0.000,2.000,0.000,0.000,1.000,0.000,0.000,1.000,1.000,0.000,0.000,2.000,0.000,0.000,0.000,0.000,0.000,1.000,0.000,0.000,0.000,0.000,1.000,0.000,0.000,1.000,0.000,0.000,0.000,0.000,0.000,0.000,0.000,0.000,0.000,0.000,0.000,0.000,0.000,0.000,0.000,1.000,0.000,0.000,0.000,0.000,0.000,0.000,0.000,0.000,0.000,0.000,0.000,1.000
427,-11.426,3.685,1.000,0.000,0.000,0.000,0.000,1.000,0.000,0.000,0.000,0.000,0.000,0.456,1.047,0.497,0.598,0.402,0.692,1.308,0.787,1.047,1.929,1.166,2.023,3.095,1.953,0.236,1.929,3.473,3.662,4.007,1.402,2.497,4.040,3.747,3.182,5.963,5.416,5.189,4.922,3.676,7.281,4.003,9.599,3.716,6.395,12.775,13.470,14.927,17.504,21.491,21.425,32.564,41.940,34.849,44.241,39.658,59.554,70.426,70.148,84.382,106.109,138.772,158.884,173.035,190.627,218.690,258.105,281.607,278.959,275.231,305.622,318.175,348.652,366.953,455.116,556.170,668.333,769.252,852.155,894.339,855.923,891.227,966.600,1054.601,1186.773,1361.241,1420.211,1611.757,1650.979,1717.166,1696.947,1741.855,1769.794,1793.022,1856.252,1940.793,2041.950,2107.652,2115.896,2124.377,2116.020,2089.306,2185.030,2193.727,2377.955,2450.882,2528.321,2502.877,2424.060,2469.436,2527.805,2384.170,2379.433,2255.792,2208.939,2199.788,2134.848,2088.084,2106.964,2149.447,2197.309,2233.832,2279.814,2314.218,2264.973,2306.502,2273.585,2344.035,2292.618,2133.714,2127.313,2072.897,1951.842,1783.799,1781.481,1697.859,1571.690,1500.965,1490.018,1414.807,1429.102,1386.089,1340.707,1366.915,1412.431,1396.678,1318.497,1289.614,1165.201,1113.143,1046.309,936.953,899.740,813.347,801.006,759.983,705.680,665.631,656.953,609.372,584.207,561.211,493.162,466.171,416.683,396.574,345.264,322.179,281.537,276.199,276.627,249.102,231.286,230.164,237.798,267.695,239.921,258.303,272.357,248.762,261.266,284.779,265.234,236.009,241.322,238.636,254.478,223.444,180.057,157.928,119.814,123.715,104.589,120.931,104.929,93.770,100.673,89.143,72.566,50.849,48.531,37.816,43.055,32.400,25.201,25.482,25.146,21.397,15.056,12.992,9.753,3.496,5.043,8.237,5.778,14.373,3.023,7.570,5.835,6.364,1.336,1.307,1.599,1.605,2.566,0.579,0.628,2.398,2.419,3.634,4.189,1.596,2.871,1.224,0.041,3.161,3.041,1.798,0.000,0.243,0.757,0.338,2.047,1.615,0.000,0.000,0.000,0.000,0.000,0.000,0.000,0.000,0.000,0.000,0.000,1.000
428,-10.743,-1.985,1.000,0.000,0.000,0.000,0.000,0.000,0.000,0.000,1.000,0.000,0.000,0.000,1.000,1.000,0.000,1.000,0.000,0.000,1.000,1.000,0.000,0.010,0.657,0.333,1.000,0.000,0.015,0.810,1.029,1.011,0.134,0.000,0.000,0.000,0.000,0.060,1.940,1.003,0.144,0.854,1.005,0.226,1.768,0.266,0.734,0.000,0.000,1.000,0.000,1.000,1.000,0.019,0.544,2.008,0.430,1.000,0.000,1.364,1.345,0.290,3.788,3.005,1.207,1.039,1.877,3.987,2.097,2.047,2.938,2.017,1.112,1.885,0.000,1.128,2.872,1.186,2.814,1.014,1.315,5.012,2.684,4.522,1.880,3.028,3.015,3.982,4.049,2.063,3.702,3.321,4.029,6.077,5.846,7.734,12.544,10.212,9.022,9.390,8.528,13.959,10.921,23.089,16.578,10.436,15.775,10.244,5.345,14.033,16.193,18.594,19.163,17.015,23.806,27.676,23.580,26.514,23.727,28.482,30.385,31.882,37.020,30.549,33.942,38.670,26.410,40.437,40.349,36.064,44.671,48.802,53.778,43.064,38.701,46.557,49.141,56.744,51.882,53.512,59.663,78.631,85.425,66.534,78.239,85.899,68.325,108.391,93.109,80.763,92.372,88.484,96.101,90.638,99.762,101.803,97.064,115.517,124.662,117.275,126.802,136.267,141.211,138.325,155.319,146.185,156.647,162.691,164.490,150.122,142.752,155.077,161.270,180.824,135.372,175.276,162.371,167.940,170.222,150.020,154.112,168.118,172.792,160.348,176.683,179.539,162.075,166.386,185.987,146.125,169.015,184.503,183.704,176.157,162.013,161.773,157.797,161.725,165.167,181.494,174.752,160.142,170.738,158.118,130.710,158.462,137.647,142.222,131.524,143.328,133.570,98.225,105.793,112.085,117.649,115.550,97.731,119.472,99.349,117.669,97.386,89.739,94.073,83.279,82.013,76.462,73.434,76.448,60.963,47.898,54.252,50.697,49.269,34.857,34.083,39.649,25.493,26.274,28.767,21.796,12.938,14.335,12.474,10.540,10.670,12.614,4.735,2.334,0.780,1.535,3.447,0.000,0.000,1.000,1.000,0.000,0.000,1.000
429,-11.426,3.685,1.000,0.000,0.000,0.000,0.000,1.000,0.000,0.000,0.000,0.000,0.000,0.000,0.074,1.053,0.873,0.000,0.000,1.000,0.000,0.000,0.999,1.020,0.601,2.105,1.016,0.259,0.819,2.181,2.092,4.805,1.166,2.140,2.410,1.474,1.354,4.402,4.116,5.330,5.000,3.386,4.810,4.683,4.917,3.408,6.341,10.125,11.154,10.488,11.208,22.438,14.202,31.168,39.756,29.809,44.083,34.010,54.843,64.874,65.612,84.246,96.725,130.406,154.594,167.307,186.611,204.053,236.610,259.792,261.233,257.785,276.500,297.911,321.959,357.156,427.405,517.374,634.251,729.819,805.681,840.588,805.687,832.853,908.161,1001.424,1124.829,1299.131,1336.256,1514.043,1578.146,1635.875,1605.222,1620.532,1653.209,1664.556,1710.166,1805.672,1890.043,1945.582,1951.451,1959.740,1946.840,1915.509,1962.761,1964.669,2151.023,2200.533,2247.794,2237.123,2160.417,2206.995,2250.812,2119.442,2091.499,1958.242,1922.183,1910.345,1844.841,1811.462,1818.192,1844.106,1916.581,1930.608,1995.793,2026.413,1979.310,1995.735,1999.856,2031.097,2017.439,1902.655,1886.676,1840.164,1726.231,1614.751,1569.834,1506.651,1384.010,1352.866,1295.402,1276.625,1283.903,1257.494,1230.540,1254.930,1332.424,1319.773,1287.013,1188.335,1152.795,1059.400,1024.950,947.301,851.902,818.568,801.672,738.215,706.184,683.575,654.723,610.104,588.257,557.876,485.040,468.298,417.534,401.857,332.868,327.020,286.669,272.875,264.753,250.351,234.212,239.587,231.199,259.344,252.505,273.388,254.291,246.095,273.883,288.499,251.751,235.226,239.063,252.164,244.457,229.886,179.054,152.985,127.588,112.343,107.694,112.476,117.376,100.837,96.514,82.346,75.913,46.207,48.788,41.435,39.672,34.359,26.915,26.875,22.930,21.006,15.533,13.699,8.250,5.536,5.120,7.157,6.837,11.218,5.079,6.878,7.338,5.145,2.251,0.357,1.787,1.553,2.868,0.423,0.496,2.618,3.105,2.757,3.758,2.139,2.684,1.322,0.132,3.000,2.676,2.324,0.000,0.149,0.851,0.255,2.053,1.692,0.000,0.000,0.000,0.000,0.000,0.000,0.000,0.000,0.000,0.000,0.000,1.000
430,0.000,0.121,116.448,244.436,317.935,340.725,320.268,365.215,393.276,345.367,341.569,364.747,368.208,375.557,348.863,351.146,306.021,302.209,290.431,273.787,260.330,245.143,228.531,235.322,220.793,220.545,198.514,193.676,196.312,163.792,180.358,181.600,174.941,165.734,150.477,140.847,148.111,146.805,107.707,140.657,141.165,126.257,123.903,115.523,122.916,116.369,99.747,88.026,81.539,108.770,79.888,85.500,85.799,77.522,77.856,74.837,83.343,73.219,63.360,49.866,51.765,49.133,64.143,55.140,47.699,56.151,57.045,63.523,45.563,38.166,40.392,58.793,56.691,45.883,34.898,40.779,44.069,52.726,34.260,40.556,40.880,37.339,33.276,34.720,30.510,36.642,29.398,22.525,39.825,27.374,27.549,25.443,16.739,28.769,34.030,22.967,27.150,25.499,22.799,24.764,24.364,18.986,14.137,18.506,18.511,13.644,16.897,10.198,13.289,11.893,19.167,20.090,11.554,15.838,14.128,15.269,13.815,12.612,9.614,5.444,10.826,11.498,12.189,7.980,8.543,8.751,5.175,11.233,8.463,6.595,10.013,7.380,7.163,6.147,6.936,7.683,4.933,3.508,6.549,12.005,7.078,8.961,1.471,4.985,4.957,4.187,3.571,5.284,2.469,1.122,3.006,3.900,2.980,4.909,0.554,3.175,2.460,4.021,0.035,4.696,4.074,2.195,1.000,1.034,1.623,3.314,2.048,2.384,0.501,1.199,3.154,4.288,1.562,2.160,2.732,1.061,3.554,2.361,1.063,1.859,2.046,0.054,0.001,0.000,1.000,1.000,0.000,1.000,0.160,0.741,0.099,0.000,0.000,0.000,0.000,0.000,0.000,0.000,0.000,0.000,1.000,0.000,0.000,1.283,0.717,0.286,0.729,0.985,0.000,0.000,0.000,0.000,0.000,0.000,0.000,0.000,0.000,0.000,0.000,0.000,0.000,0.000,0.000,1.000,0.000,0.000,0.000,0.000,0.000,0.000,0.000,0.000,1.000,0.000,0.000,0.000,0.000,0.000,0.000,0.000,0.000,0.000,0.000,0.000,0.000,0.000,0.000,0.000,0.000,0.000,0.000,0.000,0.000,0.000,0.000,0.000,0.000,1.000
431,-11.426,3.685,1.000,0.000,0.000,0.000,0.000,1.000,0.000,0.000,0.000,0.000,0.000,0.000,0.074,1.053,0.873,0.000,0.000,1.000,0.000,0.000,0.999,1.020,0.601,2.105,1.016,0.259,0.819,2.181,2.092,4.805,1.166,2.140,2.410,1.474,1.354,4.402,4.116,5.330,5.000,3.386,4.810,4.683,4.917,3.408,6.341,10.125,11.154,10.488,11.208,22.438,14.202,31.168,39.756,29.809,44.083,34.010,54.843,64.874,65.612,84.246,96.725,130.406,154.594,167.307,186.611,203.993,236.621,260.141,261.318,257.562,276.363,297.950,322.139,356.856,427.246,517.615,634.233,729.812,805.738,840.499,805.739,832.872,908.097,1001.371,1124.817,1299.152,1335.987,1514.107,1578.469,1636.067,1604.949,1620.362,1652.903,1664.720,1710.902,1806.144,1889.737,1945.220,1951.151,1959.628,1947.006,1915.564,1962.684,1964.672,2151.488,2200.547,2247.506,2237.306,2160.070,2207.603,2250.233,2119.451,2090.946,1958.212,1922.550,1910.926,1844.541,1810.956,1818.400,1844.279,1916.656,1930.551,1995.698,2026.542,1979.393,1996.035,1999.897,2030.881,2017.480,1902.641,1886.507,1839.594,1726.163,1615.902,1569.823,1506.246,1383.955,1352.805,1295.466,1276.466,1283.959,1257.485,1230.376,1254.883,1332.771,1319.724,1286.958,1188.943,1152.806,1058.615,1025.378,947.399,851.584,818.376,801.676,738.280,706.202,683.694,654.695,610.061,588.254,557.821,485.084,468.294,417.401,401.875,332.994,326.950,286.590,272.914,264.707,250.481,234.243,239.583,231.145,259.274,252.654,273.380,254.291,246.081,273.869,288.514,251.749,235.186,238.969,252.158,244.378,229.918,179.150,153.037,127.567,112.368,230.978,8881.953,4448.625,373.089,100.279,82.357,75.913,46.207,48.788,41.435,39.672,34.359,26.915,26.875,22.930,21.006,15.533,13.699,8.250,5.536,5.120,7.157,6.837,11.218,5.079,6.878,7.338,5.145,2.251,0.357,1.787,1.553,2.868,0.423,0.496,2.618,3.105,2.757,3.758,2.139,2.684,1.322,0.132,3.000,2.676,2.324,0.000,0.149,0.851,0.255,2.053,1.692,0.000,0.000,0.000,0.000,0.000,0.000,0.000,0.000,0.000,0.000,0.000,1.000
432,-11.426,3.685,1.000,0.000,0.000,0.000,0.000,1.000,0.000,0.000,0.000,0.000,0.000,0.000,0.074,1.053,0.873,0.000,0.000,1.000,0.000,0.000,0.999,1.020,0.601,2.105,1.016,0.259,0.819,2.181,2.092,4.805,1.166,2.140,2.410,1.474,1.354,4.402,4.116,5.330,5.000,3.386,4.810,4.683,4.917,3.408,6.341,10.125,11.154,10.488,11.208,22.438,14.202,31.168,39.756,29.809,44.083,34.010,54.843,64.874,65.612,84.246,96.725,130.406,154.594,167.307,186.611,203.993,236.621,260.141,261.318,257.562,276.363,297.950,322.139,356.856,427.246,517.615,634.233,729.812,805.738,840.499,805.739,832.872,908.097,1001.371,1124.817,1299.152,1335.987,1514.107,1578.469,1636.067,1604.949,1620.362,1652.903,1664.720,1710.902,1806.144,1889.737,1945.220,1951.151,1959.628,1947.006,1915.564,1962.684,1964.672,2151.488,2200.547,2247.506,2237.306,2160.070,2207.603,2250.233,2119.451,2090.946,1958.212,1922.550,1910.926,1844.541,1810.956,1818.400,1844.279,1916.656,1930.551,1995.698,2026.542,1979.393,1996.035,1999.897,2030.881,2017.480,1902.641,1886.507,1839.594,1726.163,1615.902,1569.823,1506.246,1383.955,1352.805,1295.466,1276.466,1283.959,1257.485,1230.376,1254.883,1332.771,1319.724,1286.958,1188.943,1152.806,1058.615,1025.378,947.399,851.584,818.376,801.676,738.280,706.202,683.694,654.695,610.061,588.254,557.821,485.084,468.294,417.401,401.875,332.994,326.950,286.590,272.914,264.707,250.481,234.243,239.583,231.145,259.274,252.654,273.380,254.291,246.081,273.869,288.514,251.749,235.186,238.969,252.158,244.378,229.918,179.150,153.037,127.567,112.368,230.978,8881.953,4448.625,373.089,100.279,82.357,75.913,46.207,48.788,41.435,39.672,34.359,26.915,26.875,22.930,21.006,15.533,13.699,8.250,5.536,5.120,7.157,6.837,11.218,5.079,6.878,7.338,5.145,2.251,0.357,1.787,1.553,2.868,0.423,0.496,2.618,3.105,2.757,3.758,2.139,2.684,1.322,0.132,3.000,2.676,2.324,0.000,0.149,0.851,0.255,2.053,1.692,0.000,0.000,0.000,0.000,0.000,0.000,0.000,0.000,0.000,0.000,0.000,1.000
433,-11.426,3.685,1.000,0.000,0.000,0.000,0.000,1.000,0.000,0.000,0.000,0.000,0.000,0.000,0.074,1.053,0.873,0.000,0.000,1.000,0.000,0.000,0.999,1.020,0.601,2.105,1.016,0.259,0.819,2.181,2.092,4.805,1.166,2.140,2.410,1.474,1.354,4.402,4.116,5.330,5.000,3.386,4.810,4.683,4.917,3.408,6.341,10.125,11.154,10.488,11.208,22.438,14.202,31.168,39.756,29.809,44.083,34.010,54.843,64.874,65.612,84.246,96.725,130.406,154.594,167.307,186.611,203.993,236.621,260.141,261.318,257.562,276.363,297.950,322.139,356.856,427.246,517.615,634.233,729.812,805.738,840.499,805.739,832.872,908.097,1001.371,1124.817,1299.152,1335.987,1514.107,1578.469,1636.067,1604.949,1620.362,1652.903,1664.720,1710.902,1806.144,1889.737,1945.220,1951.151,1959.628,1947.006,1915.564,1962.684,1964.672,2151.488,2200.547,2247.506,2237.306,2160.070,2207.603,2250.233,2119.451,2090.946,1958.212,1922.550,1910.926,1844.541,1810.956,1818.400,1844.279,1916.656,1930.551,1995.698,2026.542,1979.393,1996.035,1999.897,2030.881,2017.480,1902.641,1886.507,1839.594,1726.163,1615.902,1569.823,1506.246,1383.955,1352.805,1295.466,1276.466,1283.959,1257.485,1230.376,1254.883,1332.771,1319.724,1286.958,1188.943,1152.806,1058.615,1025.378,947.399,851.584,818.376,801.676,738.280,706.202,683.694,654.695,610.061,588.254,557.821,485.084,468.294,417.401,401.875,332.994,326.950,286.590,272.914,264.707,250.481,234.243,239.583,231.145,259.274,252.654,273.380,254.291,246.081,273.869,288.514,251.749,235.186,238.969,252.158,244.378,229.918,179.150,153.037,127.567,112.368,230.978,8881.953,4448.625,373.089,100.279,82.357,75.913,46.207,48.788,41.435,39.672,34.359,26.915,26.875,22.930,21.006,15.533,13.699,8.250,5.536,5.120,7.157,6.837,11.218,5.079,6.878,7.338,5.145,2.251,0.357,1.787,1.553,2.868,0.423,0.496,2.618,3.105,2.757,3.758,2.139,2.684,1.322,0.132,3.000,2.676,2.324,0.000,0.149,0.851,0.255,2.053,1.692,0.000,0.000,0.000,0.000,0.000,0.000,0.000,0.000,0.000,0.000,0.000,1.000
434,-1.090,1.550,1.082,0.918,0.000,0.202,2.040,0.749,0.341,1.061,0.596,0.272,0.665,0.824,1.031,1.325,1.026,1.004,1.409,3.830,3.415,2.529,2.249,5.161,7.857,5.258,7.149,12.307,6.636,16.222,21.682,18.470,26.960,31.514,33.454,42.302,43.643,38.051,49.954,52.115,68.387,74.884,90.375,103.906,117.042,120.788,150.452,173.826,185.547,215.649,256.488,320.153,360.795,438.361,522.235,607.096,704.389,822.856,918.991,1009.684,1179.302,1330.112,1428.842,1594.602,1797.173,2021.544,2259.400,2433.851,2636.420,2791.597,2992.113,3258.650,3532.469,3752.751,4004.999,4330.102,4557.841,4908.090,5213.730,5660.863,6383.635,7305.669,8126.330,8859.486,9632.716,10613.617,11567.802,12057.626,12622.521,13423.828,14320.034,15100.543,16179.656,17258.910,18388.676,19800.355,20996.895,22424.707,24132.344,25712.723,26607.418,27634.883,29740.359,32084.076,33867.719,34741.500,35950.531,38587.859,41311.266,43257.836,44824.305,46820.035,48857.266,49504.672,49435.023,48291.344,45846.492,43330.594,41954.492,42251.508,42224.910,40813.391,39338.922,38956.188,38023.820,35337.039,32860.344,31167.990,27835.332,23805.098,20819.441,18034.191,15433.860,13610.672,12329.195,11465.211,10821.410,10132.777,9352.717,8560.740,7949.167,7388.630,6804.504,6135.368,5365.920,4586.752,3951.156,3393.498,2851.705,2387.388,2155.959,2035.753,1910.091,1802.664,1651.608,1527.239,1365.667,1221.357,1055.820,903.737,780.582,680.644,609.914,581.170,534.585,512.419,517.516,501.362,508.526,482.055,454.020,446.960,433.161,409.885,353.522,317.482,303.864,283.092,256.333,230.973,224.013,240.979,198.479,167.182,143.839,134.876,110.928,98.298,113.705,87.978,85.838,85.276,63.139,54.470,49.247,46.391,37.299,39.881,32.102,32.254,25.839,24.651,17.773,13.882,15.165,10.880,7.360,5.565,6.299,3.253,2.636,6.150,7.538,5.539,3.878,2.713,3.350,1.091,1.222,1.510,2.520,0.207,0.001,1.348,0.592,0.059,1.196,0.570,0.937,1.850,0.450,1.817,0.894,0.244,0.041,0.923,0.079,0.000,0.689,0.293,0.602,0.959,1.002,0.938,1.750,1.148,0.520,0.093,0.006,0.000,0.000,0.000,0.000,0.000,0.000,0.000,0.000,1.000
435,-0.109,1.550,4.373,4.125,18.722,42.819,131.830,311.176,690.241,1779.929,4374.970,9072.583,16296.773,26293.650,44598.625,73438.406,109840.430,153711.906,139770.562,56825.602,30459.492,27308.783,27688.428,28136.203,29114.793,30039.412,30936.742,31229.238,31065.805,31112.463,31087.816,30240.436,29182.857,28203.330,26840.445,26294.613,26224.959,26441.740,26854.545,26745.039,25880.033,24895.531,24551.494,24460.410,24620.766,24280.477,23150.355,21586.066,20495.795,20349.016,19959.590,18160.943,16442.535,14829.488,13500.014,12716.006,11612.334,10262.848,9321.476,8765.172,8184.657,7618.093,7291.987,7094.162,6846.745,6566.494,6311.144,5973.133,5708.289,5309.688,5089.316,4918.925,4651.114,4434.762,4201.668,3968.694,3651.803,3320.113,3028.591,2686.815,2444.566,2295.427,2058.137,1829.115,1628.496,1443.403,1369.966,1310.825,1316.193,1218.261,1142.494,1133.243,1143.993,996.551,958.817,920.833,888.987,795.896,742.294,658.316,598.164,548.111,524.220,445.540,431.644,388.121,372.209,371.649,341.894,317.724,320.552,323.212,323.558,327.823,307.344,311.277,335.243,298.445,279.332,281.264,271.459,283.528,277.546,242.357,253.097,219.748,187.016,190.615,199.076,182.410,171.568,163.282,146.779,143.783,133.405,143.266,159.746,125.351,121.432,105.869,95.993,86.489,89.576,71.673,65.989,59.253,60.742,76.584,58.871,52.802,58.217,52.393,54.816,37.844,36.760,33.115,33.865,33.678,27.378,25.992,19.424,25.152,27.550,17.889,18.473,21.104,14.678,15.414,14.789,11.096,12.115,6.141,8.680,10.613,6.879,3.555,4.274,4.155,4.582,3.940,0.649,2.184,1.596,2.941,4.549,5.303,3.498,3.958,2.568,2.172,1.314,2.328,1.573,0.740,0.352,1.034,1.007,1.841,1.189,0.005,0.000,0.000,0.969,0.888,0.140,0.004,0.000,0.971,0.054,0.780,0.182,0.820,1.433,0.634,0.118,0.983,0.926,0.709,0.338,0.048,0.002,0.000,0.980,0.020,0.000,0.000,0.000,0.000,0.922,0.077,0.885,0.112,0.896,0.104,0.268,1.572,1.168,0.330,0.939,0.674,0.051,0.001,0.000,0.000,0.000,0.000,0.000,0.000,0.000,0.000,0.000,0.000,0.000,0.000,0.000,0.000,0.000,1.000
436,-0.588,0.440,1.000,0.064,0.936,1.079,0.921,0.000,0.000,0.054,0.791,2.729,1.988,2.190,1.883,1.364,0.016,0.339,1.397,0.803,0.882,3.049,3.290,3.811,2.212,1.624,2.190,1.455,1.453,2.048,3.769,2.667,3.462,4.001,2.212,3.471,7.185,5.734,3.737,4.747,7.159,8.330,8.009,9.191,12.768,14.082,20.865,18.434,19.024,20.615,29.443,29.804,33.476,42.801,52.283,47.673,51.828,64.047,80.850,94.911,105.837,125.034,148.550,177.351,217.482,254.992,268.523,295.326,348.285,390.388,393.152,451.223,526.815,583.435,648.105,731.262,773.096,869.127,978.260,1083.947,1235.729,1396.493,1591.786,1816.561,2054.135,2241.492,2551.763,2897.953,3307.264,3848.700,4293.922,4843.360,5423.575,6100.228,6784.632,7449.328,8188.902,8882.668,9702.623,10515.787,11697.915,12942.969,14069.506,15378.602,16636.881,18069.838,19362.307,20589.379,21928.014,22899.252,23962.332,25075.453,26336.559,27501.631,28940.256,30094.367,31688.846,33030.508,34224.930,35129.320,35983.285,36555.398,36950.652,37494.938,37935.426,38079.645,38161.371,37721.508,37153.219,36422.602,35560.559,34406.770,32089.580,29884.688,27406.299,25727.396,24362.826,23172.287,21726.051,20498.096,19180.244,17934.459,16979.246,15938.292,15032.541,13988.336,13160.412,12437.124,11810.050,11217.949,10497.050,9862.019,9198.106,8682.250,8105.509,7686.248,7316.560,6812.791,6600.561,6393.903,6356.835,6214.246,6170.062,6126.724,6138.724,6241.924,6339.443,6548.311,6837.511,7181.191,7461.646,7536.736,7383.950,7163.245,6955.589,6853.890,6898.069,6850.199,6812.024,6624.494,6490.487,6364.120,6301.534,6242.854,6097.902,5878.090,5561.641,5794.229,11595.500,13773.588,7643.353,6342.882,6408.750,6398.887,5774.586,4562.035,3477.939,2687.500,2201.213,1858.152,1658.582,1604.875,1580.184,1544.550,1492.099,1442.192,1400.592,1350.002,1273.104,1199.630,1076.214,917.962,734.155,559.080,449.645,337.580,252.939,202.877,175.323,143.852,130.089,129.906,121.985,119.770,101.036,94.042,100.048,89.102,80.531,82.243,73.064,59.827,50.449,53.470,48.132,36.510,31.325,23.604,15.790,18.204,14.411,9.727,7.913,6.694,5.178,4.526,3.519,2.954,2.182,1.277,1.971,1.061,1.046,0.000,0.000,0.000,0.965,2.035
437,-0.059,0.440,3.204,4.201,6.422,7.847,10.523,13.787,18.584,27.741,54.640,113.227,213.852,421.191,877.933,1586.982,2713.982,4651.715,8220.481,14837.102,25901.762,41914.016,64712.926,92533.094,120728.125,148771.688,170104.156,176858.125,161331.781,129108.883,96582.219,62837.500,26927.270,9572.461,5973.134,5286.145,5097.008,4950.602,4825.529,4616.398,4440.059,4372.338,4249.233,4043.624,3944.312,3824.667,3737.065,3686.066,3615.848,3450.244,3296.586,3271.420,3225.802,3106.974,3097.272,3146.029,3101.891,3069.023,3012.628,2976.407,2989.007,2970.161,3009.592,2980.519,2953.915,2972.857,2970.223,3028.246,3029.843,3122.593,3121.226,3135.425,3231.489,3311.455,3384.321,3452.253,3564.506,3666.079,3686.899,3724.485,3648.786,3597.388,3534.501,3472.260,3476.511,3377.509,3330.137,3286.296,3321.727,3329.921,3319.206,3362.574,3371.084,3356.996,3264.307,3262.177,3273.899,3125.044,3094.897,3134.864,3072.592,3022.145,3041.616,3082.098,3081.101,2999.299,2994.089,2929.245,2840.632,2767.253,2678.544,2567.155,2526.672,2458.500,2551.635,4630.118,13672.305,6594.471,3263.253,2831.521,2792.428,3014.717,3119.380,3119.629,3239.867,3233.777,3024.815,2720.672,2446.966,2126.092,1824.432,1588.651,1363.960,1217.577,1132.299,1050.180,963.229,847.579,800.017,784.501,777.529,773.834,765.781,787.905,758.334,747.016,747.969,713.308,716.804,703.968,693.468,675.853,671.955,685.936,654.472,616.639,603.946,586.493,590.890,550.972,502.982,474.040,434.705,387.441,344.723,294.032,246.605,238.735,221.706,188.449,150.695,140.032,122.764,101.323,91.227,93.166,85.638,76.936,66.298,65.912,65.345,65.917,61.314,59.285,61.341,57.756,57.819,59.377,54.164,45.622,40.611,46.665,44.763,54.064,41.985,40.322,49.412,32.919,35.986,41.364,37.003,38.722,29.672,28.247,27.925,25.083,23.794,26.756,23.907,24.339,21.678,16.209,16.697,16.659,14.619,11.435,8.485,8.413,6.574,9.215,10.222,6.198,5.505,6.795,2.179,4.154,4.179,2.796,3.479,2.811,3.108,2.212,1.977,1.440,1.931,1.109,1.101,1.626,1.591,1.445,0.084,0.977,0.025,0.978,0.022,0.981,0.019,1.000,0.000,0.000,0.000,0.000,0.000,0.000,0.000,0.986,0.014,2.000
438,-0.748,1.309,1.000,0.000,0.000,1.904,1.497,1.207,1.433,1.441,2.222,3.329,5.029,9.173,7.742,8.383,10.867,10.497,10.065,14.361,13.588,10.313,11.265,12.359,13.037,15.237,16.087,17.262,23.900,29.350,39.579,45.026,58.146,70.601,83.560,102.785,115.226,131.839,145.963,165.353,180.567,191.194,207.591,223.257,228.018,263.017,296.160,340.376,356.438,392.517,430.497,469.742,502.772,527.249,517.862,545.307,565.591,565.046,596.240,649.101,722.157,799.948,859.875,952.169,1083.564,1308.774,1605.395,1860.055,2143.653,2472.602,2917.985,3459.552,3867.376,3994.261,4347.626,4926.483,5145.725,5481.821,6960.271,8747.188,10857.344,13351.204,15033.121,15645.420,17277.346,21351.199,25317.641,29436.184,37402.598,40569.680,42121.691,43445.004,43363.113,41116.730,38703.949,38665.781,40779.805,38809.816,35849.375,36393.551,31524.367,25177.746,25235.414,24375.289,22236.293,23762.918,25153.180,26545.047,26273.135,24453.830,22099.197,22513.617,23537.697,25463.980,26930.566,27175.365,25076.373,24330.947,26994.461,28965.465,28733.164,31399.402,32869.809,32638.156,31105.973,26368.234,20481.057,16830.178,16404.561,17740.189,18773.219,20509.164,23910.859,25378.529,23867.207,20993.465,19302.707,17270.770,14742.142,12281.393,9778.709,7409.971,5549.775,4594.038,3731.183,2924.395,2398.677,2127.936,1877.122,1706.228,1543.717,1424.826,1309.883,1243.207,1160.852,1059.172,972.057,947.035,935.433,936.082,909.034,882.615,885.787,896.513,851.550,838.253,803.257,742.981,707.961,671.723,656.966,612.607,563.382,520.771,485.934,434.474,391.854,383.360,332.927,256.966,227.299,200.614,194.117,182.585,162.526,144.647,143.190,144.963,140.756,130.666,129.295,121.590,121.797,129.474,124.467,111.217,111.023,100.338,92.399,88.109,80.801,67.935,66.576,70.039,56.987,49.816,42.840,36.179,35.857,29.305,29.163,30.851,23.737,21.499,25.534,23.073,19.104,13.407,13.068,14.270,15.272,15.069,14.053,10.512,8.704,7.274,6.117,7.073,7.330,9.094,7.749,6.386,3.309,3.361,4.778,3.931,6.488,3.169,1.266,1.210,2.873,1.899,1.459,1.661,0.967,1.786,1.567,0.381,0.525,0.143,0.013,0.000,0.000,0.000,0.000,1.000,0.000,1.000
439,-0.075,1.309,12.502,39.992,74.312,167.785,487.776,1105.927,2038.257,3231.948,5568.167,12759.049,30097.676,77121.688,166953.281,164367.250,69886.031,33708.172,28260.398,26017.018,23955.465,24255.547,24943.453,22852.711,18774.355,16375.396,16565.080,17593.111,15966.854,14872.396,15373.008,16144.525,16823.779,17594.334,17915.783,17783.879,17348.809,16048.514,14695.510,14721.383,15453.663,15493.017,16283.851,17559.338,18087.498,18729.498,18375.189,16933.768,15713.443,15981.291,18316.785,20068.281,18892.133,18740.473,20409.086,22171.219,22082.062,21965.252,22322.428,21508.447,19467.557,16539.395,13454.395,11407.014,10699.045,10722.712,11511.661,12691.852,12389.693,12579.700,14734.215,16466.447,17439.500,17375.756,16149.447,14269.773,13467.008,13224.690,12106.675,10901.528,9637.759,8807.988,7593.641,6322.007,5316.779,4195.563,3432.557,3248.746,2859.308,2378.241,2003.550,1708.254,1572.546,1475.764,1335.080,1200.258,1159.657,1097.388,1018.735,941.829,920.261,871.796,848.801,803.039,774.462,707.415,663.392,642.359,617.797,647.174,627.662,630.228,635.442,609.713,589.750,575.389,597.836,607.664,576.751,582.377,561.569,551.252,522.880,493.397,474.087,476.635,460.826,460.889,430.608,415.416,375.220,357.291,342.603,358.267,312.337,283.558,261.200,273.807,250.608,230.912,199.267,170.943,151.031,145.077,128.755,139.212,130.535,121.236,112.701,90.594,97.461,98.315,92.681,100.533,93.537,89.971,91.367,89.166,84.896,72.986,88.254,82.331,82.453,90.387,81.553,73.982,77.301,65.612,67.398,59.902,56.248,64.753,56.026,44.229,48.175,41.691,48.972,46.518,35.911,37.266,32.984,26.867,18.110,30.470,21.744,20.412,18.576,20.452,20.891,21.661,14.395,11.596,18.151,17.812,17.503,16.251,10.230,6.677,8.680,10.694,7.435,9.879,10.568,8.818,11.670,8.910,6.576,7.956,5.948,5.561,2.799,3.735,7.686,1.760,6.541,6.405,4.800,6.513,4.452,1.711,1.590,2.928,1.333,4.223,1.570,3.923,5.720,1.423,0.975,1.039,1.042,0.051,1.887,2.822,1.281,0.010,1.000,1.820,0.175,0.924,1.026,1.055,0.001,0.639,0.341,0.019,0.000,0.000,0.000,0.000,0.000,0.000,0.000,1.000,0.000,0.000,0.000,1.000
440,-3.621,8.006,1.000,0.000,1.987,0.269,1.604,1.143,1.385,1.526,0.975,2.896,1.251,2.947,4.029,5.295,3.763,2.844,3.713,10.100,8.217,11.979,8.042,8.584,7.412,11.879,11.495,10.784,13.259,15.577,23.481,22.467,33.183,51.818,56.385,64.482,74.812,104.017,117.442,132.079,175.379,205.976,255.824,316.535,405.443,526.022,606.610,712.830,800.220,886.655,1013.281,1083.074,1253.249,1356.852,1519.136,1603.469,1733.927,1890.342,2104.896,2253.053,2617.192,3009.569,3417.680,3957.844,4593.249,5465.947,6384.920,7317.126,8502.211,10178.031,12628.365,16014.135,19803.086,23782.227,27670.750,31566.707,35211.645,38398.570,43218.227,49494.914,54911.828,59797.012,62358.668,63418.074,62991.219,59465.484,55533.344,52978.203,50240.926,47101.133,44177.723,41451.488,39789.410,37413.992,34691.438,31673.064,29050.523,26430.910,24950.945,25217.408,26110.172,26815.037,26899.473,26042.750,24617.465,23681.230,22222.105,21246.969,20338.273,18466.223,16560.945,15004.721,13120.167,11486.032,10468.850,9631.344,9417.992,9134.621,8546.447,7383.970,6815.440,6274.183,5172.966,4602.565,4200.541,3993.038,3802.792,3553.349,3277.532,3088.738,3063.292,3255.927,4118.919,4604.271,4086.037,4020.613,3275.327,2433.658,1996.498,1805.429,1728.932,1778.486,1844.684,1686.846,1530.725,1351.720,1145.374,1023.453,932.002,845.789,781.884,698.979,655.446,596.900,575.674,552.802,484.653,465.635,439.274,419.810,365.819,329.411,294.850,268.754,281.463,254.348,240.475,236.288,208.977,184.009,162.770,140.168,134.135,110.740,122.051,107.369,91.959,89.037,86.136,79.976,68.339,67.057,64.549,54.852,51.980,52.295,52.290,49.151,46.809,54.161,46.872,49.874,46.758,37.319,44.883,43.191,44.283,40.748,37.858,40.570,30.403,37.361,34.362,33.146,39.415,31.255,29.878,20.742,23.877,24.403,19.477,25.335,20.667,23.629,19.384,17.463,17.783,18.249,12.299,11.598,14.299,14.062,9.876,7.789,9.527,11.597,6.045,9.555,7.025,5.860,4.281,5.598,6.437,3.202,3.474,4.627,0.786,1.107,5.324,0.715,0.760,1.116,0.251,0.669,0.080,0.385,1.565,0.050,0.000,1.000,0.000,1.000,0.000,0.000,0.000,0.000,0.000,1.000
441,-0.362,8.006,8.431,22.024,55.657,142.990,605.330,2303.701,6526.303,14347.218,37025.176,116035.602,217672.906,108691.750,54278.500,46308.297,46060.672,44889.559,42366.207,39905.039,38999.453,37566.707,36142.000,34600.523,32995.969,31322.502,29981.221,29199.943,28067.758,26986.535,25700.355,23776.098,22311.895,21112.031,19699.336,18320.582,17691.422,17804.707,18637.441,18979.113,19311.055,19476.016,19208.801,18676.672,17875.281,17247.684,16933.406,15973.821,15262.284,15187.909,14493.743,13493.981,12450.785,11486.596,10729.095,9794.282,8747.365,8189.468,7610.056,7057.848,6820.143,6804.662,6657.808,6382.767,5983.357,5361.843,4980.022,4738.036,4484.448,3839.466,3422.121,3219.448,3026.236,2925.129,2804.285,2710.578,2577.010,2393.473,2339.040,2229.242,2193.286,2209.309,2453.588,2937.708,3252.283,3175.952,2962.092,2965.243,2670.906,2180.008,1791.230,1488.260,1393.084,1284.209,1232.674,1256.414,1285.341,1338.334,1270.555,1167.741,1085.109,976.214,885.315,791.334,735.535,695.549,626.314,599.293,570.053,531.283,489.977,460.319,442.983,418.209,417.843,390.294,366.364,340.099,340.324,328.772,303.236,283.828,264.916,245.847,219.164,210.600,202.934,199.635,192.013,191.438,171.585,168.186,167.162,150.428,143.989,127.534,112.979,108.490,95.670,89.904,83.423,87.414,79.722,75.590,71.763,60.001,70.835,65.021,49.848,55.171,46.943,53.135,46.069,43.076,40.195,41.689,32.209,37.368,40.265,33.875,35.696,33.915,38.128,38.207,31.980,30.555,41.191,26.840,24.499,32.306,36.596,28.356,36.531,31.795,24.472,26.254,27.879,30.229,22.132,23.127,28.239,23.495,27.700,26.962,22.984,27.324,15.551,17.438,13.947,18.050,15.721,15.629,16.577,19.544,15.137,18.724,13.981,10.957,13.498,13.826,13.137,13.414,10.017,7.938,7.242,11.437,11.549,10.430,6.436,6.202,3.465,6.764,11.963,4.139,4.439,7.161,7.155,2.942,4.760,3.768,3.256,2.926,6.059,2.657,2.473,2.372,1.822,2.864,0.353,1.008,4.911,1.061,0.220,0.787,1.021,0.000,0.000,0.514,0.476,0.010,0.000,1.775,0.221,0.003,0.000,0.000,1.000,0.000,0.000,1.000,0.000,0.000,0.000,0.000,0.000,0.000,0.000,1.000
442,-7.670,3.150,1.000,0.000,0.000,0.000,0.018,2.020,1.141,6.222,9.810,19.219,53.674,90.601,173.316,249.870,348.208,495.447,565.883,677.424,797.876,895.308,1054.266,1158.115,1225.610,1392.315,1439.155,1389.567,1134.187,943.613,726.561,627.434,480.850,394.228,341.108,329.638,306.103,301.391,320.650,374.074,493.585,636.656,672.571,679.953,690.073,778.655,979.496,1300.942,1682.640,2167.750,2626.538,3243.869,3895.064,4563.226,4921.696,5055.910,4798.962,4500.729,4066.150,3824.989,4157.356,4846.100,5713.263,8161.609,11744.456,16357.332,19326.645,19921.254,20311.711,19053.043,17623.590,15907.719,14381.749,13445.285,12398.729,12443.827,12989.927,13380.927,13443.560,14306.158,15642.232,14356.768,13570.668,14903.324,15969.942,18214.281,20227.152,20157.148,18636.355,15996.016,12263.662,10799.703,9155.056,7554.133,6300.356,5133.050,4083.823,3402.804,2706.760,2232.021,2006.767,2025.975,1913.686,1756.605,1775.054,1698.146,1655.396,1572.442,1593.914,1570.032,1429.154,1499.673,1468.830,1413.790,1468.713,1442.347,1414.713,1340.461,1247.165,1202.718,1067.863,956.067,833.466,747.202,652.708,605.638,498.799,449.660,434.005,374.512,308.461,281.216,263.474,220.546,204.413,172.746,162.409,154.440,144.572,107.455,122.833,131.949,142.626,165.221,145.812,177.394,200.492,221.259,254.482,257.987,309.538,382.892,417.941,458.291,435.154,472.862,529.252,480.275,504.655,510.559,547.664,521.552,566.620,563.349,591.672,608.124,600.841,557.716,541.027,518.649,538.915,571.034,548.659,488.309,415.718,380.581,347.343,323.000,249.969,220.987,200.123,141.085,101.151,100.574,80.235,55.616,52.691,43.503,38.637,43.651,46.088,47.257,42.419,42.003,42.955,36.316,41.672,39.942,40.662,49.431,38.536,37.783,41.690,42.386,42.933,51.274,44.262,37.487,36.476,38.758,35.678,38.220,48.712,44.012,46.944,41.309,31.525,27.415,34.107,38.036,28.719,23.784,25.903,23.270,25.651,31.600,12.414,18.239,22.036,30.261,26.867,27.938,22.806,25.318,29.557,34.432,26.540,18.218,15.013,12.326,14.877,15.819,14.440,12.263,13.800,8.461,9.894,13.501,6.176,4.368,12.295,6.602,4.811,8.019,3.119,0.119,0.980,2.020
443,-6.613,3.150,3.605,2.820,1.446,1.578,3.525,12.984,22.688,35.361,45.672,45.723,58.193,63.142,68.315,76.517,94.654,119.284,154.839,137.777,131.700,137.144,163.115,173.432,200.998,245.450,278.146,334.827,379.731,454.470,563.773,662.080,721.354,769.430,818.975,874.732,934.826,1022.255,1135.082,1274.552,1359.562,1340.190,1327.073,1304.743,1277.085,1210.423,1239.339,1199.485,1047.048,1007.991,1016.737,1020.599,1014.969,1062.168,1113.325,1109.353,1069.496,982.756,888.383,855.999,857.169,872.380,859.361,793.507,652.998,533.559,430.942,378.842,375.320,360.984,371.781,369.860,340.336,302.113,282.013,287.023,258.546,239.408,244.032,240.288,234.153,209.400,212.214,197.676,200.774,215.679,219.512,213.818,211.231,214.410,206.564,207.753,228.110,247.793,197.911,195.970,208.710,225.507,218.290,190.671,176.374,175.678,159.383,143.615,131.301,114.874,101.982,87.652,80.644,90.306,89.638,83.694,75.679,67.277,68.165,66.872,61.488,63.491,61.630,51.470,58.265,50.955,48.614,57.296,56.915,55.166,45.631,52.324,44.074,38.690,43.670,47.692,38.295,34.493,38.268,41.149,33.810,27.586,37.556,41.944,35.676,35.298,41.395,30.035,31.059,40.748,36.989,31.308,31.701,30.946,23.602,27.414,27.939,26.947,36.894,36.154,33.711,33.696,32.514,29.798,34.229,28.847,25.323,28.511,34.487,33.953,29.340,28.418,28.225,29.647,26.539,26.641,29.909,26.778,23.591,31.296,33.451,32.212,33.152,38.946,25.113,31.453,34.834,44.567,34.529,37.453,33.685,40.760,32.074,34.362,37.444,32.296,40.994,41.082,32.938,35.225,41.213,35.999,37.951,43.015,45.903,36.828,33.611,31.054,32.222,32.909,37.178,43.096,41.285,43.667,40.016,31.389,25.564,23.792,29.201,39.511,24.598,17.963,21.624,25.851,18.736,32.073,17.680,12.587,17.298,23.195,24.156,25.279,30.538,17.950,20.906,23.545,29.894,30.526,20.563,16.820,11.868,12.402,11.838,18.497,8.334,9.167,14.630,12.719,6.223,10.448,11.050,4.642,5.369,8.471,7.997,6.062,3.543,6.975,2.052,0.014,0.998,2.002
444,-7.670,0.580,1.000,0.000,0.000,0.000,0.000,0.000,1.478,1.026,0.496,3.732,5.385,12.101,14.599,29.752,54.021,91.839,130.609,176.541,240.460,307.086,377.527,418.378,498.658,548.603,641.559,675.376,746.228,865.142,872.121,931.998,1032.029,1113.111,1073.405,1089.990,922.057,747.730,665.402,541.828,468.292,411.367,332.223,246.940,224.574,226.033,202.456,168.256,174.017,180.167,202.749,220.598,295.470,332.425,401.133,401.721,393.219,408.284,428.871,488.915,627.090,738.978,1026.738,1162.095,1453.202,1655.289,1991.144,2276.414,2648.619,2854.328,3139.964,3179.983,3199.614,2973.029,2782.612,2428.071,2179.254,1970.338,2106.681,2356.067,2657.137,3363.490,4770.666,6691.221,9257.855,12049.904,13630.719,14087.498,14454.970,14375.826,13705.975,12810.572,12067.359,10825.311,10237.394,9617.156,8426.898,8734.941,8373.513,9067.823,9086.827,9789.154,9229.535,10086.947,11008.393,11473.305,9837.552,9158.021,10634.613,11233.943,11874.336,13495.920,15336.313,14999.646,15162.466,13828.162,12388.895,10274.243,8281.710,7881.887,7125.649,5871.876,5138.613,4428.434,3783.474,3153.643,2669.677,2270.124,1897.873,1592.218,1401.512,1384.675,1355.643,1325.748,1220.573,1148.375,1160.514,1122.977,1104.293,1068.225,1023.563,982.156,1052.650,955.121,909.889,977.510,938.912,945.794,885.631,957.096,931.167,907.554,969.949,860.693,854.504,808.752,784.823,725.471,640.284,592.926,552.294,486.228,434.846,398.860,377.674,286.341,291.254,281.722,255.494,213.416,182.058,161.416,174.828,143.270,122.924,105.039,108.454,87.422,70.478,67.989,67.643,54.928,36.123,58.575,55.959,67.235,73.348,83.227,84.149,92.456,106.466,126.106,115.766,152.527,179.610,165.793,196.484,236.593,269.628,287.410,311.283,321.579,299.539,344.160,365.142,351.466,345.455,346.236,368.129,392.248,371.135,400.557,411.480,392.339,410.820,421.640,429.215,459.316,393.971,387.108,397.255,357.911,381.545,396.209,412.317,404.641,360.956,318.896,289.824,267.367,240.591,220.934,209.574,175.403,149.724,137.061,118.675,80.038,57.658,57.039,44.308,32.970,19.596,9.821,8.113,4.983,6.223,4.710,1.324,0.791,3.451,1.719,0.040,1.790,2.131,2.026,1.026,1.026
445,0.001,0.959,8915.047,17188.621,9329.871,4542.920,2014.543,1234.410,919.927,711.882,655.792,584.019,573.907,475.361,465.104,391.972,336.643,262.965,225.615,158.453,126.323,116.144,129.931,111.601,82.319,77.059,73.624,74.253,63.335,64.996,53.050,57.995,42.636,46.612,55.822,49.433,52.733,31.082,38.726,44.719,30.713,29.266,36.895,30.870,35.943,22.951,29.182,19.558,28.989,28.678,24.067,23.398,14.449,16.248,24.476,24.818,28.204,21.757,17.149,23.722,26.110,17.862,17.075,17.071,19.376,15.897,27.978,17.502,18.360,16.970,13.056,17.135,13.562,18.872,18.456,11.609,10.661,11.610,14.003,10.948,11.879,16.503,13.905,10.726,12.697,23.259,15.651,14.379,18.794,11.511,15.560,14.246,15.845,12.070,16.898,10.429,15.567,9.937,19.246,12.047,13.038,9.297,14.900,9.343,11.211,11.181,13.186,10.945,14.430,16.551,13.555,14.516,6.095,12.180,13.309,11.344,11.187,12.023,12.751,12.455,11.607,10.873,9.587,10.810,10.395,11.750,10.336,11.417,10.481,11.712,11.314,10.536,10.562,8.378,11.001,12.656,12.480,10.191,14.230,11.563,12.014,15.449,13.079,7.012,18.854,15.458,12.554,14.194,7.601,11.471,9.000,11.352,23.004,11.225,13.933,21.512,14.175,17.351,12.886,12.828,14.140,18.400,10.140,12.945,17.857,17.658,15.684,11.974,14.052,15.190,9.822,17.754,17.217,15.266,17.357,12.887,12.045,20.056,17.061,23.075,15.678,15.239,15.247,14.401,19.442,11.870,19.174,18.505,16.040,18.487,16.251,21.172,20.345,22.363,22.667,20.336,18.213,17.166,15.243,21.375,14.546,16.132,22.079,12.548,18.671,17.219,18.598,28.463,18.185,29.127,19.886,29.554,20.634,27.265,20.660,17.016,16.697,12.966,17.772,18.912,24.780,20.874,22.036,14.264,9.429,20.030,15.009,17.019,16.021,20.618,23.897,9.703,8.644,15.230,23.589,21.173,19.036,27.941,24.508,19.090,24.844,29.858,32.902,25.575,18.021,15.545,14.404,19.626,14.804,16.472,20.767,11.735,13.538,11.811,15.527,10.585,5.001,3.000
446,-7.670,0.959,1.000,0.000,0.000,0.000,0.000,0.000,1.772,1.025,1.203,5.397,7.102,12.815,27.228,42.408,72.067,135.602,168.449,227.144,313.668,400.239,428.419,521.271,592.770,656.616,715.976,826.748,892.561,941.469,1014.218,1104.077,1133.466,1156.528,1038.571,862.076,745.526,605.234,509.064,446.819,359.180,287.983,232.165,235.528,209.274,177.578,185.911,188.144,218.908,247.521,307.330,378.743,419.676,420.223,405.264,439.000,473.482,584.628,714.868,944.498,1201.981,1419.485,1700.795,2000.683,2371.951,2708.551,3022.789,3253.986,3327.507,3344.464,3063.667,2840.123,2481.876,2199.490,2080.087,2315.906,2596.552,3024.337,4205.688,6095.471,8464.223,11610.581,14010.241,14649.776,15047.981,15015.420,14520.795,13501.321,12593.604,11310.469,10701.035,9917.233,8761.771,9084.586,8858.341,9447.647,9871.646,10111.659,9805.100,11037.375,11981.283,11155.641,9505.317,10599.693,11680.177,12174.139,13789.925,15643.873,15857.598,15849.098,14481.288,12893.675,10550.363,8549.989,8164.891,7110.475,5924.263,5193.670,4393.250,3699.254,3017.238,2621.440,2141.210,1784.771,1555.908,1430.005,1416.863,1402.400,1300.863,1207.445,1221.289,1166.607,1150.433,1124.313,1077.716,1045.216,1059.574,967.990,987.935,1020.906,972.434,954.854,967.603,982.434,978.081,987.661,938.229,908.064,851.765,820.575,760.529,691.228,628.343,578.449,514.180,439.686,419.435,377.294,286.190,310.095,290.048,258.153,214.397,182.201,169.695,167.349,132.824,119.447,109.987,92.139,85.996,75.063,69.606,55.185,39.276,60.667,59.027,74.244,81.620,85.816,84.269,94.228,125.936,121.432,131.448,188.136,178.792,180.406,227.411,276.586,297.661,314.451,338.487,313.093,348.527,384.156,372.050,357.608,362.356,393.062,400.542,409.059,393.915,435.240,416.475,445.907,433.728,477.453,429.818,413.868,413.731,383.421,395.237,406.097,426.982,429.686,380.894,342.898,298.286,282.243,242.860,247.411,208.089,180.847,161.557,134.451,104.539,141.288,2092.519,25899.191,19157.727,2298.501,715.087,395.667,262.548,209.236,180.295,140.337,130.570,130.525,117.159,110.760,110.324,100.694,107.290,114.162,139.327,125.531,140.637,153.737,170.564,159.705,202.104,170.574,161.095,169.788,195.276,107.452
447,-7.670,0.959,1.000,0.000,0.000,0.000,0.000,0.000,1.772,1.025,1.203,5.397,7.102,12.815,27.228,42.408,72.067,135.602,168.449,227.144,313.668,400.239,428.419,521.271,592.770,656.616,715.976,826.748,892.561,941.469,1014.218,1104.077,1133.466,1156.528,1038.571,862.076,745.526,605.234,509.064,446.819,359.180,287.983,232.165,235.528,209.274,177.578,185.911,188.144,218.908,247.521,307.330,378.743,419.676,420.223,405.264,439.000,473.482,584.628,714.868,944.498,1201.981,1419.485,1700.795,2000.683,2371.951,2708.551,3022.789,3253.986,3327.507,3344.464,3063.667,2840.123,2481.876,2199.490,2080.087,2315.906,2596.552,3024.337,4205.688,6095.471,8464.223,11610.581,14010.241,14649.776,15047.981,15015.420,14520.795,13501.321,12593.604,11310.469,10701.035,9917.233,8761.771,9084.586,8858.341,9447.647,9871.646,10111.659,9805.100,11037.375,11981.283,11155.641,9505.317,10599.693,11680.177,12174.139,13789.925,15643.873,15857.598,15849.098,14481.288,12893.675,10550.363,8549.989,8164.891,7110.475,5924.263,5193.670,4393.250,3699.254,3017.238,2621.440,2141.210,1784.771,1555.908,1430.005,1416.863,1402.400,1300.863,1207.445,1221.289,1166.607,1150.433,1124.313,1077.716,1045.216,1059.574,967.990,987.935,1020.906,972.434,954.854,967.603,982.434,978.081,987.661,938.229,908.064,851.765,820.575,760.529,691.228,628.343,578.449,514.180,439.686,419.435,377.294,286.190,310.095,290.048,258.153,214.397,182.201,169.695,167.349,132.824,119.447,109.987,92.139,85.996,75.063,69.606,55.185,39.276,60.667,59.027,74.244,81.620,85.816,84.269,94.228,125.936,121.432,131.448,188.136,178.792,180.406,227.411,276.586,297.661,314.451,338.487,313.093,348.527,384.156,372.050,357.608,362.356,393.062,400.542,409.059,393.915,435.240,416.475,445.907,433.728,477.453,429.818,413.868,413.731,383.421,395.237,406.097,426.982,429.686,380.894,342.898,298.286,282.243,242.860,247.411,208.089,180.847,161.557,134.451,104.539,141.288,2092.519,25899.191,19157.727,2298.501,715.087,395.667,262.548,209.236,180.295,140.337,130.570,130.525,117.159,110.760,110.324,100.694,107.290,114.162,139.327,125.531,140.637,153.737,170.564,159.705,202.104,170.574,161.095,169.788,195.276,107.452
448,-7.670,0.959,1.000,0.000,0.000,0.000,0.000,0.000,1.772,1.025,1.203,5.397,7.102,12.815,27.228,42.408,72.067,135.602,168.449,227.144,313.668,400.239,428.419,521.271,592.770,656.616,715.976,826.748,892.561,941.469,1014.218,1104.077,1133.466,1156.528,1038.571,862.076,745.526,605.234,509.064,446.819,359.180,287.983,232.165,235.528,209.274,177.578,185.911,188.144,218.908,247.521,307.330,378.743,419.676,420.223,405.264,439.000,473.482,584.628,714.868,944.498,1201.981,1419.485,1700.795,2000.683,2371.951,2708.551,3022.789,3253.986,3327.507,3344.464,3063.667,2840.123,2481.876,2199.490,2080.087,2315.906,2596.552,3024.337,4205.688,6095.471,8464.223,11610.581,14010.241,14649.776,15047.981,15015.420,14520.795,13501.321,12593.604,11310.469,10701.035,9917.233,8761.771,9084.586,8858.341,9447.647,9871.646,10111.659,9805.100,11037.375,11981.283,11155.641,9505.317,10599.693,11680.177,12174.139,13789.925,15643.873,15857.598,15849.098,14481.288,12893.675,10550.363,8549.989,8164.891,7110.475,5924.263,5193.670,4393.250,3699.254,3017.238,2621.440,2141.210,1784.771,1555.908,1430.005,1416.863,1402.400,1300.863,1207.445,1221.289,1166.607,1150.433,1124.313,1077.716,1045.216,1059.574,967.990,987.935,1020.906,972.434,954.854,967.603,982.434,978.081,987.661,938.229,908.064,851.765,820.575,760.529,691.228,628.343,578.449,514.180,439.686,419.435,377.294,286.190,310.095,290.048,258.153,214.397,182.201,169.695,167.349,132.824,119.447,109.987,92.139,85.996,75.063,69.606,55.185,39.276,60.667,59.027,74.244,81.620,85.816,84.269,94.228,125.936,121.432,131.448,188.136,178.792,180.406,227.411,276.586,297.661,314.451,338.487,313.093,348.527,384.156,372.050,357.608,362.356,393.062,400.542,409.059,393.915,435.240,416.475,445.907,433.728,477.453,429.818,413.868,413.731,383.421,395.237,406.097,426.982,429.686,380.894,342.898,298.286,282.243,242.860,247.411,208.089,180.847,161.557,134.451,104.539,141.288,2092.519,25899.191,19157.727,2298.501,715.087,395.667,262.548,209.236,180.295,140.337,130.570,130.525,117.159,110.760,110.324,100.694,107.290,114.162,139.327,125.531,140.637,153.737,170.564,159.705,202.104,170.574,161.095,169.788,195.276,107.452
449,-2.872,1.600,1.000,1.000,0.000,0.000,0.000,0.000,0.000,0.000,0.000,0.000,0.000,0.000,0.000,0.000,0.000,0.000,0.000,0.000,0.000,0.000,0.000,0.000,0.025,0.344,0.719,0.525,0.924,0.723,0.780,0.704,0.317,0.413,0.447,0.103,0.333,0.987,1.381,1.617,1.870,1.395,1.153,1.441,1.742,0.061,0.651,0.655,1.358,0.333,0.440,0.590,0.698,0.861,2.481,3.385,1.610,1.165,1.890,2.807,4.511,4.417,2.394,3.356,3.826,2.424,2.679,3.284,6.447,4.447,4.758,5.169,6.409,5.558,3.221,5.713,12.818,12.703,9.857,11.584,12.702,16.358,16.572,18.401,23.029,30.112,28.475,36.806,43.444,48.677,60.538,66.383,78.245,98.070,103.891,135.276,176.038,211.446,236.628,270.327,320.481,389.011,488.184,641.606,912.373,1306.129,1811.626,2134.247,2243.882,2102.282,1920.301,1868.392,1975.315,2193.659,2464.029,2811.516,3168.235,3621.697,4021.321,4513.806,5125.447,5862.067,6570.414,7445.543,8260.592,9246.798,10342.873,11564.424,12791.883,14084.479,15491.868,17104.062,18484.094,20215.723,22244.180,25039.195,27960.152,31205.082,34836.352,38584.164,42126.227,45495.594,49174.094,52906.590,57018.684,61780.051,67576.453,74895.648,82481.133,89326.672,93529.562,97203.672,102626.562,108710.297,113480.195,117187.297,120779.070,124694.164,129106.391,135075.188,141619.844,149179.609,157447.234,166856.375,175221.562,181531.234,184002.172,185357.656,187773.359,192467.984,197534.125,202113.625,205566.281,205195.250,201578.062,196059.500,188953.344,180878.641,172002.953,162187.484,151066.859,138828.078,125859.516,111939.562,96758.625,82501.797,70741.898,60451.156,51074.242,43286.617,36447.258,30458.592,25103.062,20366.371,16466.453,13195.912,10402.139,8081.096,6305.699,5055.089,4085.529,3317.793,2732.056,2195.563,1821.093,1472.436,1221.202,1010.132,913.855,824.406,698.279,623.923,549.323,478.284,388.566,307.879,235.128,183.752,133.908,105.529,76.897,56.102,43.472,34.000,29.656,19.581,13.716,12.737,13.515,10.153,11.019,6.681,4.116,2.701,3.869,4.640,3.436,5.632,1.177,1.546,4.377,2.582,1.657,1.335,0.839,1.010,0.643,1.503,1.442,1.960,0.489,0.015,0.000,0.269,0.731,0.000,0.000,1.000
450,-0.287,1.600,2.000,0.000,0.000,0.000,0.100,1.048,2.779,2.894,4.063,5.842,3.152,4.575,7.116,10.134,14.496,16.630,24.237,38.912,63.662,109.844,209.347,432.181,905.310,2432.761,5476.776,8043.543,11014.648,17366.684,28364.129,44984.445,68195.266,103909.320,158902.719,227537.266,320727.625,418273.594,503518.500,578533.000,528351.875,235358.031,95281.102,78430.969,78302.625,78873.383,79431.961,80359.352,81336.742,82393.266,83387.859,83972.617,84909.359,85668.562,86651.875,87167.359,87583.250,87359.625,86547.891,85595.500,84659.688,83898.797,83065.688,81628.039,80208.891,78802.633,77277.336,75806.578,74527.820,72943.609,71329.180,69443.953,67685.336,65650.375,63388.285,61470.992,59417.051,57130.191,54613.395,52091.680,49780.449,47397.062,44688.891,41438.477,38398.836,35792.230,33570.609,31623.902,29706.555,27755.201,26010.916,24327.957,22727.963,21170.484,19887.668,18444.578,17048.018,16073.730,14838.536,13725.899,12593.322,11672.082,10704.486,9803.683,8916.055,8210.162,7535.681,6852.188,6259.934,5693.101,5099.950,4614.240,4181.728,3811.025,3393.512,3054.941,2769.660,2495.672,2253.954,2074.577,1927.187,1717.530,1604.929,1467.537,1356.482,1195.188,1120.788,1046.155,931.811,855.479,821.716,715.296,669.106,593.318,577.966,521.453,491.605,439.567,404.477,393.728,394.137,387.511,350.303,336.388,319.404,298.945,273.693,251.518,257.216,237.571,228.721,214.889,196.455,198.665,184.401,154.692,133.395,117.422,107.266,98.429,87.034,86.664,73.079,65.111,53.563,39.917,46.776,44.585,33.274,29.911,26.441,23.392,22.918,19.147,13.871,16.715,13.670,13.374,12.076,10.261,9.628,8.148,4.482,4.697,6.163,4.929,5.916,5.805,4.018,5.877,4.858,3.677,3.039,6.537,4.120,1.940,1.831,2.375,0.975,0.426,0.994,3.582,0.842,0.392,1.947,2.134,1.280,1.311,2.680,3.333,1.369,0.020,0.101,0.868,0.873,0.936,3.211,1.506,0.475,0.461,1.507,0.932,0.428,0.624,0.091,0.330,0.515,0.169,0.490,0.458,0.114,0.644,0.905,0.347,0.198,0.772,1.050,1.062,0.754,0.174,0.003,0.000,0.000,0.000,0.000,0.000,0.000,0.000,0.000,0.763,0.237,0.000,0.000,0.000,0.000,0.000,0.000,1.000
451,-0.969,0.625,1.000,0.000,0.000,0.000,0.000,0.000,0.117,0.883,1.000,0.000,0.071,0.691,1.451,1.491,0.416,0.356,0.661,2.190,2.802,2.909,1.783,1.711,2.409,2.867,3.479,3.983,5.710,6.286,8.654,7.637,6.991,9.039,9.705,12.593,8.151,8.458,14.535,12.465,21.427,17.684,20.333,27.263,29.623,35.170,37.665,37.385,41.128,51.052,58.175,62.242,74.820,96.005,95.682,104.595,120.724,135.632,140.848,150.121,176.252,198.279,202.106,225.145,241.038,264.104,310.907,342.362,397.997,436.283,492.775,553.769,612.566,681.939,774.475,862.167,936.107,1079.297,1152.222,1269.507,1331.094,1463.689,1636.812,1804.791,1954.448,2205.005,2432.089,2635.412,2911.826,3318.663,3683.613,4075.890,4587.686,5140.587,5737.506,6419.613,7123.192,7912.506,8926.205,9929.198,11031.001,12245.597,13749.117,15295.021,17033.324,19107.123,21327.949,23884.852,26518.951,29309.754,32520.801,35560.988,39221.629,43152.277,46902.906,51194.473,55690.773,60608.418,65349.195,69860.070,74722.141,80023.375,85288.859,90344.648,95267.648,100452.602,105791.898,111198.922,116849.430,122292.258,127814.172,133066.922,137860.500,142555.906,146702.594,151098.516,155199.219,157992.016,160069.188,161169.781,160971.875,160219.375,157964.156,154767.031,151523.125,148060.266,143956.156,139291.719,135243.531,130171.789,125033.109,120207.922,115177.500,109641.938,104191.203,98647.031,93314.008,87869.180,82364.625,77169.367,72050.000,67485.352,63610.934,59847.156,55771.000,52076.434,48763.742,45793.438,43125.965,40543.281,38270.199,35987.738,34114.777,32603.588,31327.223,30115.916,28952.713,28063.166,27232.525,26539.367,25502.148,24342.773,23369.244,22407.320,21405.986,20262.807,19148.332,17985.383,16579.537,15189.282,13713.799,12361.094,10932.382,9578.798,8267.587,7038.103,6028.755,5341.430,4710.108,4084.143,3527.773,3021.281,2576.145,2170.389,1783.875,1492.793,1286.974,1056.383,875.238,746.231,613.391,516.910,466.829,413.928,351.135,316.179,290.884,234.263,151.476,113.108,83.823,64.618,43.176,29.032,25.871,24.393,16.752,14.117,14.420,12.772,10.838,7.433,6.355,7.352,5.329,4.871,4.245,3.714,4.222,3.903,2.261,2.126,2.637,1.764,2.239,3.279,1.433,2.055,1.746,1.352,0.518,0.074,1.474,0.489,0.040,1.824,0.174,2.003
452,-0.097,0.625,1.000,1.483,3.260,5.363,10.548,22.098,35.775,47.780,85.753,146.694,255.952,441.321,689.302,1062.209,1756.785,2883.994,4559.235,7016.347,10997.261,17776.811,29156.602,47779.527,78380.680,125906.641,192176.250,277391.344,375625.625,482011.219,586654.750,671266.812,703716.562,669127.688,585694.250,447003.094,213468.469,73620.031,40706.719,36159.000,35023.355,33908.285,32785.812,31851.523,30932.639,29953.512,29256.623,28528.531,27841.033,26991.043,26137.750,25284.359,24569.926,23775.918,23101.582,22371.078,21593.117,21074.260,20555.623,20009.188,19477.564,18967.396,18386.365,17881.023,17574.750,16973.678,16465.191,16087.867,15596.568,15372.599,14957.742,14632.764,14487.189,14281.391,13971.546,13660.167,13438.930,13215.448,13073.910,12793.832,12600.048,12533.900,12343.808,12128.846,12057.611,11948.123,11623.863,11437.326,11194.452,10849.171,10828.354,10460.166,10338.321,10174.264,9970.795,9647.428,9600.853,9362.098,8986.608,8896.776,8503.343,8339.960,8164.997,7873.234,7504.134,7214.358,6948.146,6602.281,6395.979,6130.826,5810.522,5528.318,5229.392,4903.452,4588.810,4375.133,4058.464,3798.870,3558.960,3293.181,3024.967,2825.647,2666.559,2525.969,2411.058,2280.874,2146.533,1995.416,1894.144,1754.775,1655.907,1557.724,1432.621,1322.052,1219.466,1166.773,1098.538,981.725,902.760,830.676,757.567,688.821,635.791,618.321,574.910,530.577,480.311,425.027,394.264,369.845,350.065,331.081,294.151,265.784,238.351,229.799,221.866,214.572,191.951,181.449,169.710,162.531,155.975,147.912,140.270,146.072,135.691,119.965,106.775,87.904,68.291,58.494,58.889,49.409,39.594,37.106,33.762,26.314,18.464,19.486,18.357,12.994,13.558,11.533,10.443,12.097,10.548,8.285,7.113,6.262,7.339,6.060,6.598,5.850,6.711,6.231,4.791,2.932,4.224,3.687,3.111,2.790,2.796,5.162,4.260,2.539,1.452,1.637,0.609,2.806,1.977,1.120,1.530,2.433,1.356,1.890,2.990,2.553,0.788,0.660,0.362,1.327,1.440,0.911,0.952,1.636,0.696,0.107,0.735,3.252,1.569,0.405,0.044,0.711,1.122,0.168,0.876,0.878,0.989,1.013,0.227,0.018,0.001,0.000,0.000,0.846,1.025,0.124,0.004,0.000,0.000,0.964,0.036,0.947,0.053,0.001,0.000,2.000
453,-3.189,1.516,1.000,0.022,1.008,0.970,0.046,0.954,0.000,0.000,0.000,0.169,1.831,0.000,0.108,0.892,0.000,0.131,0.869,0.000,0.000,0.000,0.000,0.401,2.177,1.422,0.104,0.515,0.381,0.000,0.232,0.768,0.000,0.000,0.000,1.271,2.287,1.442,0.000,0.303,1.008,0.690,0.629,1.325,0.729,1.317,0.000,0.000,0.000,0.761,1.239,0.792,1.612,0.596,0.419,1.876,2.874,2.875,1.849,1.023,1.549,1.008,1.008,2.987,1.532,1.000,1.538,1.982,2.008,1.544,2.016,2.574,3.216,2.587,4.501,3.167,2.048,3.614,2.448,1.055,1.082,3.283,2.376,4.429,3.629,3.033,0.872,3.918,8.109,4.903,4.551,6.594,5.375,5.730,4.943,5.385,3.185,2.828,10.312,7.679,11.177,8.722,10.120,10.889,11.252,10.238,14.535,15.096,12.254,15.273,13.435,19.322,16.566,22.646,30.896,33.062,27.443,24.288,26.686,28.675,35.521,25.488,29.286,31.850,47.046,54.137,36.055,35.558,54.533,50.038,77.502,67.066,79.993,70.587,81.223,100.882,104.237,100.871,116.697,135.207,143.196,140.223,156.933,176.767,205.527,207.200,262.593,333.084,393.000,425.273,469.546,516.010,592.763,693.808,833.648,963.243,1178.954,1443.327,1813.756,2323.000,3086.648,4129.834,5774.676,8010.064,11062.802,15810.605,23118.199,34683.172,56524.023,93194.781,128348.969,168945.531,233232.828,293151.312,332913.281,351540.781,341070.688,316478.625,300509.906,265357.438,216504.562,179247.484,163040.422,161560.031,161641.891,171459.062,167013.688,147582.297,150372.656,160471.531,170865.703,195588.375,211608.156,203162.188,197474.875,204864.734,195704.406,170243.766,144092.141,121620.719,113325.109,97810.109,59232.492,31688.711,23723.168,22140.527,19062.531,18258.824,13085.707,7196.354,4362.078,2264.681,1032.010,559.761,397.052,305.004,221.881,170.396,147.345,124.995,98.470,85.178,67.710,59.646,44.680,39.890,45.245,25.651,28.636,29.498,20.418,17.653,17.102,13.334,8.765,16.263,7.089,2.343,7.424,3.747,8.382,4.322,3.086,1.350,6.260,3.446,3.952,2.265,1.199,0.830,0.995,0.054,1.961,1.008,0.749,1.278,1.004,1.000
454,-0.319,1.516,2.482,1.518,1.493,2.006,0.500,2.238,2.992,0.770,3.529,2.906,3.011,2.585,2.522,6.197,6.892,5.422,6.099,9.534,11.535,9.396,10.644,16.114,19.672,18.832,25.770,37.338,47.211,55.728,90.187,109.748,118.695,157.186,219.101,295.138,401.941,551.986,826.791,1437.450,2444.156,5021.119,14017.798,52181.238,235349.266,729106.125,580447.125,188684.500,138679.578,131807.984,126095.969,121947.758,120512.664,120105.797,118755.719,113360.680,105594.188,97224.578,89357.781,83205.477,76367.023,69793.781,65214.586,63042.426,62611.664,63747.895,64099.285,63058.801,61408.000,61481.973,63332.480,66289.805,68562.164,70294.547,68727.734,62600.676,56696.938,54118.484,54944.031,57931.871,60766.441,62502.625,62748.781,62989.207,64701.395,67488.109,70771.844,75945.422,82051.047,85741.719,83255.227,81470.805,80531.703,77130.016,74882.836,74885.109,77781.250,82581.188,83533.133,79490.695,75851.625,71832.781,67743.648,64188.398,60051.668,56229.773,51949.688,47460.250,44400.023,43835.273,43526.586,44453.164,44853.648,39546.066,30882.623,22556.072,16573.906,12959.286,10694.701,9624.355,9189.252,8784.697,8643.228,8754.836,8836.711,7297.216,6359.779,7039.345,8440.795,7475.038,5780.732,4242.062,3169.975,2708.040,2263.156,1917.446,1593.909,1256.362,900.025,598.698,434.189,358.269,274.623,210.184,188.490,163.383,160.193,140.845,126.553,114.778,99.031,84.447,73.658,69.296,58.444,64.668,63.885,56.829,44.414,47.382,40.084,39.483,40.489,28.377,26.184,35.383,34.126,21.952,26.929,27.832,19.861,18.822,14.963,10.892,17.241,16.810,17.879,20.292,13.376,8.721,9.098,8.537,12.041,10.942,13.675,11.237,8.827,8.749,8.270,5.359,9.151,4.473,6.739,7.131,5.759,4.605,3.767,5.354,1.589,2.908,9.212,5.462,4.228,1.220,1.897,0.210,1.000,2.802,2.004,3.004,0.191,1.909,1.002,4.717,4.951,0.421,0.919,2.843,1.161,1.077,0.000,0.000,1.861,1.402,3.493,1.180,1.002,1.942,2.004,1.060,1.002,1.054,0.000,0.952,0.048,0.000,0.533,0.449,0.018,0.964,0.036,0.000,0.000,0.000,1.000,1.952,0.048,0.000,0.795,0.201,0.003,1.000,0.000,1.000,0.000,0.000,0.000,1.000
455,-4.546,8.347,1.000,0.000,0.000,0.000,0.000,0.000,0.000,0.000,0.000,0.000,0.000,0.000,0.000,0.000,0.000,1.000,0.362,2.193,1.437,0.014,1.973,0.449,3.565,0.873,3.967,7.681,8.516,8.398,4.703,9.460,12.356,15.783,16.886,15.750,22.135,14.220,24.654,37.469,28.992,43.791,53.117,77.125,81.989,95.030,118.301,134.527,167.622,181.810,218.868,256.863,313.415,344.115,437.978,500.120,609.647,673.392,858.234,1128.051,1325.345,1599.580,1913.534,2253.008,2846.938,3434.206,4120.270,5031.821,5897.175,7186.728,8628.385,10124.229,12183.759,14774.696,17534.473,20433.961,24060.234,28649.004,34065.234,40210.977,46267.332,53863.594,63765.484,74456.180,86440.516,99776.578,114608.898,130915.336,147445.500,164339.672,180004.438,194814.859,208754.609,218025.156,223736.938,227798.297,230146.484,230350.031,229123.516,227406.031,225520.391,223314.438,220964.719,214690.734,207372.500,195446.312,182345.203,169715.844,156354.562,143438.438,131875.031,120596.383,110624.562,101796.859,93750.773,85647.641,79305.531,72673.094,67904.586,63295.219,58221.180,54164.125,50062.824,46436.066,42580.773,39375.562,36459.500,33429.312,30304.039,26461.969,23228.512,19992.938,16622.148,13929.787,11657.873,9779.381,8352.537,7135.944,6199.212,5480.523,4920.573,4468.671,4247.552,4040.394,4179.538,4189.211,4390.043,4749.568,4973.656,5181.634,5205.312,5276.003,5517.315,5538.130,5300.595,5221.974,4696.793,4231.752,3763.151,3083.260,2439.074,1622.322,1077.170,667.971,433.978,278.092,172.651,139.456,117.734,71.772,62.693,51.136,45.326,30.264,21.973,20.015,17.682,7.497,15.485,8.237,3.811,7.284,13.184,6.746,6.137,12.586,7.716,5.184,7.976,8.039,6.654,6.582,4.709,5.890,2.655,3.949,2.405,0.696,4.446,2.284,3.624,2.159,5.866,1.859,1.885,2.891,1.995,1.902,1.218,1.850,0.058,0.767,2.205,0.971,1.057,0.000,1.398,1.575,0.027,1.000,1.000,0.000,0.000,1.000,0.000,1.714,0.284,0.002,0.492,0.508,0.000,1.000,0.000,0.000,0.000,1.000,0.000,0.000,0.000,0.000,0.000,1.000,1.000,0.000,0.000,0.000,0.000,1.000,0.000,0.000,0.000,0.000,0.000,0.000,0.000,0.000,0.000,1.000
456,-0.455,8.347,1.000,0.000,5.373,29.053,87.524,256.821,910.138,2713.899,9357.672,35721.215,121875.547,356646.500,825994.500,412351.938,153763.000,150396.844,152563.406,155346.609,156011.500,157325.875,157444.094,157062.688,156629.438,155117.656,154467.219,154259.266,152922.750,151897.062,150345.156,147398.828,143891.016,139896.875,134617.922,128072.719,122133.023,116080.805,109738.422,104242.453,97259.781,92180.328,87165.781,81893.953,77289.734,72684.484,68608.438,65130.266,61237.371,57752.188,54815.672,51673.066,48785.934,46621.457,44618.555,42261.195,40047.094,37923.164,36254.594,34146.398,32287.664,30814.379,29078.574,27348.031,26252.137,24569.008,23353.949,21949.916,20269.439,18566.627,16912.914,15552.717,13896.425,12360.256,10868.369,9603.230,8629.694,7569.204,6689.960,5944.303,5450.173,4761.780,4406.625,4050.006,3715.530,3458.448,3219.690,3042.379,2891.915,2828.715,2721.999,2802.334,2898.171,2873.837,2955.023,3129.264,3275.121,3358.785,3538.919,3590.514,3528.194,3578.562,3608.235,3779.277,3825.172,3708.793,3668.779,3601.665,3437.515,3175.058,2945.298,2733.242,2515.068,2187.446,1858.455,1566.582,1147.351,845.667,653.632,460.157,360.825,228.063,191.791,139.281,104.943,89.572,82.975,64.376,50.630,51.948,35.574,31.608,30.195,24.363,19.966,17.737,10.329,15.087,11.741,8.829,4.639,8.795,11.468,4.528,0.957,2.341,9.270,10.144,2.292,5.931,5.019,7.787,7.338,3.854,3.083,3.251,6.165,6.444,3.916,5.103,5.933,2.852,5.669,2.678,2.143,0.658,3.923,2.066,1.177,0.238,2.825,2.703,1.213,1.056,2.187,2.118,3.339,4.072,0.445,1.945,1.378,2.230,1.286,1.137,1.190,0.664,1.762,0.248,0.000,0.389,0.604,2.608,0.399,0.000,1.000,0.000,1.000,0.886,0.113,1.001,1.000,0.000,1.000,0.000,0.000,0.000,0.000,1.000,0.000,0.000,1.765,0.235,0.000,0.000,0.000,0.838,0.162,0.000,0.000,1.000,0.000,0.000,0.000,0.000,1.000,0.000,0.000,0.000,0.000,0.000,0.000,0.000,0.000,1.000,0.000,1.000,0.000,0.000,0.000,0.000,0.000,0.000,0.000,1.000,0.000,0.000,0.000,0.000,0.000,0.000,0.000,0.000,0.000,0.000,0.000,0.000,0.000,1.000
457,-5.903,-2.109,1.000,1.000,1.174,3.924,3.091,5.999,8.095,6.983,13.219,21.512,36.638,40.650,53.627,73.187,83.443,97.276,124.856,153.670,168.448,193.560,226.517,245.419,282.077,311.519,350.857,398.273,448.318,524.094,593.543,630.760,696.106,785.604,850.277,912.792,987.951,1090.431,1162.597,1185.964,1252.299,1305.076,1370.642,1429.952,1531.006,1657.811,1780.442,1948.858,2058.276,2200.645,2342.624,2507.323,2658.000,2818.358,3025.363,3206.774,3355.294,3540.472,3705.595,3826.285,3960.802,4076.945,4205.084,4113.607,4151.300,4309.753,4251.543,4371.289,4408.989,4367.998,4446.694,4379.387,4526.902,4493.665,4481.176,4713.933,4878.105,5312.390,5677.827,6367.644,7243.294,8359.695,9952.941,11894.087,14308.819,17611.721,22043.951,27143.068,34482.281,43545.488,54659.309,66160.703,75671.875,80786.281,82564.086,83285.547,85020.180,89051.883,94362.117,99086.859,101102.359,100890.797,98816.133,95088.383,88584.141,80173.609,71313.578,65138.312,60861.059,58098.902,55317.539,52063.047,48135.875,44368.062,40893.258,37274.418,33738.102,29942.352,26663.000,23665.045,20849.998,18078.164,15745.858,13685.752,11867.363,10172.609,8773.273,7687.561,6533.142,5490.697,4539.794,3821.707,3155.963,2603.732,2188.823,1813.782,1517.274,1242.453,1060.388,899.624,725.709,628.576,539.116,451.652,411.840,371.809,305.811,267.541,249.975,222.798,195.592,191.245,184.462,172.672,163.625,160.922,137.225,118.827,109.772,102.709,104.845,99.812,84.920,83.237,74.204,71.147,73.028,57.252,48.556,59.588,50.896,49.086,40.098,38.471,37.156,36.361,28.204,24.751,30.787,26.541,27.447,22.361,12.062,11.791,12.727,11.664,8.464,8.837,8.529,9.484,8.797,7.938,9.281,8.726,4.702,5.054,3.947,5.850,4.066,4.383,4.255,4.085,3.696,3.861,3.508,2.763,0.970,1.935,1.084,1.303,1.219,1.394,2.286,2.359,1.489,0.946,0.650,0.358,0.135,0.017,0.330,0.487,0.179,0.005,0.000,0.222,0.441,0.277,0.100,0.892,1.318,0.642,0.105,0.002,0.229,0.485,0.248,0.037,0.001,0.000,0.000,0.000,0.000,0.000,0.000,0.000,0.000,0.000,0.000,0.000,0.000,0.000,0.000,0.000,0.000,0.000,0.000,1.000
458,-5.903,-2.109,1.000,1.000,1.174,3.924,3.091,5.999,8.095,6.983,13.219,21.512,36.638,40.650,53.627,73.187,83.443,97.276,124.856,153.670,168.448,193.560,226.517,245.419,282.077,311.519,350.857,398.273,448.318,524.094,593.543,630.760,696.106,785.604,850.277,912.792,987.951,1090.431,1162.597,1185.964,1252.299,1305.076,1370.642,1429.952,1531.006,1657.811,1780.442,1948.858,2058.276,2200.302,2341.806,2506.620,2656.308,2814.559,3022.569,3204.007,3351.278,3535.655,3694.632,3813.995,3947.386,4064.154,4187.045,4092.924,4117.082,4250.327,4189.839,4286.824,4294.461,4225.213,4231.980,4126.397,4167.328,4010.282,3856.305,3818.499,3690.849,3652.379,3454.101,3278.428,3118.517,2970.957,2897.295,2757.725,2676.772,2515.441,2406.074,2339.921,2269.312,2107.334,2066.303,1965.801,1921.241,1859.152,1723.293,1632.114,1575.335,1542.898,1503.694,1475.442,1385.430,1266.850,1221.048,1225.084,1184.144,1071.059,1076.537,1048.518,970.630,929.719,874.729,867.536,826.156,795.383,773.821,740.487,702.566,672.442,679.296,663.868,626.247,577.232,556.793,559.807,556.122,536.080,488.404,473.326,453.566,435.407,414.187,393.286,377.341,356.899,367.087,346.751,323.908,297.750,295.203,284.157,254.230,243.923,237.876,216.913,219.953,228.874,205.783,183.037,179.566,166.328,153.681,156.180,151.728,142.803,139.072,140.424,124.040,110.660,98.274,95.042,99.440,95.730,80.265,80.645,71.532,69.190,71.937,57.115,48.553,59.572,49.957,48.109,40.030,38.471,37.156,36.361,28.204,24.751,30.787,26.541,27.447,22.361,12.062,11.791,12.727,11.664,8.464,8.837,8.529,9.484,8.797,7.938,9.281,8.726,4.702,5.054,3.947,5.850,4.066,4.383,4.255,4.085,3.696,3.861,3.508,2.763,0.970,1.935,1.084,1.303,1.219,1.394,2.286,2.359,1.489,0.946,0.650,0.358,0.135,0.017,0.330,0.487,0.179,0.005,0.000,0.222,0.441,0.277,0.100,0.892,1.318,0.642,0.105,0.002,0.229,0.485,0.248,0.037,0.001,0.000,0.000,0.000,0.000,0.000,0.000,0.000,0.000,0.000,0.000,0.000,0.000,0.000,0.000,0.000,0.000,0.000,0.000,1.000
459,-5.182,-3.396,1.000,0.097,0.903,0.000,0.000,1.657,2.960,1.474,1.719,1.297,2.354,0.647,0.667,1.942,3.396,2.867,4.147,8.074,4.707,5.658,5.569,7.648,4.817,5.381,7.006,7.759,9.880,9.674,10.448,18.242,15.170,28.225,35.927,28.154,28.284,35.217,48.186,50.026,58.761,54.879,74.537,87.453,110.257,104.330,107.599,141.202,168.679,205.325,213.837,261.165,286.524,320.573,360.866,468.430,521.550,617.112,727.818,800.957,947.774,1106.497,1261.011,1425.331,1705.699,1923.330,2196.955,2473.044,2806.235,3166.506,3654.360,4135.216,4584.946,5135.757,5726.911,6483.933,7413.027,8406.297,9546.881,10547.014,11689.510,13316.172,15124.592,16977.277,19097.818,21468.738,24032.480,26712.355,29636.098,31936.141,34387.453,35934.492,37165.516,37709.246,37878.047,38253.195,38301.973,38193.684,38585.469,38827.609,39583.703,41098.000,42158.555,43532.570,44953.898,45987.957,46638.266,47411.551,47124.633,47081.836,47349.922,46422.039,45936.031,45251.883,44580.949,42977.051,41464.266,39423.500,37313.742,35209.258,33294.508,31347.070,30050.320,29168.000,28188.605,27640.102,27291.098,26638.031,26289.662,25613.494,24846.518,23972.582,23112.926,22208.029,21318.688,20604.279,19754.195,19060.363,18183.775,17473.840,16631.426,16012.242,15059.885,14065.010,13330.291,12762.758,12046.191,11301.006,10661.100,10080.855,9437.461,8880.185,8235.998,7770.624,7265.900,6654.983,6302.506,5867.029,5514.344,5032.085,4698.087,4370.041,4120.403,3673.870,3507.176,3430.533,3191.124,2797.175,2571.957,2372.452,2138.596,1943.889,1767.459,1641.265,1539.349,1393.495,1230.873,1080.736,994.785,912.454,793.524,727.789,703.159,603.899,544.384,479.192,449.142,400.255,362.758,324.634,278.179,275.237,246.586,204.930,195.517,147.562,158.419,132.334,117.702,112.521,94.783,90.813,74.240,68.462,57.886,40.864,42.763,33.804,46.513,31.653,34.345,24.841,24.889,23.416,19.327,16.925,14.634,15.635,14.988,14.795,13.832,13.821,10.777,10.948,9.050,10.275,10.235,2.073,3.143,3.319,5.632,5.667,4.569,3.422,2.797,2.285,1.533,2.960,1.260,1.969,2.696,0.984,1.264,1.966,0.231,0.795,1.213,0.000,1.000,0.000,0.000,0.000,0.000,0.000,0.000,0.000,1.000,1.000
460,0.003,0.108,168.952,834.846,2081.418,4036.607,6237.836,8138.417,10629.672,13453.560,15893.692,16871.555,16688.285,15700.526,14005.656,12129.396,10132.021,8431.496,7124.117,6020.096,5214.595,4383.750,3888.758,3376.876,2913.550,2582.091,2319.229,1993.102,1775.334,1605.250,1442.161,1317.534,1221.329,1075.985,976.725,941.951,842.245,763.543,696.369,616.471,565.568,553.290,495.089,444.596,410.616,371.285,333.567,312.680,288.197,283.564,254.484,228.997,209.754,190.593,180.513,173.715,163.140,150.777,145.367,128.088,109.723,103.945,103.004,95.927,85.858,87.316,67.969,71.573,67.880,61.453,45.884,49.761,48.407,46.567,41.790,36.989,29.595,33.058,28.874,31.503,22.800,20.465,24.380,19.343,25.875,18.058,16.827,11.166,8.016,10.429,9.667,7.481,7.924,5.440,6.984,6.448,5.598,7.577,5.407,5.002,6.686,5.588,6.510,4.517,5.078,3.491,1.287,3.608,2.576,4.304,2.515,3.366,2.672,2.118,2.372,2.214,2.577,1.821,1.575,4.305,2.977,0.843,0.738,1.490,0.751,0.727,1.619,0.514,0.269,0.585,1.082,0.950,0.243,0.205,0.511,1.906,1.148,0.540,2.032,0.806,0.674,0.183,0.764,0.232,0.019,0.220,0.563,0.193,0.023,0.001,0.000,0.000,0.000,0.000,0.000,0.776,0.209,0.015,0.000,0.000,0.000,0.000,0.000,0.000,0.000,0.327,0.549,0.117,0.007,0.000,0.000,0.000,0.000,0.000,0.000,0.872,0.949,0.170,0.833,0.167,0.009,0.000,0.000,0.000,0.000,0.000,0.000,0.000,0.000,0.000,0.849,0.144,0.006,0.000,0.000,0.000,0.000,0.000,0.000,0.000,0.000,0.000,0.000,0.000,0.000,0.000,0.000,0.000,0.000,0.000,0.000,0.000,0.000,0.000,0.000,0.000,0.000,0.000,0.000,0.000,0.000,0.000,0.000,0.000,0.000,0.000,0.000,0.000,0.000,0.000,0.000,0.000,0.000,0.000,0.000,0.000,0.000,0.000,0.000,0.000,0.000,0.000,0.000,0.000,0.000,0.000,0.000,0.000,0.000,0.000,0.000,0.000,0.000,0.000,0.000,0.000,0.000,1.000
461,-5.182,0.108,2.000,1.000,7.365,3.356,5.038,14.350,17.821,15.263,24.182,33.603,76.582,85.314,140.325,197.317,320.404,443.643,735.908,1012.247,1661.410,2580.774,3908.645,5937.085,8573.939,12438.526,17534.055,25361.773,35584.297,50800.570,70941.016,93511.930,108373.281,112932.836,114460.375,120647.133,131476.391,138523.953,138967.594,134086.062,124388.656,107335.812,92108.930,83323.805,78492.172,72389.422,65022.332,57822.914,50986.363,44191.984,37296.066,31503.805,26006.480,21405.121,17484.822,13960.794,11243.949,9346.297,7107.171,5428.279,4171.073,3083.309,2250.866,1684.093,1238.688,920.571,668.163,468.756,340.353,245.335,158.638,115.017,92.829,60.382,46.986,42.838,35.279,27.733,8.211,16.361,8.775,6.697,4.940,2.864,2.065,1.048,0.000,1.000,1.000,0.000,0.000,0.000,0.000,0.000,0.000,0.000,0.000,0.000,0.000,0.000,0.000,0.000,0.000,0.000,0.000,0.000,0.000,0.000,0.000,0.000,0.000,0.000,0.000,0.000,0.000,0.000,0.000,0.000,0.000,0.000,0.000,0.000,0.000,0.000,0.000,0.000,0.000,0.000,0.000,0.000,0.000,0.000,0.000,0.000,0.000,0.000,0.000,0.000,0.000,0.000,0.000,0.000,0.000,0.000,0.000,0.000,0.000,0.000,0.000,0.000,0.000,0.000,0.000,0.000,0.000,0.000,0.000,0.000,0.000,0.000,0.000,0.000,0.000,0.000,0.000,0.000,0.000,0.000,0.000,0.000,0.000,0.000,0.000,0.000,0.000,0.000,0.000,0.000,0.000,0.000,0.000,0.000,0.000,0.000,0.000,0.000,0.000,0.000,0.000,0.000,0.000,0.000,0.000,0.000,0.000,0.000,0.000,0.000,0.000,0.000,0.000,0.000,0.000,0.000,0.000,0.000,0.000,0.000,0.000,0.000,0.000,0.000,0.000,0.000,0.000,0.000,0.000,0.000,0.000,0.000,0.000,0.000,0.000,0.000,0.000,0.000,0.000,0.000,0.000,0.000,0.000,0.000,0.000,0.000,0.000,0.000,0.000,0.000,0.000,0.000,0.000,0.000,0.000,0.000,0.000,0.000,0.000,0.014,0.616,26.058,456.447,7650.352,43845.789,149120.438,13911.486,940.966,46.820,1.000
462,-5.182,0.108,2.000,1.000,7.365,3.356,5.038,14.350,17.821,15.263,24.182,33.603,76.582,85.314,140.325,197.317,320.404,443.643,735.908,1012.247,1661.410,2580.774,3908.645,5937.085,8573.939,12438.526,17534.055,25361.773,35584.297,50800.570,70941.016,93511.930,108373.281,112932.836,114460.375,120647.133,131476.391,138523.953,138967.594,134086.062,124388.656,107335.812,92108.930,83323.805,78492.172,72389.422,65022.332,57822.914,50986.363,44191.984,37296.066,31503.805,26006.480,21405.121,17484.822,13960.794,11243.949,9346.297,7107.171,5428.279,4171.073,3083.309,2250.866,1684.093,1238.688,920.571,668.163,468.756,340.353,245.335,158.638,115.017,92.829,60.382,46.986,42.838,35.279,27.733,8.211,16.361,8.775,6.697,4.940,2.864,2.065,1.048,0.000,1.000,1.000,0.000,0.000,0.000,0.000,0.000,0.000,0.000,0.000,0.000,0.000,0.000,0.000,0.000,0.000,0.000,0.000,0.000,0.000,0.000,0.000,0.000,0.000,0.000,0.000,0.000,0.000,0.000,0.000,0.000,0.000,0.000,0.000,0.000,0.000,0.000,0.000,0.000,0.000,0.000,0.000,0.000,0.000,0.000,0.000,0.000,0.000,0.000,0.000,0.000,0.000,0.000,0.000,0.000,0.000,0.000,0.000,0.000,0.000,0.000,0.000,0.000,0.000,0.000,0.000,0.000,0.000,0.000,0.000,0.000,0.000,0.000,0.000,0.000,0.000,0.000,0.000,0.000,0.000,0.000,0.000,0.000,0.000,0.000,0.000,0.000,0.000,0.000,0.000,0.000,0.000,0.000,0.000,0.000,0.000,0.000,0.000,0.000,0.000,0.000,0.000,0.000,0.000,0.000,0.000,0.000,0.000,0.000,0.000,0.000,0.000,0.000,0.000,0.000,0.000,0.000,0.000,0.000,0.000,0.000,0.000,0.000,0.000,0.000,0.000,0.000,0.000,0.000,0.000,0.000,0.000,0.000,0.000,0.000,0.000,0.000,0.000,0.000,0.000,0.000,0.000,0.000,0.000,0.000,0.000,0.000,0.000,0.000,0.000,0.000,0.000,0.000,0.000,0.000,0.000,0.000,0.000,0.000,0.000,0.014,0.616,26.058,456.447,7650.352,43845.789,149120.438,13911.486,940.966,46.820,1.000
463,-5.182,0.108,2.000,1.000,7.365,3.356,5.038,14.350,17.821,15.263,24.182,33.603,76.582,85.314,140.325,197.317,320.404,443.643,735.908,1012.247,1661.410,2580.774,3908.645,5937.085,8573.939,12438.526,17534.055,25361.773,35584.297,50800.570,70941.016,93511.930,108373.281,112932.836,114460.375,120647.133,131476.391,138523.953,138967.594,134086.062,124388.656,107335.812,92108.930,83323.805,78492.172,72389.422,65022.332,57822.914,50986.363,44191.984,37296.066,31503.805,26006.480,21405.121,17484.822,13960.794,11243.949,9346.297,7107.171,5428.279,4171.073,3083.309,2250.866,1684.093,1238.688,920.571,668.163,468.756,340.353,245.335,158.638,115.017,92.829,60.382,46.986,42.838,35.279,27.733,8.211,16.361,8.775,6.697,4.940,2.864,2.065,1.048,0.000,1.000,1.000,0.000,0.000,0.000,0.000,0.000,0.000,0.000,0.000,0.000,0.000,0.000,0.000,0.000,0.000,0.000,0.000,0.000,0.000,0.000,0.000,0.000,0.000,0.000,0.000,0.000,0.000,0.000,0.000,0.000,0.000,0.000,0.000,0.000,0.000,0.000,0.000,0.000,0.000,0.000,0.000,0.000,0.000,0.000,0.000,0.000,0.000,0.000,0.000,0.000,0.000,0.000,0.000,0.000,0.000,0.000,0.000,0.000,0.000,0.000,0.000,0.000,0.000,0.000,0.000,0.000,0.000,0.000,0.000,0.000,0.000,0.000,0.000,0.000,0.000,0.000,0.000,0.000,0.000,0.000,0.000,0.000,0.000,0.000,0.000,0.000,0.000,0.000,0.000,0.000,0.000,0.000,0.000,0.000,0.000,0.000,0.000,0.000,0.000,0.000,0.000,0.000,0.000,0.000,0.000,0.000,0.000,0.000,0.000,0.000,0.000,0.000,0.000,0.000,0.000,0.000,0.000,0.000,0.000,0.000,0.000,0.000,0.000,0.000,0.000,0.000,0.000,0.000,0.000,0.000,0.000,0.000,0.000,0.000,0.000,0.000,0.000,0.000,0.000,0.000,0.000,0.000,0.000,0.000,0.000,0.000,0.000,0.000,0.000,0.000,0.000,0.000,0.000,0.000,0.000,0.000,0.000,0.000,0.000,0.014,0.616,26.058,456.447,7650.352,43845.789,149120.438,13911.486,940.966,46.820,1.000
464,-11.426,3.685,1.000,0.000,0.000,0.000,0.000,1.000,0.000,0.000,0.000,0.000,0.000,0.000,0.074,1.053,0.873,0.000,0.000,1.000,0.000,0.000,0.999,1.020,0.601,2.105,1.016,0.259,0.819,2.181,2.092,4.805,1.166,2.140,2.410,1.474,1.354,4.402,4.116,5.330,5.000,3.386,4.810,4.683,4.917,3.408,6.341,10.125,11.154,10.488,11.208,22.438,14.202,31.168,39.756,29.809,44.083,34.010,54.843,64.874,65.612,84.246,96.725,130.406,154.594,168.094,186.824,203.815,237.147,261.448,264.873,272.310,315.260,398.968,548.638,751.471,1030.473,1344.242,1681.760,1965.802,2294.407,2537.665,2717.496,2811.885,2558.352,2237.153,2034.729,1963.230,1788.588,1899.124,1908.362,1963.757,2015.536,2203.818,2372.127,2396.174,2542.939,2929.146,3587.867,4396.821,5267.476,6251.809,7212.585,7688.450,7516.343,6733.808,5998.081,6135.728,7312.835,10846.115,17736.355,25920.801,28869.422,30291.059,33601.027,46824.008,87455.117,189098.109,305187.219,371661.406,399552.062,338849.625,257183.375,198451.734,145147.219,102165.383,70759.203,49286.125,32310.482,21032.648,16111.565,11848.732,9136.598,7027.709,5540.358,4485.428,4115.174,3853.596,3551.807,3403.029,3266.367,3155.116,3100.685,2983.569,2978.556,2934.995,3046.916,3023.915,2899.468,2648.314,2470.261,2161.745,1957.751,1730.327,1483.249,1346.776,1263.317,1099.724,1009.234,926.128,856.461,770.802,716.033,662.604,569.059,580.389,562.341,558.483,520.017,569.050,585.138,616.111,703.915,792.912,790.614,853.016,865.915,907.244,935.568,979.486,979.345,1011.277,1064.526,1053.919,982.949,912.627,947.514,981.757,880.134,735.925,624.544,519.053,414.284,331.124,3270.995,191879.094,81991.031,3422.353,584.246,398.816,304.841,268.331,242.881,221.467,245.895,261.254,275.765,309.651,336.972,325.870,309.988,190.525,36.051,6.086,5.120,7.157,6.837,11.218,5.079,6.878,7.338,5.145,2.251,0.357,1.787,1.553,2.868,0.423,0.496,2.618,3.105,2.757,3.758,2.139,2.684,1.322,0.132,3.000,2.676,2.324,0.000,0.149,0.851,0.255,2.053,1.692,0.000,0.000,0.000,0.000,0.000,0.000,0.000,0.000,0.000,0.000,0.000,1.000
465,-11.426,3.685,1.000,0.000,0.000,0.000,0.000,1.000,0.000,0.000,0.000,0.000,0.000,0.000,0.074,1.053,0.873,0.000,0.000,1.000,0.000,0.000,0.999,1.020,0.601,2.105,1.016,0.259,0.819,2.181,2.092,4.805,1.166,2.140,2.410,1.474,1.354,4.402,4.116,5.330,5.000,3.386,4.810,4.683,4.917,3.408,6.341,10.125,11.154,10.488,11.208,22.438,14.202,31.168,39.756,29.809,44.083,34.010,54.843,64.874,65.612,84.246,96.725,130.406,154.594,168.094,186.824,203.815,237.147,261.448,264.873,272.310,315.260,398.968,548.638,751.471,1030.473,1344.242,1681.760,1965.802,2294.407,2537.665,2717.496,2811.885,2558.352,2237.153,2034.729,1963.230,1788.588,1899.124,1908.362,1963.757,2015.536,2203.818,2372.127,2396.174,2542.939,2929.146,3587.867,4396.821,5267.476,6251.809,7212.585,7688.450,7516.343,6733.808,5998.081,6135.728,7312.835,10846.115,17736.355,25920.801,28869.422,30291.059,33601.027,46824.008,87455.117,189098.109,305187.219,371661.406,399552.062,338849.625,257183.375,198451.734,145147.219,102165.383,70759.203,49286.125,32310.482,21032.648,16111.565,11848.732,9136.598,7027.709,5540.358,4485.428,4115.174,3853.596,3551.807,3403.029,3266.367,3155.116,3100.685,2983.569,2978.556,2934.995,3046.916,3023.915,2899.468,2648.314,2470.261,2161.745,1957.751,1730.327,1483.249,1346.776,1263.317,1099.724,1009.234,926.128,856.461,770.802,716.033,662.604,569.059,580.389,562.341,558.483,520.017,569.050,585.138,616.111,703.915,792.912,790.614,853.016,865.915,907.244,935.568,979.486,979.345,1011.277,1064.526,1053.919,982.949,912.627,947.514,981.757,880.134,735.925,624.544,519.053,414.284,331.124,3270.995,191879.094,81991.031,3422.353,584.246,398.816,304.841,268.331,242.881,221.467,245.895,261.254,275.765,309.651,336.972,325.870,309.988,190.525,36.051,6.086,5.120,7.157,6.837,11.218,5.079,6.878,7.338,5.145,2.251,0.357,1.787,1.553,2.868,0.423,0.496,2.618,3.105,2.757,3.758,2.139,2.684,1.322,0.132,3.000,2.676,2.324,0.000,0.149,0.851,0.255,2.053,1.692,0.000,0.000,0.000,0.000,0.000,0.000,0.000,0.000,0.000,0.000,0.000,1.000
